1721, 1149 1253 2247 5734 7815
1265, 7477 14143 14585 17215 22511
15160, 8496 16646 18117 23049 26605
7966, 424 537 6456 17597 17665
3118, 3216 4105 7150 12384 14572
10578, 252 6782 9422 10231 21739
12120, 3031 5819 6552 7930 9350
6000, 2049 2578 6111 19529 25363
12757, 2696 4244 16356 18200 21406
3027, 7815 8939 14532 17585 21717
8197, 2234 2911 3223 6839 21197
1372, 3664 6259 11013 18110 25068
8184, 3594 4783 4896 7498 9300
14118, 1289 2070 5578 5885 6595
7965, 39 269 553 1076 2041
9164, 846 2578 6727 10491 12454
5954, 876 15743 21099 21943 25830
14512, 8426 13016 14357 16271 16425
10176, 3092 5652 7972 8149 17769
820, 1732 1759 4925 6454 7966
533, 9630 10016 27335 27660 29502
2128, 257 314 344 551 1162
12407, 4605 6343 6627 8810 9178
11263, 358 4652 12997 22347 27586
7899, 2143 12102 16345 16687 20255
2772, 345 420 1289 2627 3077
14260, 5293 8848 15165 16716 20941
11788, 2708 13094 14705 16256 20699
9244, 4532 11512 13502 15737 35317
14181, 2049 9913 17813 19801 27402
5002, 10469 14537 15593 18217 19991
4665, 4247 4814 7498 8447 9831
3452, 6623 7614 8555 13249 13385
7918, 48 1149 1447 2090 2339
8542, 1304 1745 2151 2522 3246
11237, 6791 17587 26138 28341 28514
14662, 279 626 987 2143 2320
5304, 3414 10010 11862 13323 13368
8676, 1203 12102 18260 24195 26769
3950, 6014 6128 8666 21717 25500
4900, 418 2068 8519 11731 35092
4460, 1436 9913 27206 28030 29485
14126, 4698 11261 13820 17696 20964
5142, 1146 1677 9585 10787 11494
9431, 747 5031 6798 19764 20750
8013, 3318 3328 4894 6276 6566
14085, 1289 1547 2755 6440 10645
6390, 3457 8233 9893 24894 29947
5903, 2516 3186 13625 15250 15662
5524, 3431 5149 6319 9415 10158
9050, 559 4173 4546 6482 7001
12583, 7260 8426 11081 11252 21912
2562, 2578 4228 4410 6461 8606
4671, 473 774 970 1053 1073
11641, 2143 4605 5578 8013 9420
13274, 5111 6476 9052 13069 19478
9059, 4955 5575 15732 18170 23089
11626, 553 1498 3857 4543 13711
6357, 131 689 848 1124 1360
13470, 1397 7279 7370 10082 10452
5541, 1246 5957 17590 24668 30061
5071, 562 3937 7368 8519 8796
84, 876 893 3983 4208 4508
7753, 7481 7811 12997 13886 14599
1072, 3898 4626 11109 13067 13574
14053, 9074 13275 16367 19013 21912
10228, 9135 9684 12264 12897 14669
9898, 912 5785 6784 7292 7296
11855, 871 1083 1543 3902 4416
4442, 1148 1746 3006 7840 8231
2204, 2244 10133 18415 22594 25464
10442, 1190 5900 11505 12102 18243
2124, 5184 6627 7380 9420 10098
12482, 10200 21081 24327 25722 29692
11527, 228 377 476 1392 1678
2978, 5536 7355 14140 19313 26248
10566, 639 4394 5137 7501 8092
4071, 3456 8013 9487 9644 13198
13798, 9226 15894 16207 19242 24092
1463, 6853 8599 12019 12222 14949
3361, 912 6829 11366 11617 20262
4393, 3661 3841 19861 27741 28199
4304, 8872 10317 14358 14702 15142
1533, 1378 1795 2163 2425 4708
2213, 4708 7056 8426 9052 11012
197, 1138 2697 8573 10200 12997
1670, 942 2041 6637 14533 14616
5537, 877 4514 5957 6478 7828
11072, 3826 14932 19632 20620 22850
2174, 1461 1977 3249 5809 5898
5988, 1124 1577 3366 7108 7264
5872, 1447 2227 5993 7579 11631
2839, 13451 27562 29570 29736 33603
4978, 269 6391 7933 12338 14599
14276, 5128 12102 14771 21945 26454
7483, 706 2108 3983 14785 19156
3452, 6623 7614 8555 13249 13385
3463, 366 2464 8962 10452 30019
14152, 1785 2576 5013 13400 26754
2899, 19843 28203 32479 33173 34774
4197, 4228 5589 6363 8752 9420
846, 2580 3209 3367 3667 5408
9379, 2401 3662 3881 15593 19897
6038, 149 6547 7342 13726 14669
12860, 464 535 1289 3431 6130
12091, 8205 8519 14899 18427 21913
12220, 2898 3474 6343 8599 16753
7752, 8420 8907 13657 26649 32943
3168, 963 1397 2321 4394 6237
10344, 531 534 562 1053 2068
7416, 2219 4015 6511 6595 6841
4280, 5248 9074 16425 26325 28964
4742, 2898 5292 6482 11891 12007
15252, 75 867 2712 3670 5349
4025, 6301 10365 17150 18206 21352
9178, 1904 2290 2490 2836 6522
12821, 1977 5572 6773 9567 21304
824, 366 3922 4485 14299 26594
4669, 3283 4515 4722 6003 10551
6530, 8108 8117 9341 9803 17791
14925, 344 1258 2164 2575 2844
13598, 2049 8759 11366 17389 23949
4970, 473 1841 3835 3974 4173
6829, 17212 26350 28123 28753 34403
149, 4295 10488 11708 15973 23956
6415, 8759 10672 13782 20262 27502
2959, 689 2566 3717 3974 4105
13161, 213 2925 4681 8501 8536
4958, 269 5658 6708 8519 10307
6773, 1460 8156 13367 15469 16818
14350, 4596 6496 8137 14229 21117
889, 2953 6083 19243 19926 22288
6888, 1686 1904 2143 2569 4327
10674, 225 956 2267 3102 6769
8770, 5138 9693 10850 12384 18168
1498, 5038 12222 13001 16653 18256
13299, 3985 4737 8170 11385 16850
14790, 2049 2561 5227 11922 14532
6072, 145 434 807 1106 1109
5304, 3414 10010 11862 13323 13368
1083, 1617 8368 10261 11012 24372
12216, 752 1037 5002 6879 9380
11685, 11677 14835 17762 19564 23710
13762, 8233 9607 17676 21765 33475
13147, 551 3661 7984 8297 19426
13798, 9226 15894 16207 19242 24092
3053, 10665 15743 16367 18973 24608
13121, 252 1001 2870 3403 4310
12721, 4475 7759 7876 9577 12997
330, 1977 5360 7147 11624 11648
7442, 1933 3070 5729 15119 16945
15353, 1574 1617 7086 8939 9289
7240, 2049 2578 14988 16825 19931
9860, 52 1024 1388 1603 1904
13817, 2234 8549 10059 13726 16571
10248, 9613 10758 17266 22172 24813
2915, 3192 3436 4993 6743 8442
14404, 12 2339 2561 3841 5850
6452, 4020 11403 12354 13726 17607
8405, 2522 4020 14372 14651 18170
10748, 2192 4423 8274 11486 13237
5974, 269 1153 1306 1447 2447
1055, 3077 19907 20484 22776 23211
14765, 1730 1977 3527 4796 5279
6872, 8295 13533 19107 21601 22869
4248, 7064 7705 8665 13988 16577
3968, 1442 2320 4859 12933 18826
4054, 12492 20048 20255 34633 36645
1498, 5038 12222 13001 16653 18256
7913, 104 1074 1258 1304 2453
2798, 1074 5389 7753 12305 13947
5524, 3431 5149 6319 9415 10158
6827, 353 963 1289 1617 1652
5761, 10962 12354 13367 19725 19891
206, 2712 3216 3527 16687 24479
10394, 14372 15672 19913 30137 35600
13823, 12271 12851 14553 16425 27343
13758, 13373 21798 27040 27943 32479
7902, 1289 1732 1836 16272 17150
8052, 5884 7903 9420 14351 26020
5141, 5482 6050 6587 8941 9474
6510, 3869 6442 7592 9052 14414
5872, 1447 2227 5993 7579 11631
2155, 4280 5747 6773 8205 9893
13156, 9667 11558 12607 15102 29778
7315, 4137 7771 8035 8599 9116
12483, 349 7438 11499 21570 22341
7534, 1524 7541 10465 14573 20803
11799, 7101 20635 22109 23119 29464
6847, 11673 14351 14636 16790 18891
2717, 3841 6301 10059 17644 26951
8035, 2309 3841 4814 10548 12292
1291, 9302 20650 20818 26578 32680
14194, 1977 2623 3759 7318 7966
3186, 7022 8094 13061 13728 27559
3906, 3 259 347 541 667
11686, 603 1617 1853 3007 3584
9379, 2401 3662 3881 15593 19897
12769, 1619 4199 4525 9770 10082
7416, 2219 4015 6511 6595 6841
197, 1138 2697 8573 10200 12997
7078, 7597 15213 27241 30453 30898
13424, 5261 5729 11579 16491 17246
10290, 5527 6552 6892 7585 8768
9656, 5971 6042 8499 9831 10125
4742, 2898 5292 6482 11891 12007
12531, 269 942 1781 5425 7886
8770, 5138 9693 10850 12384 18168
9365, 3103 3242 8394 22976 23217
7306, 133 2578 6461 9404 9415
11392, 194 1074 2569 3216 3366
5738, 4731 7811 13368 15086 25876
12666, 1853 4785 5489 6102 7829
7615, 5149 6446 8297 8504 9354
6592, 2743 15917 21216 24547 25730
11795, 2836 7498 11631 16825 17856
14287, 68 5225 6798 20985 27000
3446, 1430 4360 6237 6954 8658
5537, 877 4514 5957 6478 7828
11917, 11366 12384 20011 21913 23030
13051, 2090 10301 12606 13390 13491
12444, 528 658 3176 8229 8931
10539, 13726 15292 19847 27923 31515
13195, 4 2187 6502 10546 11259
1844, 562 1814 14101 14839 15469
1039, 4556 9646 11141 16111 21167
2548, 1617 1853 1969 2227 2336
7947, 4328 5527 7259 7704 7811
783, 4925 8472 12431 16339 33030
13151, 1489 2290 4402 5096 7771
11771, 14319 19565 21108 26473 31239
4134, 7370 13707 16653 16766 25444
13717, 4785 6893 8156 17815 18484
9475, 1209 3972 5352 8752 8877
4926, 372 579 628 689 1447
4165, 779 10173 18099 19748 25758
3564, 963 4685 5951 12441 13401
14431, 2222 2234 2370 2971 7036
7427, 350 3865 6122 7273 21216
1123, 17389 20262 21263 22850 28966
4222, 5227 8156 8555 9577 9894
6419, 306 2709 16677 20569 28590
13243, 2108 4787 6461 14644 14839
4668, 2844 2911 3431 4833 5050
11461, 8521 11594 14705 16257 26923
3668, 7567 12450 14094 24392 28052
8697, 3078 8184 11526 12368 13119
10763, 110 770 3407 9645 12007
7580, 3006 5899 7274 7869 12443
549, 1074 1485 3220 3419 6826
14260, 5293 8848 15165 16716 20941
10664, 5655 6951 8541 11624 13148
11241, 1447 2164 5578 6132 6699
7416, 2219 4015 6511 6595 6841
10509, 5292 6821 11259 19072 22328
149, 4295 10488 11708 15973 23956
8246, 100 14174 14506 23569 34429
7240, 2049 2578 14988 16825 19931
4911, 6 6237 11290 14811 21364
687, 91 909 3768 3974 5677
5873, 1448 7815 8959 14020 17782
5650, 1447 7274 8717 9607 10082
12419, 958 10497 12912 19502 36104
1782, 1841 4138 5198 5677 7280
1325, 2566 7353 8999 14960 16510
7557, 2496 2929 4430 10957 14842
13907, 4896 11082 11259 18684 20620
486, 1729 2522 6461 12354 12695
14009, 883 909 3853 9366 9730
2701, 535 2050 2108 2522 3623
9178, 1904 2290 2490 2836 6522
4353, 2818 5352 6343 8752 10402
12833, 76 2247 8027 9052 16345
12119, 2049 3456 9576 9913 23081
7239, 2320 3341 7438 17607 20950
2155, 4280 5747 6773 8205 9893
12259, 3704 6561 6627 11259 11366
10659, 17540 22613 26092 28216 31612
2995, 1480 2459 3307 6446 7824
2354, 6343 6646 10568 19637 24918
1051, 2108 25286 25629 31633 32308
1674, 3165 3380 3564 3985 4266
13977, 180 3764 4752 5827 7659
8941, 5293 17657 17748 20620 26201
13492, 1360 1569 2041 9669 12697
11735, 8472 11147 13142 15593 19156
12762, 5250 10528 11897 12228 15724
12839, 1289 1436 1502 2440 2783
10040, 100 10047 11329 15280 24758
9534, 2049 2227 23949 25421 25938
834, 473 3674 6837 7903 28199
2965, 6703 7674 7733 9098 11631
3647, 194 473 1498 2447 2836
12004, 8013 12997 17936 18178 23089
4736, 853 2090 4348 4419 4485
7369, 228 1141 6262 7407 8599
908, 3759 8205 10583 26577 31526
12991, 5945 7481 7903 10446 11264
13212, 4228 8839 11758 19854 24930
12369, 76 419 758 927 1259
335, 612 3946 14828 22932 26836
3652, 1216 4115 6429 7582 7672
9761, 5900 11708 12944 15037 17260
3951, 8519 9476 14734 17207 17529
6041, 839 1205 5682 8367 9180
5111, 986 2870 3285 4489 6871
11837, 722 3103 4019 8420 8519
4430, 5890 13625 15636 20389 26305
13044, 7031 12222 12564 13451 17748
9160, 1076 2227 4039 6592 13373
6634, 2578 6699 9920 13323 19785
11890, 54 526 3066 6241 8519
4563, 1500 11399 24719 27157 29763
8538, 184 2623 11327 17011 17756
5066, 5292 9730 17187 20621 24495
11862, 1912 4441 7785 9134 12372
8671, 2041 2464 9324 9575 10568
14313, 3765 7392 9735 16272 17982
633, 1438 6038 8134 17529 17597
1113, 5858 6343 6530 6855 8297
9608, 628 1489 5589 7415 8043
4847, 9913 10193 12320 14767 17328
2238, 353 2580 4041 4154 4228
12769, 1619 4199 4525 9770 10082
11894, 6743 14171 20400 25304 28862
4141, 876 1076 2522 2911 8035
11867, 6595 6627 7597 7704 8156
2627, 2338 3523 8720 16949 18566
14167, 10446 22813 23516 31992 35381
4970, 473 1841 3835 3974 4173
4471, 1832 6516 8873 11261 11914
13153, 775 6132 6595 9420 23756
780, 392 395 3007 3826 6112
13747, 909 1304 1617 2453 2623
5798, 551 6997 14001 14414 14647
13000, 129 1064 1306 2642 3077
8228, 146 326 1442 1810 2050
9442, 2711 3958 17205 34078 34739
7427, 350 3865 6122 7273 21216
13940, 1447 4327 7086 18170 21505
10885, 1258 1360 7597 13390 15119
14589, 8297 8875 25642 27464 32301
14717, 8394 15280 27569 32888 34567
5029, 1447 7287 8035 12354 19332
3385, 10193 15758 17529 21304 23598
10249, 6618 8859 23087 25355 28198
7003, 3456 12866 17494 17676 18200
14340, 5591 7280 12267 14932 23756
8402, 579 6876 11259 32916 33574
477, 107 562 718 1009 1725
4027, 2708 3292 3366 9098 10798
14523, 358 960 1447 1762 2108
9014, 15973 17782 22803 25363 30173
2211, 344 722 2247 2623 5292
10027, 7342 23481 23589 26349 27132
5102, 600 9349 9942 14762 16142
9390, 3853 10741 10796 13301 17383
11138, 1304 3156 7421 7937 7948
3519, 5612 8504 10262 11758 13305
957, 2364 9552 10085 16426 21825
13696, 883 4467 6570 8472 10625
1876, 3985 13367 17387 17597 17821
4386, 52 184 344 579 636
12249, 4173 5408 13711 15482 22335
9279, 1964 11579 14988 15471 22028
9876, 1286 1544 6386 11987 13630
7736, 11528 14535 17878 25304 29664
8862, 1421 22232 27512 29851 31366
11761, 848 5485 7037 7597 11724
6414, 269 1221 3006 10246 11081
6674, 186 711 1107 1150 1711
6419, 306 2709 16677 20569 28590
4319, 9130 12229 13489 17256 19093
5425, 1053 2912 3295 3539 4301
1517, 49 3972 9012 9607 24519
7098, 1289 2561 5352 6423 6879
7866, 7555 8716 14129 30019 31830
9175, 4976 6442 22604 26458 33879
2682, 1080 1153 2070 2597 4800
6598, 551 1219 7967 8751 21245
15197, 3704 8284 9607 12019 15280
8419, 512 2766 4015 4696 7930
4620, 3665 8096 9855 14738 15469
671, 4020 6111 6821 18116 26951
7310, 551 775 3302 6314 6782
8989, 3476 7033 7880 20215 30541
4165, 779 10173 18099 19748 25758
13826, 3431 8752 14854 15082 16544
10205, 551 5138 7481 8156 9607
11019, 6405 7635 7734 10625 12398
10469, 52 309 2041 2049 8035
11223, 4652 6461 9415 11237 18025
4684, 228 1873 1977 2522 2523
2270, 711 2300 2390 6580 7253
12162, 2578 4223 6461 6552 8134
5508, 4504 4833 6405 15826 28704
7748, 4922 16818 17723 18790 28814
6433, 1430 2580 2911 6237 9243
13420, 3515 5002 6193 6531 8338
4185, 3366 6703 15293 19642 23638
11494, 197 1008 1378 1411 2228
1072, 3898 4626 11109 13067 13574
13270, 2623 27322 28641 29389 29736
13309, 3704 6363 10097 14767 17207
7606, 14212 16716 17445 23507 30261
7790, 6637 11264 13011 19478 23684
2053, 759 1185 1289 2053 14537
1397, 1729 14154 14174 14351 16666
2375, 3611 10040 10627 14530 21482
9512, 669 740 845 2304 2567
12574, 1397 2623 5225 9040 10059
1035, 2712 10935 14734 27132 28199
5940, 2623 13367 15732 19022 23188
6469, 4 445 722 1289 1900
425, 3841 10059 10415 18881 19101
4925, 3435 5233 5763 6044 10200
9252, 535 983 1145 4394 26500
6654, 3456 6454 7130 13054 14076
6133, 2953 4605 5575 6152 6442
4646, 11558 13035 14381 14636 26084
14437, 5137 5224 7107 12695 13507
7752, 8420 8907 13657 26649 32943
9229, 445 3431 3681 4262 6865
791, 1033 4626 10705 16103 18512
11919, 7759 9861 15086 17815 25694
15218, 497 3366 4187 7432 10798
9648, 2554 3564 4038 5525 6436
5141, 5482 6050 6587 8941 9474
10442, 1190 5900 11505 12102 18243
1072, 3898 4626 11109 13067 13574
6923, 3527 4819 4895 5767 6821
1174, 3453 4104 7603 9944 15419
9280, 1053 3704 4922 7498 15253
4009, 1447 6262 6773 19020 25568
5002, 10469 14537 15593 18217 19991
10460, 1397 3704 5292 5361 7585
11545, 994 10971 26534 30419 34926
7122, 5834 8758 11581 12806 16830
1625, 775 3841 8235 18178 21765
13309, 3704 6363 10097 14767 17207
1083, 1617 8368 10261 11012 24372
7283, 3515 6592 8189 9135 11966
12220, 2898 3474 6343 8599 16753
12496, 4341 4426 4783 6461 9913
4966, 657 3209 4791 7825 16016
6177, 6014 8519 8717 11035 13797
13370, 1447 2049 3662 3920 4406
14231, 6592 7585 9135 11109 17389
8750, 5062 6118 8457 9626 12924
7020, 88 114 516 553 560
2903, 1448 3457 13502 21919 22552
3322, 4605 6627 7597 7903 9894
4813, 604 3216 5292 5360 7759
7072, 1001 1299 1411 8672 11363
2625, 3281 4823 7168 11526 16408
3342, 2003 4525 6069 9119 11133
3594, 4720 8873 14575 14796 16977
5425, 1053 2912 3295 3539 4301
7131, 852 8788 13913 25150 28720
1461, 392 7179 17611 23336 28121
5649, 269 8504 10446 14118 17463
2316, 3751 5010 7922 12313 17606
1572, 626 2463 5073 5226 5599
2915, 3192 3436 4993 6743 8442
8357, 7592 8149 8426 10200 20620
9460, 2731 3759 10452 11398 14174
12206, 3456 6087 7243 8962 12812
2057, 7569 13662 14229 18512 22385
11761, 848 5485 7037 7597 11724
7606, 14212 16716 17445 23507 30261
2122, 269 598 876 7579 17850
2701, 535 2050 2108 2522 3623
2953, 2782 4244 17313 20423 22615
7784, 16802 17408 19164 19713 19799
7542, 7504 16001 28514 30910 31268
11665, 4532 4546 10073 21589 22807
10332, 6773 7402 10511 13061 27502
9229, 445 3431 3681 4262 6865
6650, 2459 4787 7130 10459 11081
8038, 4283 6530 9134 14762 26428
4966, 657 3209 4791 7825 16016
10248, 9613 10758 17266 22172 24813
7003, 3456 12866 17494 17676 18200
7380, 8504 10446 13257 14260 17676
5874, 4496 5541 6130 14169 16386
3561, 4475 15973 16425 17782 24294
5977, 418 2677 3245 4688 5058
14437, 5137 5224 7107 12695 13507
12583, 7260 8426 11081 11252 21912
5028, 3564 7179 7285 14636 17991
8659, 5135 5633 6461 31383 32213
2624, 269 1447 14599 28341 35100
11045, 228 6700 15530 17207 19145
1848, 20255 22075 29654 30131 35300
2053, 759 1185 1289 2053 14537
14810, 3216 5292 12362 15213 16747
13297, 1289 12362 12502 13776 14616
1341, 5578 5691 6337 6595 11557
13206, 6516 8536 17899 18053 23261
15013, 2821 8590 11332 14101 17681
10659, 17540 22613 26092 28216 31612
4174, 18315 20205 21435 24555 24804
11510, 1447 6111 9577 10644 27650
2626, 2442 2585 8599 13360 21037
3361, 912 6829 11366 11617 20262
8699, 5504 6117 6461 10685 11781
11855, 871 1083 1543 3902 4416
4932, 2523 3638 6699 7923 11259
3025, 4859 5575 6699 9765 9893
2212, 7804 8439 12794 13808 20349
1411, 238 302 1068 1468 1778
15007, 1456 3899 4187 9404 11554
10332, 6773 7402 10511 13061 27502
2113, 3674 14599 15678 18237 20048
5363, 12 418 21099 23507 27660
1565, 2151 8549 14351 14629 17380
12535, 3661 13880 14508 24562 26333
4669, 3283 4515 4722 6003 10551
8776, 184 2852 3671 4525 5161
3534, 3004 3006 13061 14336 29081
3845, 5292 5722 9998 12540 24342
2625, 3281 4823 7168 11526 16408
5233, 13284 15530 15599 19478 21296
4244, 370 1456 1977 2532 7415
3736, 316 11694 12422 14367 15980
1055, 3077 19907 20484 22776 23211
11304, 3985 6871 8447 9576 9893
967, 7991 10413 14020 16394 20582
1461, 392 7179 17611 23336 28121
13862, 1510 4373 7101 12599 13697
9014, 15973 17782 22803 25363 30173
11919, 7759 9861 15086 17815 25694
13402, 3456 3499 4976 10200 11012
6310, 7342 10262 16484 18603 27751
8335, 1397 3496 4219 5111 6892
12822, 680 773 1103 1782 1934
10188, 6627 7580 8426 22002 27686
2505, 3871 8461 8959 9185 11699
3425, 3006 11210 11717 15086 19748
11954, 1333 3119 5408 7023 7657
3054, 1192 3951 5644 6204 10927
2340, 1397 2284 2781 4020 7733
10684, 1873 2578 9009 13368 19837
2379, 4788 11872 11879 20171 22408
13924, 1469 4800 5312 21340 25493
6396, 886 6314 8394 22915 25244
9370, 176 4616 4622 4787 5993
6024, 2003 6760 14651 18909 19685
834, 473 3674 6837 7903 28199
2310, 960 7368 8394 10576 11871
5966, 2441 5365 5643 6089 6328
13513, 739 1480 3991 5939 6450
12075, 562 775 876 1574 2417
14451, 3972 6111 7480 7592 7923
10365, 2339 2519 2623 3398 3680
6148, 2236 2792 3216 4441 7179
2340, 1397 2284 2781 4020 7733
3941, 54 215 222 252 277
50, 8549 10059 10546 13502 14264
662, 14747 15396 16694 17235 17380
10089, 5403 7248 8846 14793 16051
3038, 2911 3457 8233 12348 14533
6924, 2578 4785 7342 8810 16787
1, 3527 3864 3920 5248 6111
11832, 7544 8266 9505 16916 18559
5142, 1146 1677 9585 10787 11494
1212, 7342 11042 14669 15973 17781
11738, 2642 5647 8877 10825 11921
7549, 1577 2050 2284 2953 3305
1461, 392 7179 17611 23336 28121
2270, 711 2300 2390 6580 7253
13098, 100 693 775 1321 1904
14007, 3398 20028 23167 24421 28181
10040, 100 10047 11329 15280 24758
11836, 1652 2563 3066 7625 9626
4900, 418 2068 8519 11731 35092
9050, 559 4173 4546 6482 7001
9170, 2580 3431 5279 11781 12897
2294, 873 2424 3456 6405 15732
9876, 1286 1544 6386 11987 13630
2644, 4863 6120 12160 22632 23365
13493, 6542 8284 11787 12270 13069
5711, 75 946 8191 8792 18105
7581, 551 2108 2850 4491 4515
3077, 2682 10514 13367 14498 18576
13305, 6703 13301 21707 21996 22433
6038, 149 6547 7342 13726 14669
2559, 3216 18741 21505 32827 36248
12028, 17463 18629 29707 30821 33194
6026, 7678 8080 23525 23710 28706
13309, 3704 6363 10097 14767 17207
14475, 2320 17380 26346 27135 28587
3409, 52 2578 4652 5945 6343
11735, 8472 11147 13142 15593 19156
2340, 1397 2284 2781 4020 7733
11789, 104 3272 4605 8013 10262
9534, 2049 2227 23949 25421 25938
14798, 743 3813 5806 7658 7827
6321, 1258 2972 6700 8368 18127
7529, 562 626 637 2578 3661
14552, 1133 16959 20956 22473 24224
1159, 3599 14036 19804 20413 21031
2440, 6111 6643 6700 12894 27142
11446, 1576 4234 6428 6829 7617
5529, 573 4234 5184 6699 6821
8625, 54 322 445 775 2625
11188, 1447 2569 3674 3972 5446
8017, 3790 6340 6352 7307 7775
12894, 3096 12952 19636 22288 24160
7537, 1363 1979 3746 11305 16190
2957, 942 1147 4785 6442 8559
4921, 1755 2872 3497 4284 5530
2732, 39 970 1015 1447 2523
8613, 8259 18026 18233 18456 19104
3226, 2522 4444 6773 8025 18916
11188, 1447 2569 3674 3972 5446
5120, 8606 10685 11260 12314 16845
1568, 1940 17645 17738 18966 22209
9475, 1209 3972 5352 8752 8877
7306, 133 2578 6461 9404 9415
4621, 2108 13220 23188 24786 28063
13007, 7597 8447 9635 13498 17815
9860, 52 1024 1388 1603 1904
1551, 963 2578 6552 9684 15803
8539, 7254 14302 18276 19762 29012
14581, 8187 10685 14583 16426 17881
2418, 4 7966 8504 12635 18099
3950, 6014 6128 8666 21717 25500
4188, 3609 5050 5578 5879 9607
15044, 2578 5222 6871 11798 13115
8815, 5208 6412 6708 7105 13782
10876, 6068 6821 13502 13922 16339
8507, 3213 12124 26391 30982 33250
6776, 551 7637 8050 11040 13368
10275, 1477 16747 16988 20353 25672
14361, 5961 6677 8828 21908 22787
1759, 7670 8952 9473 11846 11950
5759, 1074 2227 2580 2644 3835
12433, 1306 3899 6734 10200 11413
10176, 3092 5652 7972 8149 17769
2079, 2219 2337 2952 3631 16152
9430, 1057 11774 16730 17862 20569
5529, 573 4234 5184 6699 6821
6847, 11673 14351 14636 16790 18891
14128, 5013 6473 17207 17721 28967
14340, 5591 7280 12267 14932 23756
10175, 6473 9853 16090 16724 27497
13484, 70 100 3366 3431 4030
1137, 1397 2133 3656 8759 14636
3271, 2234 11366 18546 20620 20955
10171, 403 4219 5255 9784 26713
11406, 4230 7480 10261 22136 28966
5783, 228 4532 11871 20539 33500
1942, 474 2631 3281 3436 5945
4716, 133 228 233 372 765
10175, 6473 9853 16090 16724 27497
1137, 1397 2133 3656 8759 14636
8626, 2108 13001 13502 14289 18200
10034, 4138 12255 25818 34234 34561
88, 250 3120 4082 4658 13490
6230, 2234 3701 3937 6699 6879
10826, 263 1076 14440 24612 25156
13560, 3515 7967 18192 22254 23030
9217, 2614 10672 15086 16766 25382
13027, 2041 6627 12354 18099 23293
2438, 5430 5711 10638 11104 13281
15044, 2578 5222 6871 11798 13115
10617, 1959 18168 27650 30091 36109
8281, 1397 4475 6152 10601 17782
9430, 1057 11774 16730 17862 20569
3385, 10193 15758 17529 21304 23598
11015, 4854 7713 10387 24885 25445
14260, 5293 8848 15165 16716 20941
419, 2417 2924 3497 5713 7811
2461, 3102 5304 15454 16616 19624
9898, 912 5785 6784 7292 7296
3399, 5806 8892 15031 21263 24226
6968, 2978 8599 10193 11733 18970
14589, 8297 8875 25642 27464 32301
1206, 3527 5926 7759 13190 13502
14059, 3431 8394 17207 23188 24639
5641, 266 1115 1448 2990 11579
13696, 883 4467 6570 8472 10625
5490, 100 233 2569 3420 4020
2316, 3751 5010 7922 12313 17606
8204, 1456 6892 10082 12354 12492
6373, 543 7336 9787 12594 16260
13488, 4687 5227 11787 13593 14616
14765, 1730 1977 3527 4796 5279
3127, 76 1015 5620 6206 7065
7966, 424 537 6456 17597 17665
14823, 228 697 1977 2041 3236
7470, 176 6876 8721 8897 9415
14034, 1721 3102 13260 26529 30622
14851, 1498 2309 2634 8930 18605
7067, 8959 16153 19907 27139 36492
5141, 5482 6050 6587 8941 9474
10658, 1456 5227 6254 6461 20803
1790, 3680 4708 11880 13116 13344
6636, 759 14001 16571 18562 26951
1642, 5890 11259 20234 20939 21678
11752, 2052 6867 7318 8467 10004
840, 1438 6461 11274 12778 27569
14273, 3841 4554 4961 7141 8606
12695, 1289 2294 4194 7354 9793
1063, 4181 16131 21128 24248 24706
8406, 121 696 1730 2320 2759
3635, 1335 2041 2125 3137 3514
1610, 5754 8007 17098 21138 21544
11458, 445 2386 4605 6314 7461
7229, 986 12362 12372 19837 28920
4805, 9577 14636 22029 25939 32375
15071, 5184 8549 14976 15246 23662
11659, 1259 3295 4495 4783 4814
9643, 128 187 434 525 1059
8178, 3213 3680 4100 5697 6773
8243, 562 706 960 2892 5279
14128, 5013 6473 17207 17721 28967
11477, 76 107 786 960 1338
13044, 7031 12222 12564 13451 17748
1035, 2712 10935 14734 27132 28199
3631, 551 759 1076 1444 1652
13717, 4785 6893 8156 17815 18484
6954, 909 1023 1596 1797 2073
1481, 1438 2036 2236 3398 4711
5672, 2049 5578 10206 16694 19693
10674, 225 956 2267 3102 6769
9331, 114 1730 3281 5293 6122
2361, 1289 3841 7811 8216 12997
7778, 405 2715 4490 20279 23598
2093, 4228 15971 21412 22433 26020
9777, 1729 19956 21406 23569 27433
12262, 2871 7832 13974 15047 22319
1781, 626 2143 3974 4722 5157
11537, 3587 4105 4475 12738 17380
11035, 52 759 2541 4578 8170
7352, 562 2090 3587 4732 7992
7747, 3640 21750 23650 31855 33392
2995, 1480 2459 3307 6446 7824
14851, 1498 2309 2634 8930 18605
206, 2712 3216 3527 16687 24479
7902, 1289 1732 1836 16272 17150
11072, 3826 14932 19632 20620 22850
15000, 2447 6561 6801 8875 9334
15018, 909 2031 3704 4228 5656
756, 551 7622 8752 10059 10452
9175, 4976 6442 22604 26458 33879
14152, 1785 2576 5013 13400 26754
7416, 2219 4015 6511 6595 6841
4533, 306 1141 22029 22300 23516
1072, 3898 4626 11109 13067 13574
888, 353 3922 5945 10018 14758
7846, 993 10206 19659 20279 21245
7932, 3385 5469 8962 10402 14616
7487, 5427 6727 11089 26223 31454
12449, 4321 4752 9066 9293 9831
6407, 17383 17732 19396 22272 24515
831, 718 2170 11426 13697 16276
8289, 1829 4012 4747 7150 8589
11626, 553 1498 3857 4543 13711
6680, 6821 12180 13425 17207 22347
9129, 54 5138 7274 22094 24804
3728, 2049 2911 3431 16451 16571
8676, 1203 12102 18260 24195 26769
10844, 1289 6111 10685 10701 12814
11974, 8846 11157 17583 18200 30904
14037, 2442 11964 19725 27660 33788
13469, 1448 4105 13530 17107 24028
5823, 441 1271 2351 2420 5694
10867, 2583 2619 3162 3207 3970
5210, 6491 10443 14645 18256 18720
454, 876 1448 2339 11752 13659
6356, 1209 2041 6111 12866 15593
13720, 7759 10415 11624 13659 16571
4216, 14404 22543 25444 27384 31291
11220, 6254 8235 10454 12354 12362
10901, 7343 7733 9735 26951 28648
10835, 5945 15279 16419 18768 18791
3667, 2781 3327 6637 9735 14785
13649, 1191 7771 17243 24560 28503
5738, 4731 7811 13368 15086 25876
7747, 3640 21750 23650 31855 33392
9726, 612 15566 24118 25424 26951
11411, 2461 8035 16702 18944 26285
5625, 9516 9854 17541 18016 26867
6448, 5352 17507 20819 24124 24447
406, 1686 2569 3431 5658 6552
14085, 1289 1547 2755 6440 10645
13977, 180 3764 4752 5827 7659
15310, 2988 6249 6708 14414 25421
11818, 722 11922 12867 16367 20965
11072, 3826 14932 19632 20620 22850
12963, 133 1289 1721 5633 10200
14059, 3431 8394 17207 23188 24639
4286, 843 3978 22859 25496 27132
4826, 1576 2016 9730 11624 27388
5932, 11010 14931 16016 29059 30815
13094, 4328 5683 8146 17463 20757
10372, 1320 3207 4663 6931 10771
454, 876 1448 2339 11752 13659
13299, 3985 4737 8170 11385 16850
13927, 1192 2464 5360 6017 6193
915, 45 400 960 1221 1509
9646, 7287 9420 12866 13586 17107
9591, 1668 4677 5762 7947 9056
9734, 7961 15293 16571 27132 27562
8167, 3078 4281 10410 15687 15932
6189, 6461 11716 14423 18114 20356
12963, 133 1289 1721 5633 10200
8245, 3416 16741 19642 27502 29915
5028, 3564 7179 7285 14636 17991
1836, 66 2394 2401 2522 3331
4009, 1447 6262 6773 19020 25568
9502, 1343 2078 2523 2755 5550
5029, 1447 7287 8035 12354 19332
12567, 2484 19813 21182 33523 34533
12504, 752 2569 7961 13423 30433
5572, 9946 13020 21661 25670 33298
7634, 1397 8061 11147 16787 21530
14681, 626 698 1380 1621 2492
13051, 2090 10301 12606 13390 13491
5590, 4475 8549 17429 17644 17853
10409, 4380 10569 17732 24171 27409
7671, 6801 14932 17381 19027 20348
1718, 5022 7751 8206 13042 18741
14060, 3276 14404 14644 17152 26858
12461, 6637 9655 13595 25938 27727
10994, 469 16400 18321 19132 24435
3774, 925 5038 8037 8426 10685
4011, 2049 7393 11210 12866 14738
4963, 551 8146 17387 22565 27048
11220, 6254 8235 10454 12354 12362
5171, 58 2988 3377 4219 4896
14313, 3765 7392 9735 16272 17982
15069, 52 1422 1675 2921 3106
3888, 2953 9070 16803 21840 23836
11752, 2052 6867 7318 8467 10004
13458, 75 126 826 1009 2190
6008, 54 1023 1409 2051 11181
4966, 657 3209 4791 7825 16016
401, 149 2051 3242 4197 5484
6776, 551 7637 8050 11040 13368
1705, 3674 6461 10059 14709 15737
14723, 2556 6623 20213 22029 26626
7427, 350 3865 6122 7273 21216
4721, 198 228 1398 2309 2449
8246, 100 14174 14506 23569 34429
10034, 4138 12255 25818 34234 34561
15197, 3704 8284 9607 12019 15280
3888, 2953 9070 16803 21840 23836
7875, 2781 3366 4708 5578 5844
8363, 759 970 1188 2108 2554
3251, 717 3530 5371 9719 9953
6367, 1056 2186 5729 7417 20753
3251, 717 3530 5371 9719 9953
7976, 13360 14878 16367 20642 24758
4199, 6561 7179 12163 13886 14636
8782, 2227 3826 5578 6871 7984
10901, 7343 7733 9735 26951 28648
8638, 269 2133 2134 3656 4949
9876, 1286 1544 6386 11987 13630
12443, 4386 5578 6017 6314 7788
828, 13389 16330 19294 28736 29594
4132, 1730 2623 2871 5578 6238
8038, 4283 6530 9134 14762 26428
6356, 1209 2041 6111 12866 15593
12433, 1306 3899 6734 10200 11413
8392, 4122 9354 10415 10542 16356
7253, 1447 9577 13142 15662 18389
2277, 6066 17969 19188 26285 35224
12823, 2098 3434 3865 17157 20389
1461, 392 7179 17611 23336 28121
13424, 5261 5729 11579 16491 17246
2557, 228 775 3704 8297 14707
700, 1730 7342 13094 17463 21038
12151, 12 2578 3457 17529 19624
7098, 1289 2561 5352 6423 6879
10881, 4955 6561 7992 16956 17207
5727, 8426 10979 11128 13428 16367
1065, 7032 9189 10300 12974 12996
13299, 3985 4737 8170 11385 16850
4619, 184 13726 18201 20635 26197
15074, 2108 16153 17644 22813 26325
12799, 2939 3282 11835 16636 19622
5425, 1053 2912 3295 3539 4301
9060, 366 1448 1559 2424 4475
2385, 4228 6547 9476 14899 25446
11085, 626 6491 16367 19565 20919
11761, 848 5485 7037 7597 11724
10453, 366 7585 9577 11147 14738
13005, 197 553 1836 1841 3165
9820, 4853 12566 23938 26396 30797
8776, 184 2852 3671 4525 5161
88, 250 3120 4082 4658 13490
9274, 4 1873 7597 19798 26221
127, 52 912 3366 12720 13101
7316, 184 2911 3270 9052 10546
3384, 128 1041 1128 1191 3755
7723, 11966 17239 18546 24716 29777
7557, 2496 2929 4430 10957 14842
11291, 497 637 1623 2164 3281
8566, 1097 2092 4228 5054 7360
1159, 3599 14036 19804 20413 21031
5729, 140 9597 9745 10921 11534
69, 10245 13931 14027 14388 14592
9558, 4543 4955 5349 9556 10963
13629, 4340 13643 16884 25984 30379
2565, 2569 14771 14908 24265 24834
5151, 4740 8541 9793 12516 14239
14765, 1730 1977 3527 4796 5279
1951, 912 3272 6627 11259 12313
4471, 1832 6516 8873 11261 11914
9199, 10495 21714 23988 29141 29760
6414, 269 1221 3006 10246 11081
12099, 986 1592 5655 8099 8834
13299, 3985 4737 8170 11385 16850
4005, 24786 27322 28083 31085 31250
13120, 1177 1819 2494 3598 4045
13716, 353 843 1076 1448 1853
168, 876 1853 17183 17471 21187
14431, 2222 2234 2370 2971 7036
6342, 2578 3598 4381 4800 5779
5632, 2442 2623 14404 21116 21495
3361, 912 6829 11366 11617 20262
7062, 1184 1447 2522 4823 4904
398, 6476 9913 11023 12881 15623
4773, 197 1411 4967 7130 9337
7047, 1399 2582 13213 14624 15382
6695, 52 7480 13260 26468 27343
14157, 201 3282 3785 8889 13651
10205, 551 5138 7481 8156 9607
4720, 2090 10231 15222 25304 26745
9187, 3598 5247 10685 11526 16227
5465, 7948 8189 12454 13965 15378
1348, 1652 3066 18662 21045 25257
14142, 711 1498 13367 14414 23976
15000, 2447 6561 6801 8875 9334
12932, 370 1290 1490 1904 1977
242, 1141 13069 14932 18383 19112
2838, 13726 14457 22591 35308 36872
4634, 228 6782 12102 17732 21913
927, 3674 5220 7555 11776 14351
7084, 2911 6592 12454 22312 34657
12063, 2161 7402 15086 17278 19525
12833, 76 2247 8027 9052 16345
4136, 7162 11528 22254 25382 36109
7031, 1618 2459 3951 7147 7898
13878, 269 1289 2911 3398 4796
9880, 1345 6011 6987 13787 18428
8038, 4283 6530 9134 14762 26428
9164, 846 2578 6727 10491 12454
3508, 260 3085 4774 4955 5157
5625, 9516 9854 17541 18016 26867
2759, 8356 15087 15410 16634 17173
11134, 6979 8884 13999 19462 24245
773, 5675 9498 13618 17384 19292
11648, 4280 8146 8576 18406 18873
6569, 474 19338 20915 22482 27245
2379, 4788 11872 11879 20171 22408
8613, 8259 18026 18233 18456 19104
6131, 5304 7461 12867 30130 34156
12072, 100 1397 7751 17564 21617
14589, 8297 8875 25642 27464 32301
9556, 6537 17240 27294 30982 34157
10410, 13585 13727 19849 27899 28053
834, 473 3674 6837 7903 28199
12000, 5489 9349 12481 12997 28639
12357, 2620 5842 7687 9109 10358
9467, 3453 11261 12866 18220 22002
9330, 1985 9573 9779 10558 10633
11855, 871 1083 1543 3902 4416
888, 353 3922 5945 10018 14758
4053, 2033 6699 7985 9178 13164
11045, 228 6700 15530 17207 19145
13362, 579 626 3569 5318 5885
3127, 76 1015 5620 6206 7065
13424, 5261 5729 11579 16491 17246
6674, 186 711 1107 1150 1711
8815, 5208 6412 6708 7105 13782
6941, 1076 1447 8519 11012 12354
9012, 4 2050 2523 3992 4605
6032, 2709 6009 13471 15971 19130
8887, 146 559 4148 5066 5310
11670, 4414 5662 6798 7597 8278
7680, 7520 7921 16141 19991 26276
7875, 2781 3366 4708 5578 5844
6878, 7107 14820 22341 26745 30263
8990, 133 357 1258 1438 1733
4805, 9577 14636 22029 25939 32375
11827, 3162 5201 17207 18255 23927
4132, 1730 2623 2871 5578 6238
12425, 585 5041 8310 14794 18977
10826, 263 1076 14440 24612 25156
8340, 114 395 843 876 918
13940, 1447 4327 7086 18170 21505
9791, 1221 9987 19426 19858 26484
11064, 3647 4475 8117 8461 9173
783, 4925 8472 12431 16339 33030
3226, 2522 4444 6773 8025 18916
2345, 2181 3930 15773 16025 16797
7936, 2442 16098 17090 25506 32916
10415, 16826 22328 25696 27502 30058
5652, 843 912 3254 3778 4104
6079, 6155 6871 7393 8216 12354
152, 867 909 938 976 1264
1221, 1397 13733 20947 21443 27650
12706, 4283 7327 8776 11553 15351
2631, 322 6821 8108 8187 11963
12932, 370 1290 1490 1904 1977
8232, 1997 4560 7156 27623 29816
3803, 6627 14767 17272 21412 35100
8542, 1304 1745 2151 2522 3246
2310, 960 7368 8394 10576 11871
13424, 5261 5729 11579 16491 17246
10354, 17266 20645 20784 23476 24345
9272, 15623 21661 23326 30508 32308
7487, 5427 6727 11089 26223 31454
10294, 4 104 1576 2447 2556
6120, 197 269 398 690 942
4736, 853 2090 4348 4419 4485
3281, 562 7021 7811 8488 9239
8856, 4235 4244 5318 5619 5822
11653, 306 3426 9066 26338 27436
10807, 70 1832 6516 9224 14169
15084, 10200 10741 14533 16653 17665
7924, 1459 5712 5832 8501 8630
5845, 2464 4295 7592 9577 10963
11489, 559 2712 11131 11477 22272
9217, 2614 10672 15086 16766 25382
10566, 639 4394 5137 7501 8092
8507, 3213 12124 26391 30982 33250
994, 12271 13093 13367 25973 30595
15093, 5128 9178 14239 14556 16124
13762, 8233 9607 17676 21765 33475
5737, 428 1952 2450 4373 5346
11940, 4685 7597 7771 8368 14487
4002, 4327 7597 8035 8589 8807
9984, 2036 6461 16679 19926 21263
8024, 9946 11717 12776 19837 23037
10458, 3472 22029 23154 24462 25887
4966, 657 3209 4791 7825 16016
11085, 626 6491 16367 19565 20919
3647, 194 473 1498 2447 2836
9329, 1538 7696 9213 12550 20144
12752, 1074 1209 1289 1304 1447
889, 2953 6083 19243 19926 22288
10310, 61 7788 8040 10514 12734
4286, 843 3978 22859 25496 27132
7957, 1783 2629 9074 11048 20158
5617, 1268 6347 28009 29229 32195
320, 7417 15680 16501 17339 20517
9796, 1001 1102 2844 6166 8796
12917, 1017 1353 2312 2572 3357
11076, 2232 7603 9704 14767 19725
2310, 960 7368 8394 10576 11871
10841, 5227 7759 14697 17708 20484
1426, 2339 3865 5945 8609 9535
4165, 779 10173 18099 19748 25758
14043, 2464 8548 8924 10059 10701
14705, 2234 3980 4096 4441 8873
14196, 6552 8216 17266 24786 27502
820, 1732 1759 4925 6454 7966
1265, 7477 14143 14585 17215 22511
3533, 52 9404 13547 16597 16730
3728, 2049 2911 3431 16451 16571
12783, 1147 2464 3680 22904 23958
7951, 307 20348 26289 27610 30526
2231, 852 945 1053 1488 1617
3774, 925 5038 8037 8426 10685
10745, 3937 3980 8763 10824 11041
1477, 5488 14414 15482 16735 21918
11533, 1558 4719 5002 19072 19495
3017, 372 1204 1289 1577 1977
13773, 10514 11579 11592 11731 12005
5336, 10822 12738 19426 22347 27409
1880, 8177 21758 21939 23578 25519
11538, 1447 2781 9324 13470 14599
1358, 1338 6442 7733 9855 15431
6915, 183 2983 3066 12647 14616
3340, 4328 7221 9255 12778 33334
7736, 11528 14535 17878 25304 29664
11815, 5427 6379 13109 17564 17597
6531, 4735 6476 6627 7759 9012
3905, 876 909 8035 11327 16845
2801, 1729 4020 5578 14480 23089
14794, 759 871 1360 1675 2381
6033, 8536 12657 12944 16658 20589
12531, 269 942 1781 5425 7886
9254, 612 960 1476 3992 5713
14128, 5013 6473 17207 17721 28967
2663, 5227 9178 18136 20941 23089
1161, 6589 10092 12293 19810 27237
12119, 2049 3456 9576 9913 23081
127, 52 912 3366 12720 13101
1672, 1397 2522 6111 7501 8759
14144, 1502 3276 4273 6014 6871
10763, 110 770 3407 9645 12007
4550, 2537 6442 6478 8376 11473
756, 551 7622 8752 10059 10452
855, 7498 8549 9735 13473 18546
1198, 1317 6314 7421 14465 22813
330, 1977 5360 7147 11624 11648
5377, 133 1543 2447 2468 2578
6084, 474 1073 1074 1543 2580
8053, 445 2066 7290 9735 10412
8335, 1397 3496 4219 5111 6892
10757, 4685 20177 20835 21867 22118
5200, 2921 5114 9492 14046 15992
11189, 3104 9525 14483 17911 21648
2243, 7806 8006 12761 17206 23830
11221, 949 2528 5485 7519 9123
9181, 1209 6284 8922 18577 19036
4532, 2911 7759 11264 11624 12354
10597, 4194 6204 8189 8519 10685
13924, 1469 4800 5312 21340 25493
14781, 3954 6166 17486 17795 22393
7445, 2262 5227 11366 14616 20256
7299, 3527 8316 9369 11259 15072
4340, 2677 5575 6773 8411 12102
6131, 5304 7461 12867 30130 34156
6541, 7301 13464 19338 23514 25502
3888, 2953 9070 16803 21840 23836
8273, 12900 15993 16858 27973 29711
2332, 2561 3216 12409 18105 27610
14142, 711 1498 13367 14414 23976
3956, 5145 9472 10854 16793 17368
5903, 2516 3186 13625 15250 15662
13044, 7031 12222 12564 13451 17748
9686, 3223 4315 5137 5970 8844
1239, 2541 11005 12689 14800 15014
10664, 5655 6951 8541 11624 13148
10822, 2098 10568 11315 17690 17871
11563, 1074 1904 4862 6461 9074
13229, 1815 5425 7784 9458 9555
6968, 2978 8599 10193 11733 18970
2211, 344 722 2247 2623 5292
11628, 1209 9172 27675 29737 30223
3255, 2003 11556 11688 23286 25967
8038, 4283 6530 9134 14762 26428
12815, 12 612 2424 5589 10754
672, 5846 6343 6446 6595 6699
852, 344 1729 2108 4327 5945
12907, 4125 30087 33207 35367 35381
12134, 5156 6773 8216 28753 29848
11623, 333 3237 6032 8543 8982
4720, 2090 10231 15222 25304 26745
5596, 1436 3886 4834 6254 18020
10171, 403 4219 5255 9784 26713
1035, 2712 10935 14734 27132 28199
4603, 6112 12512 19536 21101 22629
1798, 2958 3515 4444 5248 12340
2294, 873 2424 3456 6405 15732
13792, 1678 3413 4038 5447 6580
3894, 2151 2522 4328 4762 5227
10604, 5623 6183 15687 22211 22272
4292, 2041 6111 19725 21304 25363
12583, 7260 8426 11081 11252 21912
9404, 2569 6152 7759 10488 20810
13328, 876 3826 3958 4279 6801
3218, 52 1076 1652 2391 4222
3952, 2561 6111 11624 14532 21495
1670, 942 2041 6637 14533 14616
2140, 1384 6463 8927 17830 18803
13051, 2090 10301 12606 13390 13491
3754, 1709 8394 12454 12492 15037
9229, 445 3431 3681 4262 6865
13870, 266 423 691 1149 1732
927, 3674 5220 7555 11776 14351
15365, 2464 6769 7274 7705 17483
3123, 269 2911 5806 13035 20468
11898, 2836 2990 3628 6089 6855
10499, 15086 17597 20914 22029 24266
398, 6476 9913 11023 12881 15623
7067, 8959 16153 19907 27139 36492
11592, 2286 13530 15737 17380 17781
11974, 8846 11157 17583 18200 30904
392, 8983 9723 9750 18355 18418
1616, 1185 8394 15280 15566 15743
6605, 1360 1728 3073 24771 26024
14135, 1290 2272 3515 4026 4244
14464, 14709 17198 17207 19036 25382
7628, 3499 5453 11872 12384 19404
8853, 2042 10296 12642 14664 22458
5028, 3564 7179 7285 14636 17991
7076, 2428 2793 4410 5198 7283
824, 366 3922 4485 14299 26594
3988, 4105 8260 11624 13512 17708
11816, 626 7622 7625 13752 16584
5962, 551 1306 2108 2911 3276
1056, 283 2289 12634 15105 29030
14863, 2912 7903 9123 13069 14707
6675, 2911 3735 4578 4753 5504
7272, 561 9934 19242 19887 23692
7562, 391 1250 5233 7518 10359
6972, 314 5767 7788 8039 9833
14523, 358 960 1447 1762 2108
9278, 603 826 991 18546 25172
10109, 54 75 962 1192 1836
339, 1447 2561 16339 16356 17287
7101, 13826 14789 25939 29463 30294
3821, 3670 10963 12261 19981 22796
6855, 3972 8978 14780 15973 19852
1687, 5578 6314 11259 15280 24918
14175, 8205 14767 19622 21412 24626
11788, 2708 13094 14705 16256 20699
2216, 210 324 3023 6463 6638
9245, 3904 11411 19300 19425 19548
3754, 1709 8394 12454 12492 15037
7044, 1113 11607 11871 13178 30804
9303, 6821 12653 15971 21913 25670
15190, 6266 9856 16599 17656 22212
7829, 345 3717 8629 10919 13372
5932, 11010 14931 16016 29059 30815
12394, 5848 13627 19143 19445 19561
889, 2953 6083 19243 19926 22288
5704, 100 347 512 579 1289
4222, 5227 8156 8555 9577 9894
12211, 4202 4445 5301 6305 15809
12567, 2484 19813 21182 33523 34533
7542, 7504 16001 28514 30910 31268
175, 4441 9837 12247 14551 16683
9791, 1221 9987 19426 19858 26484
6258, 2127 3614 4912 5926 9535
10881, 4955 6561 7992 16956 17207
15343, 2554 6132 16716 17815 31515
10516, 2578 2960 3271 19101 19244
5196, 1611 1841 10115 12479 16271
7105, 3456 12654 15853 19725 23188
5650, 1447 7274 8717 9607 10082
11291, 497 637 1623 2164 3281
15018, 909 2031 3704 4228 5656
14431, 2222 2234 2370 2971 7036
14697, 19618 24515 31538 34136 35149
7758, 111 3134 3327 4064 6253
625, 1574 3457 5699 7481 12122
111, 269 2911 6703 8035 11366
4897, 1289 5504 19111 23293 25716
1791, 2522 2623 2642 3828 4853
4966, 657 3209 4791 7825 16016
4248, 7064 7705 8665 13988 16577
9799, 353 1824 2049 6592 8447
4591, 42 6155 8150 8233 10059
6756, 1093 1153 2957 6721 7687
8697, 3078 8184 11526 12368 13119
4925, 3435 5233 5763 6044 10200
11845, 11962 23967 24408 27360 28639
10684, 1873 2578 9009 13368 19837
14729, 7931 8181 14291 14535 15973
10048, 1370 2623 3875 10997 11109
9136, 13220 16260 18344 19752 24786
11935, 12384 16409 16571 20264 24851
3463, 366 2464 8962 10452 30019
3702, 1702 7727 8257 8589 16456
5737, 428 1952 2450 4373 5346
6032, 2709 6009 13471 15971 19130
4672, 6844 7537 8949 10203 19101
7537, 1363 1979 3746 11305 16190
1460, 1502 4955 5425 7937 25513
15264, 668 3515 5589 6627 7452
8660, 1675 3704 6627 11259 12180
14729, 7931 8181 14291 14535 15973
11358, 562 2068 3439 12188 12492
5028, 3564 7179 7285 14636 17991
6269, 5157 10203 11109 12384 14480
11433, 6643 7643 13630 14127 23282
9370, 176 4616 4622 4787 5993
3834, 562 11868 14174 18354 20635
8722, 5531 6508 6627 6951 7175
7748, 4922 16818 17723 18790 28814
1159, 3599 14036 19804 20413 21031
11221, 949 2528 5485 7519 9123
1113, 5858 6343 6530 6855 8297
7583, 6363 9117 9794 17943 28607
12723, 1289 2919 3174 3431 3527
14142, 711 1498 13367 14414 23976
13868, 2836 9495 11781 13216 19554
13212, 4228 8839 11758 19854 24930
4165, 779 10173 18099 19748 25758
11545, 994 10971 26534 30419 34926
14350, 4596 6496 8137 14229 21117
7191, 775 4475 4605 5279 6637
13029, 2522 4953 27477 29510 31432
10763, 110 770 3407 9645 12007
11815, 5427 6379 13109 17564 17597
14818, 4495 4659 5137 15402 15609
10175, 6473 9853 16090 16724 27497
11258, 441 522 626 1053 1073
7253, 1447 9577 13142 15662 18389
8989, 3476 7033 7880 20215 30541
6084, 474 1073 1074 1543 2580
6179, 1873 8216 14101 14714 17152
1594, 6430 7083 9669 15222 19314
1097, 3865 10022 17150 17607 18603
9556, 6537 17240 27294 30982 34157
9938, 1397 1438 10448 14514 20827
7124, 2464 7880 7984 12516 21099
9431, 747 5031 6798 19764 20750
14431, 2222 2234 2370 2971 7036
8335, 1397 3496 4219 5111 6892
7483, 706 2108 3983 14785 19156
1963, 876 4787 4955 7393 8426
1673, 2108 12671 12725 14956 36461
9591, 1668 4677 5762 7947 9056
13317, 17272 20985 28199 30910 34351
6898, 1397 1730 7555 18027 19725
6605, 1360 1728 3073 24771 26024
3361, 912 6829 11366 11617 20262
9705, 4708 13746 14553 14616 18694
1260, 909 1184 1810 2453 2556
872, 623 1064 3371 4985 14113
10617, 1959 18168 27650 30091 36109
14922, 3751 7879 19156 19559 30561
12369, 76 419 758 927 1259
4530, 3048 3497 10644 12372 13300
11818, 722 11922 12867 16367 20965
12360, 9336 15418 18607 23747 36318
5989, 3049 6951 8742 15309 17695
9376, 9420 11688 18389 20939 23507
6756, 1093 1153 2957 6721 7687
8406, 121 696 1730 2320 2759
13774, 10063 16048 17943 23500 27753
3094, 2447 11631 12503 13067 13782
292, 5819 8027 8108 17529 18260
10956, 5292 15139 23154 25920 30677
14685, 1893 2068 4923 7014 7819
8286, 626 1289 3742 4923 6637
11563, 1074 1904 4862 6461 9074
8289, 1829 4012 4747 7150 8589
14065, 4886 5331 6725 8609 9415
2596, 314 13142 15352 17266 21495
11416, 424 7593 8278 8284 13852
13823, 12271 12851 14553 16425 27343
9187, 3598 5247 10685 11526 16227
8626, 2108 13001 13502 14289 18200
3354, 7811 15687 18217 28867 31268
15159, 4310 10134 10663 22553 23213
7306, 133 2578 6461 9404 9415
11481, 8496 13502 16425 17782 22439
3271, 2234 11366 18546 20620 20955
3818, 2468 4107 4440 6699 7184
14922, 3751 7879 19156 19559 30561
4210, 909 1905 2050 7876 9684
13970, 49 114 146 252 499
6588, 5422 8442 15034 19529 19554
4053, 2033 6699 7985 9178 13164
6028, 10546 12102 17207 17815 21412
2476, 15687 17352 18546 20955 23123
1803, 14790 16065 21081 22215 25627
14706, 1242 12094 12719 13373 18070
11621, 3281 7498 9930 17383 20941
1071, 1605 8579 9556 14968 20262
9947, 2623 2911 8216 14616 20941
7100, 876 2284 9562 15221 26898
11716, 14701 14912 22338 29389 33755
4210, 909 1905 2050 7876 9684
69, 10245 13931 14027 14388 14592
10040, 100 10047 11329 15280 24758
6414, 269 1221 3006 10246 11081
5976, 551 1209 7168 10082 15086
13942, 1500 2793 6871 10145 27322
9339, 626 1074 4545 7984 8571
1793, 612 1192 1448 3413 4105
7628, 3499 5453 11872 12384 19404
4833, 1303 3691 17709 18028 19381
1341, 5578 5691 6337 6595 11557
13904, 6068 7365 7849 10446 14751
8289, 1829 4012 4747 7150 8589
2107, 530 573 637 1141 1264
14685, 1893 2068 4923 7014 7819
1291, 9302 20650 20818 26578 32680
3109, 1569 10305 13016 19242 24103
4958, 269 5658 6708 8519 10307
13935, 1085 2556 2612 3662 4102
11041, 269 1076 2049 6552 10446
3218, 52 1076 1652 2391 4222
12788, 2824 7280 7301 9415 10203
14595, 14270 14623 16269 16397 16877
12212, 162 8049 14229 17826 26625
1705, 3674 6461 10059 14709 15737
2375, 3611 10040 10627 14530 21482
3964, 2049 2234 12354 15743 17328
1094, 311 1590 3943 6503 6821
2212, 7804 8439 12794 13808 20349
2965, 6703 7674 7733 9098 11631
10016, 52 13726 23240 31992 36599
4073, 1798 2523 2940 4181 4961
8024, 9946 11717 12776 19837 23037
13151, 1489 2290 4402 5096 7771
6390, 3457 8233 9893 24894 29947
9373, 8170 11774 12491 21765 25920
1055, 3077 19907 20484 22776 23211
11223, 4652 6461 9415 11237 18025
11755, 11366 13502 17463 18389 24512
12535, 3661 13880 14508 24562 26333
9587, 194 424 579 912 1289
1352, 17700 17908 17947 20332 22391
1294, 1605 2361 2403 4923 6804
839, 11259 14829 15089 16959 22806
13495, 350 2836 9987 11072 11505
14034, 1721 3102 13260 26529 30622
11505, 9660 13397 19023 24513 30123
4832, 12997 15743 18717 22254 23507
10732, 2988 5161 7771 9577 10082
908, 3759 8205 10583 26577 31526
3584, 114 4605 4732 5293 6627
11694, 1632 1652 2320 6703 13884
147, 1652 4381 4909 5082 7098
1467, 373 1318 1442 2583 2860
1594, 6430 7083 9669 15222 19314
7689, 1209 2049 4735 6537 7829
5380, 4381 11984 12362 16272 29507
7416, 2219 4015 6511 6595 6841
1822, 4173 6623 12651 13797 13861
2582, 3564 3674 10767 14532 16155
349, 5945 6853 17732 19837 22976
14246, 75 149 4077 11458 12632
7239, 2320 3341 7438 17607 20950
7584, 339 760 983 2522 5123
9431, 747 5031 6798 19764 20750
6624, 919 1447 13301 23756 29781
12483, 349 7438 11499 21570 22341
14461, 2928 2943 3246 3921 4003
4955, 3156 3609 16955 22600 26131
2243, 7806 8006 12761 17206 23830
13112, 1076 16272 17815 21099 21296
11489, 559 2712 11131 11477 22272
11589, 7618 7693 10262 11857 12330
2277, 6066 17969 19188 26285 35224
13828, 1012 12297 15442 22757 32393
1188, 603 5389 6330 9480 12998
3255, 2003 11556 11688 23286 25967
948, 1480 3456 10200 26681 34419
7906, 2391 2556 6704 10466 10859
8863, 5578 6595 8504 17529 18719
12425, 585 5041 8310 14794 18977
5840, 2441 5747 9607 22976 25938
10476, 3532 3922 8710 11556 14741
15007, 1456 3899 4187 9404 11554
5018, 942 2569 3236 3245 3564
10776, 2364 6953 7504 9045 9713
5903, 2516 3186 13625 15250 15662
12556, 2578 6155 7597 10446 20608
4791, 4862 8709 9246 14747 21406
5296, 7161 15945 16826 23951 30286
5899, 4 8181 9607 16425 17383
5175, 7671 14598 15697 17152 17648
5210, 6491 10443 14645 18256 18720
8218, 2678 2817 3366 4258 4904
11358, 562 2068 3439 12188 12492
2063, 5227 13125 16503 17463 22029
6636, 759 14001 16571 18562 26951
13362, 579 626 3569 5318 5885
5967, 4485 5157 12029 12313 14207
12162, 2578 4223 6461 6552 8134
9860, 52 1024 1388 1603 1904
5610, 759 3527 6773 7815 9052
15175, 266 1814 3398 11579 12454
3965, 228 418 773 1498 3598
417, 5747 6516 11665 27052 27816
1568, 1940 17645 17738 18966 22209
9370, 176 4616 4622 4787 5993
7780, 2417 3432 3841 5578 5652
5442, 909 2537 4105 6301 7086
5501, 4646 5184 12558 18383 21381
12788, 2824 7280 7301 9415 10203
10745, 3937 3980 8763 10824 11041
1551, 963 2578 6552 9684 15803
11189, 3104 9525 14483 17911 21648
13506, 3599 10722 21166 22002 23008
3708, 2108 2284 2614 3674 4020
1460, 1502 4955 5425 7937 25513
9732, 2447 3681 5352 6461 7657
14404, 12 2339 2561 3841 5850
4646, 11558 13035 14381 14636 26084
2323, 2049 18178 18615 22562 23516
2780, 1362 4307 5899 6206 8484
12895, 3661 4039 5364 11937 12281
5198, 444 4407 15765 20179 22975
3518, 1306 2041 6003 8233 8925
13840, 3858 9987 12607 13743 15037
15071, 5184 8549 14976 15246 23662
5931, 2881 4532 12180 31825 31836
5029, 1447 7287 8035 12354 19332
15143, 7370 10796 11781 16978 17979
11084, 6701 8924 17138 17679 33056
8349, 2227 6254 6258 6421 28575
8310, 1603 2666 2833 3123 5044
292, 5819 8027 8108 17529 18260
4543, 3515 11219 15037 16409 19112
6222, 3432 3661 9831 12019 13913
13593, 1397 8411 8669 16345 26197
3218, 52 1076 1652 2391 4222
10365, 2339 2519 2623 3398 3680
3952, 2561 6111 11624 14532 21495
7944, 2580 8669 8901 12318 13420
1341, 5578 5691 6337 6595 11557
985, 1188 6178 8035 10161 11017
13488, 4687 5227 11787 13593 14616
87, 6405 6446 13249 23598 27836
2902, 5129 8646 15449 18303 28063
3964, 2049 2234 12354 15743 17328
9819, 3924 9354 10685 13886 15452
398, 6476 9913 11023 12881 15623
11237, 6791 17587 26138 28341 28514
6657, 1185 1289 3007 3665 3841
3496, 12019 17239 25815 26432 27317
13051, 2090 10301 12606 13390 13491
4460, 1436 9913 27206 28030 29485
13845, 2731 3663 6592 9484 10612
14655, 1335 1436 3398 6254 9012
6363, 7168 8207 17911 22963 24495
11537, 3587 4105 4475 12738 17380
6605, 1360 1728 3073 24771 26024
15000, 2447 6561 6801 8875 9334
244, 3952 13247 17913 20459 21469
1366, 3609 4862 4956 9420 11526
9393, 15081 15604 18273 18665 21807
12473, 260 2912 3083 3532 3585
10248, 9613 10758 17266 22172 24813
4790, 6627 24639 25421 32260 34826
10806, 10477 11508 20757 21786 33943
1410, 2911 4374 7874 9172 12342
15301, 7635 15200 17918 21992 25035
2531, 9404 9415 21996 23240 31069
3929, 4070 4879 7675 15052 16106
14925, 344 1258 2164 2575 2844
13229, 1815 5425 7784 9458 9555
14790, 2049 2561 5227 11922 14532
10432, 603 1858 2464 3992 4386
6855, 3972 8978 14780 15973 19852
8544, 2497 2709 2824 3661 5304
6042, 2258 4373 9842 10701 30623
15084, 10200 10741 14533 16653 17665
4386, 52 184 344 579 636
486, 1729 2522 6461 12354 12695
9905, 1015 3254 4452 7559 7604
5151, 4740 8541 9793 12516 14239
9168, 9119 12097 16741 16903 16959
13500, 909 1149 1623 2227 2234
9275, 2227 8426 10082 12102 15086
520, 1559 13057 15973 16511 17708
13005, 197 553 1836 1841 3165
9286, 6821 14537 18881 20203 34612
687, 91 909 3768 3974 5677
2866, 7974 10206 14234 19127 23589
6090, 1979 2622 3963 7925 9123
14039, 5784 9684 11652 11926 17310
4673, 876 5279 5292 6446 6699
1057, 13530 20878 21651 26369 27824
8025, 9380 10546 24257 26010 27132
1352, 17700 17908 17947 20332 22391
967, 7991 10413 14020 16394 20582
4119, 547 4853 12001 16396 18164
1935, 10356 11042 11137 12653 19452
9252, 535 983 1145 4394 26500
2354, 6343 6646 10568 19637 24918
2772, 345 420 1289 2627 3077
1216, 9224 15674 18546 20276 20282
3901, 1447 2339 3431 3587 4732
11904, 909 1617 1977 4327 8297
13351, 1397 3505 5713 17239 17585
5617, 1268 6347 28009 29229 32195
15159, 4310 10134 10663 22553 23213
6613, 6537 9940 17389 23976 29150
392, 8983 9723 9750 18355 18418
10597, 4194 6204 8189 8519 10685
12743, 1289 3527 3704 5128 11512
10617, 1959 18168 27650 30091 36109
10885, 1258 1360 7597 13390 15119
6878, 7107 14820 22341 26745 30263
13270, 2623 27322 28641 29389 29736
2067, 5435 10774 20975 21955 25286
7285, 18655 19072 19271 28688 30098
1431, 1194 2417 4584 6767 14239
6121, 306 1826 5992 11802 31136
14219, 76 2441 8426 25618 27015
7146, 15677 18175 18900 19719 21834
9749, 4310 10134 12432 24809 24912
7611, 322 1292 2290 2320 3163
5465, 7948 8189 12454 13965 15378
11659, 1259 3295 4495 4783 4814
9996, 2453 3661 7625 8265 8510
15070, 1675 6446 9607 25670 28688
620, 3689 4015 10161 10450 13981
5845, 2464 4295 7592 9577 10963
1672, 1397 2522 6111 7501 8759
9217, 2614 10672 15086 16766 25382
13696, 883 4467 6570 8472 10625
10745, 3937 3980 8763 10824 11041
12126, 703 2814 3995 6187 12873
2422, 8504 9178 21589 28207 28216
8053, 445 2066 7290 9735 10412
10630, 689 1073 1303 1632 4039
6968, 2978 8599 10193 11733 18970
12126, 703 2814 3995 6187 12873
13929, 3217 7014 9305 14653 24168
7975, 4809 8549 15378 16527 23722
3703, 178 2003 7930 8964 10824
3428, 8096 14533 18694 28716 32213
1992, 6876 9925 15284 16741 17055
1625, 775 3841 8235 18178 21765
6478, 345 1289 1456 1810 2049
197, 1138 2697 8573 10200 12997
6938, 7824 13041 18892 27013 28287
2889, 7696 8720 19732 20065 21169
13817, 2234 8549 10059 13726 16571
7965, 39 269 553 1076 2041
14936, 785 6704 9380 16585 17380
2155, 4280 5747 6773 8205 9893
10472, 9433 10485 10802 12160 15551
9876, 1286 1544 6386 11987 13630
957, 2364 9552 10085 16426 21825
10953, 2143 4814 11109 13061 13094
9556, 6537 17240 27294 30982 34157
2418, 4 7966 8504 12635 18099
12473, 260 2912 3083 3532 3585
8891, 1709 5156 7501 11160 14599
5989, 3049 6951 8742 15309 17695
11015, 4854 7713 10387 24885 25445
6592, 2743 15917 21216 24547 25730
7272, 561 9934 19242 19887 23692
7283, 3515 6592 8189 9135 11966
7299, 3527 8316 9369 11259 15072
12162, 2578 4223 6461 6552 8134
6203, 8216 10059 13502 15971 29005
3091, 378 4555 5940 6478 7508
14014, 52 130 184 373 713
14243, 2464 2912 6542 15361 19363
5873, 1448 7815 8959 14020 17782
6244, 2473 5269 7036 8655 13028
12582, 11366 14366 26468 28964 33755
9325, 146 17645 25645 26106 26454
7035, 1049 1053 1283 1367 3168
5704, 100 347 512 579 1289
14431, 2222 2234 2370 2971 7036
9175, 4976 6442 22604 26458 33879
7915, 235 3248 3451 5768 6379
2140, 1384 6463 8927 17830 18803
7269, 759 960 1141 2911 5111
1294, 1605 2361 2403 4923 6804
1611, 4735 17696 23850 25656 27612
7445, 2262 5227 11366 14616 20256
935, 18200 22976 23516 25887 27562
14356, 3077 3387 11754 15372 16826
8891, 1709 5156 7501 11160 14599
14632, 57 128 166 223 579
11461, 8521 11594 14705 16257 26923
6898, 1397 1730 7555 18027 19725
12567, 2484 19813 21182 33523 34533
13151, 1489 2290 4402 5096 7771
12626, 360 876 3651 3979 4785
10476, 3532 3922 8710 11556 14741
12725, 505 579 909 1153 1209
4445, 2133 4563 16030 19271 19973
2626, 2442 2585 8599 13360 21037
12815, 12 612 2424 5589 10754
4132, 1730 2623 2871 5578 6238
5063, 2108 3856 7042 7279 11505
9268, 6461 9577 14076 14616 22029
9818, 1080 1871 3431 16367 22814
1333, 2741 4970 5200 7972 18714
15206, 2108 6871 11081 17696 18200
8427, 2049 2164 3431 5578 6254
197, 1138 2697 8573 10200 12997
7778, 405 2715 4490 20279 23598
11653, 306 3426 9066 26338 27436
1044, 1592 3732 8931 9669 19242
3406, 582 717 1244 1267 1686
7315, 4137 7771 8035 8599 9116
10102, 3661 12866 13701 17207 18383
13513, 739 1480 3991 5939 6450
872, 623 1064 3371 4985 14113
11258, 441 522 626 1053 1073
5650, 1447 7274 8717 9607 10082
10653, 809 9291 9942 15050 16142
12963, 133 1289 1721 5633 10200
2932, 2844 11366 13301 21406 22565
2747, 505 2844 4244 13116 26898
14846, 4373 23014 25515 27885 32916
11670, 4414 5662 6798 7597 8278
2053, 759 1185 1289 2053 14537
9050, 559 4173 4546 6482 7001
2823, 58 551 747 1036 1074
3751, 3670 5293 9675 12881 13385
6239, 664 993 2143 3609 3928
4369, 9476 12124 16437 17307 17597
3425, 3006 11210 11717 15086 19748
13810, 1304 6592 6871 11259 11366
11237, 6791 17587 26138 28341 28514
12367, 4994 6481 7473 10333 10603
5338, 282 3050 3207 3473 3644
7380, 8504 10446 13257 14260 17676
7027, 7670 10752 25659 32088 32447
3519, 5612 8504 10262 11758 13305
1705, 3674 6461 10059 14709 15737
8112, 926 3661 5133 10592 30910
4881, 103 238 424 711 786
5328, 1190 3377 5128 6353 9568
27, 10059 11237 13782 16571 19987
4165, 779 10173 18099 19748 25758
1432, 6502 10059 14264 15183 23504
6385, 2339 8590 20484 21851 22341
2063, 5227 13125 16503 17463 22029
13248, 718 1447 2049 2227 3066
6087, 1853 5713 7076 8606 9233
1611, 4735 17696 23850 25656 27612
8538, 184 2623 11327 17011 17756
6363, 7168 8207 17911 22963 24495
14922, 3751 7879 19156 19559 30561
11788, 2708 13094 14705 16256 20699
1365, 3662 10758 22040 27943 30796
11535, 775 1498 2523 3835 5227
9905, 1015 3254 4452 7559 7604
6038, 149 6547 7342 13726 14669
3906, 3 259 347 541 667
12423, 91 711 5248 6258 7657
118, 6446 12997 16059 24910 32476
8232, 1997 4560 7156 27623 29816
8770, 5138 9693 10850 12384 18168
11527, 228 377 476 1392 1678
12961, 75 339 472 505 786
10523, 3216 5360 12264 16571 17380
6954, 909 1023 1596 1797 2073
173, 418 6855 10085 11966 25765
7947, 4328 5527 7259 7704 7811
11045, 228 6700 15530 17207 19145
11064, 3647 4475 8117 8461 9173
7966, 424 537 6456 17597 17665
12120, 3031 5819 6552 7930 9350
11297, 7579 23077 24230 26713 27569
662, 14747 15396 16694 17235 17380
2953, 2782 4244 17313 20423 22615
14356, 3077 3387 11754 15372 16826
10394, 14372 15672 19913 30137 35600
8867, 396 1456 4136 4279 4394
12706, 4283 7327 8776 11553 15351
1610, 5754 8007 17098 21138 21544
985, 1188 6178 8035 10161 11017
15218, 497 3366 4187 7432 10798
5874, 4496 5541 6130 14169 16386
2849, 3225 5761 9181 13617 14669
4721, 198 228 1398 2309 2449
13458, 75 126 826 1009 2190
4026, 366 1904 1979 2041 2143
15013, 2821 8590 11332 14101 17681
13394, 8759 10082 12866 14076 16845
11626, 553 1498 3857 4543 13711
13184, 637 770 5002 5474 6721
13098, 100 693 775 1321 1904
10012, 3545 6238 8756 8925 8962
6390, 3457 8233 9893 24894 29947
5293, 1203 5713 9793 10342 14777
10807, 70 1832 6516 9224 14169
4026, 366 1904 1979 2041 2143
8782, 2227 3826 5578 6871 7984
5793, 387 1311 1448 1746 2045
14135, 1290 2272 3515 4026 4244
14781, 3954 6166 17486 17795 22393
9976, 986 1591 2143 2667 3599
1044, 1592 3732 8931 9669 19242
2301, 366 873 2143 2597 2844
2174, 1461 1977 3249 5809 5898
12486, 15094 19725 24407 27352 29815
8575, 4105 7992 10059 15971 20213
13758, 13373 21798 27040 27943 32479
6847, 11673 14351 14636 16790 18891
3774, 925 5038 8037 8426 10685
9096, 1721 3366 11264 17717 18484
2107, 530 573 637 1141 1264
8456, 52 909 1456 3078 3515
9339, 626 1074 4545 7984 8571
846, 2580 3209 3367 3667 5408
11660, 10514 19478 25696 26117 28199
13169, 171 194 747 960 2108
8042, 76 899 1460 1544 1942
4929, 2364 6630 9287 9780 18158
8375, 2108 4685 5527 10446 30261
4002, 4327 7597 8035 8589 8807
7035, 1049 1053 1283 1367 3168
7944, 2580 8669 8901 12318 13420
14523, 358 960 1447 1762 2108
10469, 52 309 2041 2049 8035
7902, 1289 1732 1836 16272 17150
6588, 5422 8442 15034 19529 19554
11406, 4230 7480 10261 22136 28966
1672, 1397 2522 6111 7501 8759
11051, 2817 3972 4605 6068 11131
4694, 8252 18178 19164 22104 22502
14512, 8426 13016 14357 16271 16425
6695, 52 7480 13260 26468 27343
8349, 2227 6254 6258 6421 28575
14105, 2219 2634 2938 3953 4020
3584, 114 4605 4732 5293 6627
3668, 7567 12450 14094 24392 28052
7307, 3076 4569 6238 6345 7586
6924, 2578 4785 7342 8810 16787
7497, 5258 5391 5650 9605 10952
5465, 7948 8189 12454 13965 15378
3399, 5806 8892 15031 21263 24226
14533, 8559 10300 11041 11750 22546
9229, 445 3431 3681 4262 6865
4653, 1627 8872 17240 21996 28153
5855, 2320 2792 5632 7937 7967
13560, 3515 7967 18192 22254 23030
1352, 17700 17908 17947 20332 22391
13062, 5578 14532 18615 19345 22552
7671, 6801 14932 17381 19027 20348
6613, 6537 9940 17389 23976 29150
7306, 133 2578 6461 9404 9415
9057, 4793 9213 10099 10405 15510
12262, 2871 7832 13974 15047 22319
12473, 260 2912 3083 3532 3585
3904, 6917 7337 7887 7925 10160
8277, 7677 13530 16499 24294 25215
6328, 5707 16492 17287 20246 21918
7269, 759 960 1141 2911 5111
14705, 2234 3980 4096 4441 8873
6120, 197 269 398 690 942
8186, 4769 7022 11271 15261 16660
10332, 6773 7402 10511 13061 27502
6282, 4180 11253 11964 14366 16482
3952, 2561 6111 11624 14532 21495
3809, 7107 7461 9178 13093 15973
4671, 473 774 970 1053 1073
1178, 9855 15469 23516 23879 27376
8208, 5304 6592 19022 27502 30653
3736, 316 11694 12422 14367 15980
3268, 505 2417 2634 6330 6374
4861, 912 1258 3974 15119 30014
4149, 252 3527 8039 9793 10546
2627, 2338 3523 8720 16949 18566
14533, 8559 10300 11041 11750 22546
5208, 108 220 9243 17881 20620
12984, 14775 17573 17648 23374 26197
11392, 194 1074 2569 3216 3366
15110, 976 2523 4036 4195 4543
6883, 1652 3661 7575 7584 10032
13005, 197 553 1836 1841 3165
548, 3168 3973 4368 8807 10357
14729, 7931 8181 14291 14535 15973
3774, 925 5038 8037 8426 10685
8665, 4020 17529 20255 21913 21996
5151, 4740 8541 9793 12516 14239
11406, 4230 7480 10261 22136 28966
10209, 347 1900 3050 6552 8358
1620, 103 626 2508 3593 3663
1524, 580 3631 7597 12520 14746
9656, 5971 6042 8499 9831 10125
267, 4853 9222 17763 19478 22813
6390, 3457 8233 9893 24894 29947
6430, 1119 1740 3493 3800 5028
13195, 4 2187 6502 10546 11259
7442, 1933 3070 5729 15119 16945
9398, 13355 13401 15803 17524 18167
2487, 7819 7928 9893 12029 30699
2582, 3564 3674 10767 14532 16155
11477, 76 107 786 960 1338
2067, 5435 10774 20975 21955 25286
13420, 3515 5002 6193 6531 8338
14706, 1242 12094 12719 13373 18070
6357, 131 689 848 1124 1360
11626, 553 1498 3857 4543 13711
7465, 1456 4904 7967 15280 19956
5349, 5730 7447 8100 13705 17398
6904, 3985 9577 14932 29383 33498
2765, 314 17380 20675 23867 25304
111, 269 2911 6703 8035 11366
4244, 370 1456 1977 2532 7415
3964, 2049 2234 12354 15743 17328
2743, 4557 7247 7265 9807 11318
14546, 322 2148 4796 5164 5834
13513, 739 1480 3991 5939 6450
14086, 12001 13000 17717 21454 24421
9244, 4532 11512 13502 15737 35317
11411, 2461 8035 16702 18944 26285
4393, 3661 3841 19861 27741 28199
9656, 5971 6042 8499 9831 10125
6415, 8759 10672 13782 20262 27502
9494, 551 1885 3387 16646 19718
7445, 2262 5227 11366 14616 20256
13394, 8759 10082 12866 14076 16845
11761, 848 5485 7037 7597 11724
8321, 12097 17524 17717 19618 20262
4480, 9831 12328 14076 16345 18986
15242, 9123 10628 12281 12651 17030
2596, 314 13142 15352 17266 21495
12449, 4321 4752 9066 9293 9831
9379, 2401 3662 3881 15593 19897
3116, 12007 16566 16671 29656 30599
1612, 7086 7342 9052 11693 12180
6818, 1304 1397 3366 4768 7793
13442, 1465 6334 10579 13855 22254
4400, 759 2209 3920 7693 18546
936, 3661 9728 13061 13067 18099
12608, 953 4109 8181 8366 8421
7784, 16802 17408 19164 19713 19799
14260, 5293 8848 15165 16716 20941
8406, 121 696 1730 2320 2759
13629, 4340 13643 16884 25984 30379
4197, 4228 5589 6363 8752 9420
14157, 201 3282 3785 8889 13651
8035, 2309 3841 4814 10548 12292
9274, 4 1873 7597 19798 26221
10415, 16826 22328 25696 27502 30058
5327, 1498 3674 13373 15280 18170
4550, 2537 6442 6478 8376 11473
7550, 3456 3755 5956 7961 10625
3973, 11403 15195 17445 26197 28130
1372, 3664 6259 11013 18110 25068
5800, 4732 8572 25513 29448 33463
12028, 17463 18629 29707 30821 33194
14965, 1489 6274 9484 11260 14630
8413, 775 11918 12653 21601 24639
8204, 1456 6892 10082 12354 12492
4619, 184 13726 18201 20635 26197
6638, 920 3184 5736 7184 18258
4574, 5416 8567 13941 14661 15928
729, 8932 9781 21557 23704 24698
14085, 1289 1547 2755 6440 10645
10423, 3527 9893 12866 17463 35100
839, 11259 14829 15089 16959 22806
9052, 100 129 1114 1759 2008
11799, 7101 20635 22109 23119 29464
12496, 4341 4426 4783 6461 9913
9583, 1576 4102 14669 17380 27241
11904, 909 1617 1977 4327 8297
15242, 9123 10628 12281 12651 17030
3255, 2003 11556 11688 23286 25967
13696, 883 4467 6570 8472 10625
13059, 6841 13355 17524 23125 24412
2361, 1289 3841 7811 8216 12997
5304, 3414 10010 11862 13323 13368
631, 11731 14508 23756 26658 27339
13362, 579 626 3569 5318 5885
1942, 474 2631 3281 3436 5945
4222, 5227 8156 8555 9577 9894
8406, 121 696 1730 2320 2759
8632, 4053 5926 7937 8252 8419
10176, 3092 5652 7972 8149 17769
6853, 3505 5145 8599 9123 9635
3109, 1569 10305 13016 19242 24103
9346, 3324 3974 4327 8035 9797
8071, 4 753 875 918 1647
9886, 357 1378 1745 1746 1904
4998, 4105 4735 12264 14264 21484
9686, 3223 4315 5137 5970 8844
6904, 3985 9577 14932 29383 33498
3929, 4070 4879 7675 15052 16106
1705, 3674 6461 10059 14709 15737
3834, 562 11868 14174 18354 20635
8062, 850 4584 9272 15353 20994
11716, 14701 14912 22338 29389 33755
4335, 1289 7555 13064 13220 13727
8119, 1289 10200 13343 13367 14225
13338, 1759 2817 3077 3366 11141
13010, 1618 9893 17717 20836 23388
11085, 626 6491 16367 19565 20919
1348, 1652 3066 18662 21045 25257
6448, 5352 17507 20819 24124 24447
15365, 2464 6769 7274 7705 17483
11716, 14701 14912 22338 29389 33755
8479, 9300 10410 19718 19801 24834
13940, 1447 4327 7086 18170 21505
11511, 7992 8549 14904 17782 19852
15351, 52 1184 1977 2523 3515
6528, 2036 3106 3751 4327 6090
10119, 2440 3100 7750 10200 12867
9191, 3633 8149 10203 12669 20620
4780, 3249 5713 8229 14533 16295
10810, 4 29 91 627 1074
9505, 1460 8472 11868 19868 24786
13940, 1447 4327 7086 18170 21505
3169, 9735 10915 12271 18222 22663
5062, 506 2234 10701 12295 14486
11263, 358 4652 12997 22347 27586
10876, 6068 6821 13502 13922 16339
6826, 7597 12841 15687 26401 28067
4922, 3077 5222 7107 7465 7759
1710, 218 1169 1490 1710 5796
14823, 228 697 1977 2041 3236
7913, 104 1074 1258 1304 2453
7875, 2781 3366 4708 5578 5844
9876, 1286 1544 6386 11987 13630
402, 853 1732 3199 4038 5220
3809, 7107 7461 9178 13093 15973
14636, 876 15469 18149 21818 31037
3225, 1695 2108 5360 7022 10278
8218, 2678 2817 3366 4258 4904
7198, 4319 12651 16403 17557 19798
10453, 366 7585 9577 11147 14738
14705, 2234 3980 4096 4441 8873
3849, 5515 17472 24771 27080 33703
14276, 5128 12102 14771 21945 26454
8419, 512 2766 4015 4696 7930
12275, 121 3661 3974 5216 6461
7369, 228 1141 6262 7407 8599
12733, 4394 12001 19478 21112 23293
10608, 10893 13920 15593 22007 31983
242, 1141 13069 14932 18383 19112
3821, 3670 10963 12261 19981 22796
10253, 3616 3639 21462 29427 34611
2813, 2049 2227 13726 25624 26020
5377, 133 1543 2447 2468 2578
10677, 553 8547 8966 9183 9718
11477, 76 107 786 960 1338
10253, 3616 3639 21462 29427 34611
10349, 855 2991 6214 23466 30901
9433, 909 1611 4041 4578 4768
8371, 17207 17272 33298 34765 35100
10573, 1103 3150 3704 7195 7510
3906, 3 259 347 541 667
1755, 418 876 2164 5901 9038
2953, 2782 4244 17313 20423 22615
4027, 2708 3292 3366 9098 10798
292, 5819 8027 8108 17529 18260
6148, 2236 2792 3216 4441 7179
1437, 100 4440 5578 6798 6973
6166, 7759 10059 13782 15917 16484
8173, 4197 21859 26094 26234 28303
11602, 2522 9630 11707 12564 16845
12643, 250 876 1543 2705 3199
11247, 3671 4461 4936 7827 9667
170, 12368 21020 23722 25150 28819
118, 6446 12997 16059 24910 32476
12187, 9148 9684 15195 17813 17982
3803, 6627 14767 17272 21412 35100
13587, 1057 2911 3853 6592 6699
10885, 1258 1360 7597 13390 15119
11961, 10200 12814 16766 17389 17679
1568, 1940 17645 17738 18966 22209
6196, 5425 12502 12614 19573 23481
8770, 5138 9693 10850 12384 18168
5845, 2464 4295 7592 9577 10963
1517, 49 3972 9012 9607 24519
11692, 6193 12160 21691 22180 24452
13498, 6027 6699 11492 16372 18170
10732, 2988 5161 7771 9577 10082
14034, 1721 3102 13260 26529 30622
10630, 689 1073 1303 1632 4039
760, 2339 7759 7876 8284 9135
989, 445 1447 3985 6760 7274
1732, 6411 7948 10422 10425 17138
13656, 2523 6047 12422 14414 15205
5149, 1652 9893 12305 14480 16297
15093, 5128 9178 14239 14556 16124
3364, 1436 5713 9576 14381 17149
9502, 1343 2078 2523 2755 5550
13016, 1762 2912 3633 8476 21265
14632, 57 128 166 223 579
11836, 1652 2563 3066 7625 9626
4747, 18303 18389 24391 25827 27502
13593, 1397 8411 8669 16345 26197
6419, 306 2709 16677 20569 28590
14473, 1306 2041 2049 3431 9074
6827, 353 963 1289 1617 1652
8887, 146 559 4148 5066 5310
3610, 214 7510 15174 19079 25934
6924, 2578 4785 7342 8810 16787
828, 13389 16330 19294 28736 29594
3564, 963 4685 5951 12441 13401
6355, 16484 19624 21101 24626 29221
406, 1686 2569 3431 5658 6552
8997, 920 4119 6111 24171 26044
11458, 445 2386 4605 6314 7461
3965, 228 418 773 1498 3598
7216, 1428 2561 3077 3216 16013
5823, 441 1271 2351 2420 5694
13370, 1447 2049 3662 3920 4406
11666, 3439 8187 13011 21530 22530
1094, 311 1590 3943 6503 6821
13927, 1192 2464 5360 6017 6193
11855, 871 1083 1543 3902 4416
10512, 1120 1748 3412 7146 7999
6540, 3446 4242 8294 8728 9676
13442, 1465 6334 10579 13855 22254
1723, 1149 11731 15523 17328 24128
12581, 11922 14539 14669 17380 19907
7581, 551 2108 2850 4491 4515
11862, 1912 4441 7785 9134 12372
9799, 353 1824 2049 6592 8447
4147, 2523 5058 8039 21263 24626
1152, 562 2623 2911 5993 6821
9555, 3370 8541 14852 17107 30433
2780, 1362 4307 5899 6206 8484
2762, 2623 5945 11323 17389 21780
5737, 428 1952 2450 4373 5346
7457, 3665 4814 8239 9214 11356
5522, 1153 1397 2262 2447 3928
2611, 2061 2623 3129 8108 8736
10890, 2523 6314 14932 15280 22003
6571, 3366 3755 3922 10047 10446
7098, 1289 2561 5352 6423 6879
13184, 637 770 5002 5474 6721
9303, 6821 12653 15971 21913 25670
2115, 2227 2464 7584 7600 7933
11292, 10452 13061 17515 27322 27419
5775, 266 4475 6122 9125 14020
10175, 6473 9853 16090 16724 27497
1446, 1460 12060 12866 21671 23137
1608, 9607 17463 19665 21358 23410
226, 2556 4105 13701 14050 15456
7457, 3665 4814 8239 9214 11356
8660, 1675 3704 6627 11259 12180
5266, 3049 8519 10354 12351 25554
2037, 3662 8027 11210 22620 23784
3584, 114 4605 4732 5293 6627
12523, 1397 3006 7144 16481 18741
9286, 6821 14537 18881 20203 34612
9555, 3370 8541 14852 17107 30433
14356, 3077 3387 11754 15372 16826
9996, 2453 3661 7625 8265 8510
8727, 1306 5286 11435 17938 25243
27, 10059 11237 13782 16571 19987
3849, 5515 17472 24771 27080 33703
3774, 925 5038 8037 8426 10685
12706, 4283 7327 8776 11553 15351
5098, 3511 8108 10289 13957 15488
8660, 1675 3704 6627 11259 12180
7031, 1618 2459 3951 7147 7898
14219, 76 2441 8426 25618 27015
5342, 1675 2556 3847 4346 8519
2372, 1556 6901 7157 8530 12417
11950, 530 1952 2667 8324 8415
7239, 2320 3341 7438 17607 20950
9117, 573 6476 10546 12034 17463
6040, 1015 6111 14644 15031 18139
7846, 993 10206 19659 20279 21245
14533, 8559 10300 11041 11750 22546
8632, 4053 5926 7937 8252 8419
5855, 2320 2792 5632 7937 7967
13041, 3958 9456 18200 19705 20063
9886, 357 1378 1745 1746 1904
11545, 994 10971 26534 30419 34926
11378, 14532 14669 21372 22125 23850
3051, 1057 3674 24586 25188 25920
1654, 13142 15086 19022 27684 29781
9393, 15081 15604 18273 18665 21807
14595, 14270 14623 16269 16397 16877
5300, 1902 4919 5633 6374 7720
3736, 316 11694 12422 14367 15980
5074, 4213 7375 7787 9631 10642
5634, 7704 8426 15735 17389 25887
9799, 353 1824 2049 6592 8447
14251, 1759 6108 7035 9170 16523
9057, 4793 9213 10099 10405 15510
13502, 718 2143 3527 4800 6111
13029, 2522 4953 27477 29510 31432
11247, 3671 4461 4936 7827 9667
5692, 5447 6363 7380 11846 12944
5830, 133 753 9681 13701 15983
1689, 3667 4731 10824 12933 13193
8363, 759 970 1188 2108 2554
3354, 7811 15687 18217 28867 31268
1348, 1652 3066 18662 21045 25257
12769, 1619 4199 4525 9770 10082
10171, 403 4219 5255 9784 26713
14472, 18 1057 1729 6892 7592
14601, 16923 21760 22875 23360 23836
15219, 3680 3841 7824 10645 14239
10447, 2705 9420 22254 27139 29707
6547, 1179 2692 4419 4779 7558
10573, 1103 3150 3704 7195 7510
11077, 6111 6773 8205 9735 18099
11510, 1447 6111 9577 10644 27650
12211, 4202 4445 5301 6305 15809
10109, 54 75 962 1192 1836
15114, 1076 2578 9577 10446 11366
9398, 13355 13401 15803 17524 18167
14126, 4698 11261 13820 17696 20964
2626, 2442 2585 8599 13360 21037
4136, 7162 11528 22254 25382 36109
12823, 2098 3434 3865 17157 20389
13169, 171 194 747 960 2108
6416, 1056 1292 1338 3680 6194
1067, 2182 4154 4317 5723 6186
8907, 573 4122 4735 16511 19242
6680, 6821 12180 13425 17207 22347
13672, 11830 12221 16284 28213 28514
687, 91 909 3768 3974 5677
9254, 612 960 1476 3992 5713
11075, 1498 6561 6627 10262 17380
10332, 6773 7402 10511 13061 27502
6613, 6537 9940 17389 23976 29150
5291, 2120 11165 13478 19636 19654
13722, 846 8606 9927 11081 17767
9732, 2447 3681 5352 6461 7657
6510, 3869 6442 7592 9052 14414
10947, 2858 2924 5926 6254 6708
3251, 717 3530 5371 9719 9953
14206, 347 7930 9266 11366 13197
11945, 1289 7625 17513 17534 17813
10190, 4143 5584 6771 7096 8353
10052, 2623 4122 4735 6821 10082
8013, 3318 3328 4894 6276 6566
3876, 5849 26473 29650 32117 32341
10566, 639 4394 5137 7501 8092
5459, 1147 1397 7504 12454 13796
2199, 4198 7390 7937 9078 14416
1216, 9224 15674 18546 20276 20282
8130, 1192 1258 1826 2227 3220
4620, 3665 8096 9855 14738 15469
4450, 4554 5054 10200 11005 14381
3708, 2108 2284 2614 3674 4020
6120, 197 269 398 690 942
5293, 1203 5713 9793 10342 14777
14034, 1721 3102 13260 26529 30622
15298, 1267 5818 11811 17696 19618
10835, 5945 15279 16419 18768 18791
9440, 876 1033 1654 3661 4122
3584, 114 4605 4732 5293 6627
1705, 3674 6461 10059 14709 15737
4966, 657 3209 4791 7825 16016
2660, 5290 7560 14556 21676 22049
4978, 269 6391 7933 12338 14599
12531, 269 942 1781 5425 7886
11489, 559 2712 11131 11477 22272
7529, 562 626 637 2578 3661
6459, 5488 12492 14636 20635 20955
10070, 8035 10446 21589 22975 26340
631, 11731 14508 23756 26658 27339
8375, 2108 4685 5527 10446 30261
14675, 970 7031 8590 17445 17597
11641, 2143 4605 5578 8013 9420
2122, 269 598 876 7579 17850
15008, 2227 3077 6132 6281 7597
3879, 4236 4558 6239 15491 16171
6741, 3974 5018 8933 13015 13489
122, 100 876 1289 1592 4532
9129, 54 5138 7274 22094 24804
12215, 3176 11595 15183 17724 21484
11667, 1466 2272 3714 3751 6155
14085, 1289 1547 2755 6440 10645
5767, 526 2088 2814 4475 4577
11855, 871 1083 1543 3902 4416
2792, 2161 4398 7788 9012 9704
2070, 3040 4913 7737 9934 10488
14093, 5292 6623 15971 16571 18060
11950, 530 1952 2667 8324 8415
927, 3674 5220 7555 11776 14351
1705, 3674 6461 10059 14709 15737
2646, 7287 9783 10082 10483 11556
8357, 7592 8149 8426 10200 20620
11725, 3587 4105 12851 13142 15737
6148, 2236 2792 3216 4441 7179
2345, 2181 3930 15773 16025 16797
14342, 184 516 3431 3527 4020
6040, 1015 6111 14644 15031 18139
15071, 5184 8549 14976 15246 23662
6246, 49 5578 6353 9794 14366
8418, 1207 1832 2024 4171 4225
9014, 15973 17782 22803 25363 30173
3702, 1702 7727 8257 8589 16456
2892, 1190 1654 3782 6481 8530
3965, 228 418 773 1498 3598
9204, 368 579 5423 6482 7100
8289, 1829 4012 4747 7150 8589
602, 2574 3386 5715 6054 6135
12895, 3661 4039 5364 11937 12281
6826, 7597 12841 15687 26401 28067
8038, 4283 6530 9134 14762 26428
9777, 1729 19956 21406 23569 27433
3340, 4328 7221 9255 12778 33334
7953, 1762 3175 6259 19858 20168
12721, 4475 7759 7876 9577 12997
10841, 5227 7759 14697 17708 20484
15146, 2580 3340 3456 3857 3989
10513, 775 1723 6017 11109 12255
12480, 781 942 1290 1306 1728
7853, 2164 3674 8216 17815 27009
1113, 5858 6343 6530 6855 8297
1674, 3165 3380 3564 3985 4266
1035, 2712 10935 14734 27132 28199
7072, 1001 1299 1411 8672 11363
12734, 1141 2041 4228 9012 12873
2558, 8756 14043 18099 22331 26547
780, 392 395 3007 3826 6112
10475, 1617 7220 17648 21063 29848
12423, 91 711 5248 6258 7657
8665, 4020 17529 20255 21913 21996
15326, 12163 13094 13948 18717 24025
855, 7498 8549 9735 13473 18546
4955, 3156 3609 16955 22600 26131
13458, 75 126 826 1009 2190
11920, 52 775 5128 7999 15530
1551, 963 2578 6552 9684 15803
6203, 8216 10059 13502 15971 29005
10089, 5403 7248 8846 14793 16051
6556, 1434 1460 2073 2589 3006
14589, 8297 8875 25642 27464 32301
2281, 75 4301 4470 5050 6123
5610, 759 3527 6773 7815 9052
11223, 4652 6461 9415 11237 18025
5339, 1302 2049 5744 7734 8096
8186, 4769 7022 11271 15261 16660
15070, 1675 6446 9607 25670 28688
8815, 5208 6412 6708 7105 13782
8277, 7677 13530 16499 24294 25215
4970, 473 1841 3835 3974 4173
9404, 2569 6152 7759 10488 20810
7216, 1428 2561 3077 3216 16013
5992, 1981 6839 7903 9847 26486
8242, 2836 7504 12997 15687 15791
11287, 7619 8368 9577 11966 25307
2695, 2157 3587 5146 10879 14841
6175, 1076 2911 3674 3985 4180
4480, 9831 12328 14076 16345 18986
2213, 4708 7056 8426 9052 11012
2717, 3841 6301 10059 17644 26951
10881, 4955 6561 7992 16956 17207
12206, 3456 6087 7243 8962 12812
12407, 4605 6343 6627 8810 9178
11563, 1074 1904 4862 6461 9074
12146, 9577 10446 21406 30653 33173
8939, 6461 6643 6773 7393 11707
2558, 8756 14043 18099 22331 26547
8335, 1397 3496 4219 5111 6892
9775, 7659 9780 13323 14249 19718
11919, 7759 9861 15086 17815 25694
12167, 2219 3181 3503 4849 8846
14246, 75 149 4077 11458 12632
13985, 3070 4688 11261 17207 23555
3281, 562 7021 7811 8488 9239
5617, 1268 6347 28009 29229 32195
7906, 2391 2556 6704 10466 10859
756, 551 7622 8752 10059 10452
1097, 3865 10022 17150 17607 18603
2707, 6616 11998 14823 18162 19578
4780, 3249 5713 8229 14533 16295
6531, 4735 6476 6627 7759 9012
3496, 12019 17239 25815 26432 27317
416, 350 1695 1730 2759 2953
10204, 6637 11435 12491 13708 14128
6079, 6155 6871 7393 8216 12354
6357, 131 689 848 1124 1360
1963, 876 4787 4955 7393 8426
10748, 2192 4423 8274 11486 13237
1294, 1605 2361 2403 4923 6804
13606, 2468 5945 7419 7555 9893
5588, 145 2813 2902 6346 6415
573, 7274 8643 10468 13876 14059
36, 8447 17856 18911 31992 32479
5550, 680 1476 1577 1728 3554
14475, 2320 17380 26346 27135 28587
3842, 2272 8420 8788 10640 16903
14846, 4373 23014 25515 27885 32916
4248, 7064 7705 8665 13988 16577
11085, 626 6491 16367 19565 20919
8833, 6111 13726 20484 22330 26285
6438, 843 970 1306 1456 3216
2124, 5184 6627 7380 9420 10098
6598, 551 1219 7967 8751 21245
7910, 445 1055 1289 1498 1531
13120, 1177 1819 2494 3598 4045
9439, 14658 21752 30595 30982 32347
13299, 3985 4737 8170 11385 16850
11653, 306 3426 9066 26338 27436
8613, 8259 18026 18233 18456 19104
14423, 2972 3875 5242 12092 16022
1600, 1267 4491 4792 5048 5065
5044, 11752 14629 18049 27287 27559
840, 1438 6461 11274 12778 27569
4742, 2898 5292 6482 11891 12007
11378, 14532 14669 21372 22125 23850
3025, 4859 5575 6699 9765 9893
330, 1977 5360 7147 11624 11648
11358, 562 2068 3439 12188 12492
10070, 8035 10446 21589 22975 26340
7875, 2781 3366 4708 5578 5844
2243, 7806 8006 12761 17206 23830
3894, 2151 2522 4328 4762 5227
6246, 49 5578 6353 9794 14366
7393, 3 6 32 100 194
1551, 963 2578 6552 9684 15803
9572, 75 775 4410 8035 8156
957, 2364 9552 10085 16426 21825
12187, 9148 9684 15195 17813 17982
9548, 4708 10300 10701 11868 12328
9014, 15973 17782 22803 25363 30173
5144, 3062 4259 6612 6773 7393
828, 13389 16330 19294 28736 29594
14552, 1133 16959 20956 22473 24224
5650, 1447 7274 8717 9607 10082
11832, 7544 8266 9505 16916 18559
11800, 8013 13750 22229 23760 31633
7987, 6500 7851 8113 11544 20063
14378, 10488 11372 26346 27241 33246
3409, 52 2578 4652 5945 6343
3118, 3216 4105 7150 12384 14572
7113, 13534 15743 17815 18069 24109
4111, 2041 2866 3513 3826 6003
10253, 3616 3639 21462 29427 34611
12063, 2161 7402 15086 17278 19525
8358, 13198 14366 16430 21062 27294
5508, 4504 4833 6405 15826 28704
3703, 178 2003 7930 8964 10824
6973, 9012 13502 18741 27132 29046
10654, 54 6592 8426 15530 19624
10513, 775 1723 6017 11109 12255
9534, 2049 2227 23949 25421 25938
967, 7991 10413 14020 16394 20582
10012, 3545 6238 8756 8925 8962
3704, 10644 17794 18139 26197 26898
11589, 7618 7693 10262 11857 12330
7341, 21478 26925 31544 31794 36289
4911, 6 6237 11290 14811 21364
9360, 8040 12997 14728 19127 26335
8750, 5062 6118 8457 9626 12924
13366, 114 2561 5292 7759 21649
11007, 2671 4154 14076 14800 16367
2416, 1993 4088 5013 6031 8795
1551, 963 2578 6552 9684 15803
887, 2222 6035 12196 13630 16597
1044, 1592 3732 8931 9669 19242
14105, 2219 2634 2938 3953 4020
11458, 445 2386 4605 6314 7461
11641, 2143 4605 5578 8013 9420
9802, 7759 13390 14780 18741 23987
12162, 2578 4223 6461 6552 8134
3965, 228 418 773 1498 3598
5761, 10962 12354 13367 19725 19891
15242, 9123 10628 12281 12651 17030
6888, 1686 1904 2143 2569 4327
12004, 8013 12997 17936 18178 23089
5814, 373 1272 2427 3989 4649
1563, 1654 8898 20884 30616 31291
7910, 445 1055 1289 1498 1531
402, 853 1732 3199 4038 5220
13787, 6 4407 4586 6568 8452
15365, 2464 6769 7274 7705 17483
13495, 350 2836 9987 11072 11505
14595, 14270 14623 16269 16397 16877
9164, 846 2578 6727 10491 12454
11686, 603 1617 1853 3007 3584
5417, 2143 7480 12841 14988 15293
10040, 100 10047 11329 15280 24758
9164, 846 2578 6727 10491 12454
1216, 9224 15674 18546 20276 20282
4829, 1583 3073 4783 4922 6461
7780, 2417 3432 3841 5578 5652
8539, 7254 14302 18276 19762 29012
8208, 5304 6592 19022 27502 30653
10653, 809 9291 9942 15050 16142
9442, 2711 3958 17205 34078 34739
6175, 1076 2911 3674 3985 4180
14032, 70 366 1759 2623 3118
14194, 1977 2623 3759 7318 7966
4714, 2041 18717 19188 24226 27769
7380, 8504 10446 13257 14260 17676
477, 107 562 718 1009 1725
14126, 4698 11261 13820 17696 20964
10476, 3532 3922 8710 11556 14741
8144, 3847 15625 19909 22540 25624
7906, 2391 2556 6704 10466 10859
9331, 114 1730 3281 5293 6122
882, 4939 5292 6829 7815 11038
6222, 3432 3661 9831 12019 13913
2346, 417 861 909 1009 1447
197, 1138 2697 8573 10200 12997
10516, 2578 2960 3271 19101 19244
6478, 345 1289 1456 1810 2049
7497, 5258 5391 5650 9605 10952
6357, 131 689 848 1124 1360
6246, 49 5578 6353 9794 14366
9014, 15973 17782 22803 25363 30173
8997, 920 4119 6111 24171 26044
1721, 1149 1253 2247 5734 7815
13909, 133 2692 3751 3963 4216
5610, 759 3527 6773 7815 9052
6414, 269 1221 3006 10246 11081
11634, 942 1447 3050 3598 5934
204, 2824 13281 17597 26360 27914
11996, 1304 1306 1447 1456 2143
5873, 1448 7815 8959 14020 17782
6133, 2953 4605 5575 6152 6442
2360, 2892 6314 6478 7406 7415
1690, 3985 13142 17676 18708 19332
3169, 9735 10915 12271 18222 22663
3281, 562 7021 7811 8488 9239
12473, 260 2912 3083 3532 3585
441, 184 9730 18168 24512 25624
12063, 2161 7402 15086 17278 19525
10209, 347 1900 3050 6552 8358
2067, 5435 10774 20975 21955 25286
8624, 1617 3007 13011 15816 16411
3186, 7022 8094 13061 13728 27559
6196, 5425 12502 12614 19573 23481
4911, 6 6237 11290 14811 21364
8626, 2108 13001 13502 14289 18200
10016, 52 13726 23240 31992 36599
11075, 1498 6561 6627 10262 17380
4790, 6627 24639 25421 32260 34826
8971, 2508 3413 7107 13889 20727
10336, 2442 2464 3186 4096 14899
15146, 2580 3340 3456 3857 3989
5504, 526 15467 21187 23960 26652
1446, 1460 12060 12866 21671 23137
2310, 960 7368 8394 10576 11871
11348, 2339 7759 16747 19739 23302
3809, 7107 7461 9178 13093 15973
15160, 8496 16646 18117 23049 26605
13120, 1177 1819 2494 3598 4045
1610, 5754 8007 17098 21138 21544
7789, 1736 6129 7539 15435 22252
9291, 100 2284 2623 5279 6853
12769, 1619 4199 4525 9770 10082
11650, 14630 23154 28189 28237 28817
1191, 9258 11735 12805 15687 17878
1359, 2389 4807 9824 27078 32573
3904, 6917 7337 7887 7925 10160
11845, 11962 23967 24408 27360 28639
4901, 3594 6442 10200 12354 14572
2316, 3751 5010 7922 12313 17606
12991, 5945 7481 7903 10446 11264
2624, 269 1447 14599 28341 35100
9331, 114 1730 3281 5293 6122
4846, 4 1759 2523 3115 3759
11685, 11677 14835 17762 19564 23710
10336, 2442 2464 3186 4096 14899
9915, 2464 3826 5578 8216 25940
406, 1686 2569 3431 5658 6552
1113, 5858 6343 6530 6855 8297
4198, 4833 12074 13746 22496 26325
9329, 1538 7696 9213 12550 20144
10507, 6527 8068 9645 10165 10985
10630, 689 1073 1303 1632 4039
8042, 76 899 1460 1544 1942
3821, 3670 10963 12261 19981 22796
13511, 1729 2108 2803 3242 3439
6047, 6552 8170 8630 9415 16825
6902, 9577 11484 12614 13130 19853
13112, 1076 16272 17815 21099 21296
13309, 3704 6363 10097 14767 17207
791, 1033 4626 10705 16103 18512
8363, 759 970 1188 2108 2554
12380, 17463 18389 19040 27425 29308
12075, 562 775 876 1574 2417
1522, 4171 5713 6014 6643 7031
14612, 3974 10631 16118 16424 16741
14208, 1600 2041 2441 2442 2569
2428, 20004 23989 25577 29578 29990
9971, 6334 15139 17815 26889 34763
6199, 366 2677 8278 11707 13130
1620, 103 626 2508 3593 3663
14512, 8426 13016 14357 16271 16425
1161, 6589 10092 12293 19810 27237
11283, 4295 10446 15971 16571 16585
2957, 942 1147 4785 6442 8559
14846, 4373 23014 25515 27885 32916
14790, 2049 2561 5227 11922 14532
10458, 3472 22029 23154 24462 25887
14628, 2943 3342 8480 11108 11219
206, 2712 3216 3527 16687 24479
6028, 10546 12102 17207 17815 21412
3594, 4720 8873 14575 14796 16977
4319, 9130 12229 13489 17256 19093
1344, 184 5089 13701 18222 19073
6651, 53 61 250 252 304
5990, 10200 10546 17708 24342 24837
9777, 1729 19956 21406 23569 27433
840, 1438 6461 11274 12778 27569
995, 70 505 909 1259 1289
12695, 1289 2294 4194 7354 9793
8173, 4197 21859 26094 26234 28303
6738, 579 1904 2164 2792 3431
1517, 49 3972 9012 9607 24519
8703, 759 1422 14616 16628 23571
6235, 100 1030 2731 3645 5128
3463, 366 2464 8962 10452 30019
9275, 2227 8426 10082 12102 15086
11346, 9223 9548 11570 13415 18196
7574, 3398 6314 6592 7451 10430
7341, 21478 26925 31544 31794 36289
7009, 548 2722 3534 5309 6232
14243, 2464 2912 6542 15361 19363
3428, 8096 14533 18694 28716 32213
417, 5747 6516 11665 27052 27816
8594, 184 1652 3515 3661 5884
3118, 3216 4105 7150 12384 14572
14512, 8426 13016 14357 16271 16425
10890, 2523 6314 14932 15280 22003
14587, 551 3078 3431 3820 6150
2611, 2061 2623 3129 8108 8736
908, 3759 8205 10583 26577 31526
5336, 10822 12738 19426 22347 27409
3751, 3670 5293 9675 12881 13385
1675, 1738 2339 3077 8039 9934
5711, 75 946 8191 8792 18105
9935, 3216 10488 13701 26346 32727
7195, 1757 2990 7480 9765 11846
15159, 4310 10134 10663 22553 23213
5987, 2514 7880 14852 19110 26889
682, 12806 13067 18436 19772 20848
12582, 11366 14366 26468 28964 33755
5070, 88 761 852 925 956
9303, 6821 12653 15971 21913 25670
1431, 1194 2417 4584 6767 14239
6047, 6552 8170 8630 9415 16825
1044, 1592 3732 8931 9669 19242
11816, 626 7622 7625 13752 16584
3385, 10193 15758 17529 21304 23598
1065, 7032 9189 10300 12974 12996
8363, 759 970 1188 2108 2554
6741, 3974 5018 8933 13015 13489
9117, 573 6476 10546 12034 17463
9937, 1149 2133 5850 9730 15293
7987, 6500 7851 8113 11544 20063
12679, 3276 8939 12102 17060 19637
10500, 4968 5035 7733 10301 11652
13203, 3847 5880 9535 11109 15983
6861, 3387 6461 10059 10184 13899
50, 8549 10059 10546 13502 14264
9527, 2712 3456 4833 8519 9913
15114, 1076 2578 9577 10446 11366
12716, 4020 8878 12376 12641 17030
8358, 13198 14366 16430 21062 27294
8995, 7903 9833 13130 13977 14697
9254, 612 960 1476 3992 5713
248, 8504 8519 15293 18546 21913
7067, 8959 16153 19907 27139 36492
6087, 1853 5713 7076 8606 9233
7634, 1397 8061 11147 16787 21530
3680, 11512 14956 15142 22364 32030
5800, 4732 8572 25513 29448 33463
3993, 636 7789 8225 24578 25860
4216, 14404 22543 25444 27384 31291
9164, 846 2578 6727 10491 12454
8, 4244 5681 10028 10766 14976
14175, 8205 14767 19622 21412 24626
908, 3759 8205 10583 26577 31526
10844, 1289 6111 10685 10701 12814
14548, 2227 5889 8394 12023 13035
4361, 2051 5527 6450 23137 28897
3748, 269 579 718 1184 1543
13458, 75 126 826 1009 2190
10777, 3593 3920 6893 9045 9625
2418, 4 7966 8504 12635 18099
12888, 1678 3066 7421 8519 9535
2063, 5227 13125 16503 17463 22029
10447, 2705 9420 22254 27139 29707
14872, 114 3937 5292 5578 5834
419, 2417 2924 3497 5713 7811
13950, 589 693 2562 2953 3214
2657, 1836 3431 3661 4180 4419
4634, 228 6782 12102 17732 21913
6000, 2049 2578 6111 19529 25363
10947, 2858 2924 5926 6254 6708
6087, 1853 5713 7076 8606 9233
13826, 3431 8752 14854 15082 16544
8310, 1603 2666 2833 3123 5044
9252, 535 983 1145 4394 26500
13798, 9226 15894 16207 19242 24092
8620, 1289 1977 2911 4475 5578
13126, 6853 16257 17813 18791 23802
11920, 52 775 5128 7999 15530
10757, 4685 20177 20835 21867 22118
6345, 474 1258 3414 5890 7928
1600, 1267 4491 4792 5048 5065
6571, 3366 3755 3922 10047 10446
13016, 1762 2912 3633 8476 21265
15299, 3665 8235 14308 21247 23012
8071, 4 753 875 918 1647
6476, 14583 15700 19275 23001 31459
2399, 551 2050 2536 6343 14932
8080, 9159 10305 14462 20909 21644
2174, 1461 1977 3249 5809 5898
1113, 5858 6343 6530 6855 8297
9548, 4708 10300 10701 11868 12328
13672, 11830 12221 16284 28213 28514
11892, 723 2971 13889 14101 14796
12360, 9336 15418 18607 23747 36318
2486, 2234 9035 12372 18562 21913
7079, 6430 7931 19345 28541 36855
14729, 7931 8181 14291 14535 15973
10659, 17540 22613 26092 28216 31612
11331, 3551 13782 14535 16339 31076
10169, 5111 18453 24342 25446 32260
8062, 850 4584 9272 15353 20994
7589, 4005 6376 9148 18886 35317
6657, 1185 1289 3007 3665 3841
10177, 5175 8277 11329 15031 16345
7957, 1783 2629 9074 11048 20158
8130, 1192 1258 1826 2227 3220
3198, 5292 6132 6343 26197 30898
8906, 579 1267 1686 3222 3366
6148, 2236 2792 3216 4441 7179
3171, 615 2464 2671 5038 5054
10136, 1076 2442 8145 11767 13323
12903, 76 6782 7480 8437 9855
3271, 2234 11366 18546 20620 20955
6938, 7824 13041 18892 27013 28287
4185, 3366 6703 15293 19642 23638
6818, 1304 1397 3366 4768 7793
5465, 7948 8189 12454 13965 15378
14601, 16923 21760 22875 23360 23836
1478, 3945 8482 11758 17732 18884
7583, 6363 9117 9794 17943 28607
10000, 2339 4926 9012 13998 25656
6985, 6035 7819 18027 18692 21293
9994, 8925 14705 18405 18916 20975
12127, 417 1028 2707 7110 14143
9464, 1652 3316 11977 13897 15957
3533, 52 9404 13547 16597 16730
13758, 13373 21798 27040 27943 32479
13898, 2320 2464 5527 5699 5713
2823, 58 551 747 1036 1074
14128, 5013 6473 17207 17721 28967
5652, 843 912 3254 3778 4104
13636, 944 19072 21146 24263 33855
15197, 3704 8284 9607 12019 15280
6624, 919 1447 13301 23756 29781
10162, 11323 13585 15687 15831 22384
8021, 2357 6985 7835 11067 18390
1875, 294 749 1083 1211 1805
15261, 345 424 962 1209 1873
10204, 6637 11435 12491 13708 14128
4393, 3661 3841 19861 27741 28199
14313, 3765 7392 9735 16272 17982
14632, 57 128 166 223 579
7580, 3006 5899 7274 7869 12443
1732, 6411 7948 10422 10425 17138
11477, 76 107 786 960 1338
10532, 4993 17207 19837 23506 25581
8358, 13198 14366 16430 21062 27294
10617, 1959 18168 27650 30091 36109
11667, 1466 2272 3714 3751 6155
11072, 3826 14932 19632 20620 22850
12075, 562 775 876 1574 2417
5335, 1289 9012 13502 17644 26762
1726, 228 1650 1836 2136 2167
15069, 52 1422 1675 2921 3106
7915, 235 3248 3451 5768 6379
6954, 909 1023 1596 1797 2073
4197, 4228 5589 6363 8752 9420
10507, 6527 8068 9645 10165 10985
779, 12384 24342 24488 28688 30653
