userId,testValues
4, 0 0 0 0 0
5, 6 6 6.000000e+00 4 4
8, 10 10 10 10 10
9, 10 0 0 0 0
13, 0 0 0 0 0
18, 10 9 9 9 9
19, 10 9 7 7 0
23, 0 0 0 0 0
26, 8 0 0 0 0
29, 8 0 0 0 0
31, 10 0 0 0 0
32, 0 0 0 0 0
33, 0 0 0 0 0
35, 9 0 0 0 0
37, 6 0 0 0 0
51, 9 9 9 8 8
52, 10 6 0 0 0
53, 6 6 0 0 0
54, 10 7 5 5 0
61, 3 0 0 0 0
64, 10 10 0 0 0
69, 9 8 8 8 8
76, 6 6 0 0 0
78, 0 0 0 0 0
79, 8 0 0 0 0
85, 0 0 0 0 0
89, 6.000000e+00 0 0 0 0
92, 0 0 0 0 0
93, 10 10 10 1 1
95, 8 7 6 6 6
100, 10 10 10 0 0
104, 8 7 0 0 0
105, 1.000000e+01 0 0 0 0
109, 6.000000e+00 5 5 3.000000e+00 3.000000e+00
110, 8 7 0 0 0
111, 1.000000e+01 10 10 10 10
112, 0 0 0 0 0
122, 10 9 9 8 8
126, 10 10 10 10 10
131, 1 1 0 0 0
132, 0 0 0 0 0
136, 10 10 0 0 0
140, 9 0 0 0 0
144, 0 0 0 0 0
145, 5 0 0 0 0
146, 10 10 10 0 0
151, 9 8 0 0 0
152, 10 10 10 10 10
155, 8 8 7 0 0
156, 10 10 10 6 0
160, 0 0 0 0 0
162, 10 10 10 7.000000e+00 7
164, 3 0 0 0 0
165, 0 0 0 0 0
166, 0 0 0 0 0
169, 0 0 0 0 0
173, 9 9 8 8 8
179, 8 8 7 7 7
184, 5 0 0 0 0
185, 10 10 10 3 3
186, 10 10 10 10 10
187, 7.000000e+00 6 6 5 2
189, 10 2 0 0 0
190, 0 0 0 0 0
191, 0 0 0 0 0
197, 8 7.000000e+00 7.000000e+00 7 7
205, 0 0 0 0 0
208, 0 0 0 0 0
209, 0 0 0 0 0
217, 0 0 0 0 0
218, 10 7 0 0 0
222, 0 0 0 0 0
223, 10 10 10 10 10
234, 9 9 9 0 0
240, 6 5 0 0 0
246, 2 0 0 0 0
247, 10 10 0 0 0
250, 0 0 0 0 0
257, 10 10 0 0 0
258, 8 0 0 0 0
268, 0 0 0 0 0
269, 0 0 0 0 0
270, 0 0 0 0 0
274, 0 0 0 0 0
278, 7 7 7 7 0
281, 1.000000e+01 1.000000e+01 9 9 9
288, 7 7 0 0 0
294, 7.000000e+00 7.000000e+00 0 0 0
296, 8 0 0 0 0
299, 7 1 1 0 0
301, 1 1 1 0 0
308, 10 10 0 0 0
310, 0 0 0 0 0
312, 0 0 0 0 0
314, 6 6 6 0 0
318, 0 0 0 0 0
321, 10 10 10 9 8
326, 6 0 0 0 0
327, 9 8 0 0 0
333, 6 0 0 0 0
336, 6.000000e+00 6.000000e+00 6.000000e+00 0 0
337, 8 6 6 0 0
339, 8 7.000000e+00 7 7 7
344, 6 6 0 0 0
350, 8 0 0 0 0
353, 0 0 0 0 0
355, 10 10 0 0 0
359, 10 10 10 8 7
361, 10 10 0 0 0
364, 9 0 0 0 0
365, 9 9 9 8 8
374, 9 8 8 8 8
375, 1.000000e+01 0 0 0 0
376, 0 0 0 0 0
378, 9 0 0 0 0
379, 0 0 0 0 0
380, 9 6.000000e+00 6.000000e+00 0 0
383, 0 0 0 0 0
385, 0 0 0 0 0
388, 5 0 0 0 0
390, 5 0 0 0 0
393, 2 2 0 0 0
399, 8 8 0 0 0
401, 10 10 10 10 10
405, 0 0 0 0 0
412, 10 10 10 7 0
413, 10 10 9 9 8
415, 0 0 0 0 0
418, 8 0 0 0 0
431, 6 6 5 5 5
433, 10 10 9 9 7.000000e+00
441, 10 9 8 8 8
443, 10 7 7 5 0
445, 7 0 0 0 0
449, 0 0 0 0 0
456, 0 0 0 0 0
458, 10 10 8 0 0
459, 9 0 0 0 0
463, 10 0 0 0 0
466, 0 0 0 0 0
477, 1.000000e+01 1.000000e+01 1.000000e+01 10 10
478, 10 10 0 0 0
481, 10 10 0 0 0
487, 10 4 4 1 0
488, 0 0 0 0 0
491, 1 1 1 0 0
494, 0 0 0 0 0
503, 10 10 10 10 10
504, 0 0 0 0 0
508, 1 0 0 0 0
509, 10 10 10 10 10
510, 0 0 0 0 0
511, 0 0 0 0 0
516, 9 8 2 2 0
524, 1 1 0 0 0
527, 1.000000e+01 10 10 10 0
531, 7 0 0 0 0
532, 0 0 0 0 0
541, 9 0 0 0 0
542, 10 10 10 0 0
543, 0 0 0 0 0
549, 1.000000e+01 10 10 10 1.000000e+01
551, 10 10 0 0 0
559, 6 6 6 6 6.000000e+00
565, 8 8 2 2 0
568, 7 0 0 0 0
569, 8 8 8 7 7
572, 10 0 0 0 0
582, 0 0 0 0 0
589, 0 0 0 0 0
590, 6 6 0 0 0
592, 0 0 0 0 0
595, 7 0 0 0 0
599, 9 9 9 9 9
600, 9 9 9 9 0
603, 8 8 8 8 7
605, 8 8 7 5 0
606, 10 7 6 6 0
615, 0 0 0 0 0
616, 10 0 0 0 0
617, 9 9 9 9 8
621, 0 0 0 0 0
632, 4 0 0 0 0
643, 10 10 0 0 0
646, 0 0 0 0 0
651, 0 0 0 0 0
652, 7.000000e+00 7 7 4 2
653, 8 7.000000e+00 3 0 0
654, 0 0 0 0 0
658, 0 0 0 0 0
659, 0 0 0 0 0
663, 9 9 9 9 9
665, 0 0 0 0 0
673, 0 0 0 0 0
675, 8 8 7 7 7
680, 10 10 0 0 0
681, 10 10 10 0 0
684, 9 9 6 6 5
691, 9 7 0 0 0
696, 0 0 0 0 0
700, 10 9 9 9 9
705, 8 5 5 4 2
706, 0 0 0 0 0
710, 0 0 0 0 0
712, 1.000000e+01 10 8 7 0
713, 10 0 0 0 0
715, 0 0 0 0 0
717, 8 0 0 0 0
722, 7.000000e+00 6.000000e+00 6 6 0
725, 0 0 0 0 0
729, 8 8 8 8 8
733, 7.000000e+00 0 0 0 0
739, 6.000000e+00 0 0 0 0
741, 1.000000e+01 10 10 10 10
744, 0 0 0 0 0
747, 1 1 0 0 0
750, 10 8 8 0 0
757, 0 0 0 0 0
759, 8 0 0 0 0
761, 7 0 0 0 0
773, 10 10 10 10 10
777, 0 0 0 0 0
780, 10 10 9 9 9
782, 10 1 0 0 0
784, 6 0 0 0 0
787, 10 0 0 0 0
788, 0 0 0 0 0
789, 6 0 0 0 0
791, 8 8 7.000000e+00 5 0
792, 10 10 10 0 0
796, 0 0 0 0 0
801, 9 9 9 9 9
806, 10 0 0 0 0
808, 10 0 0 0 0
810, 10 0 0 0 0
813, 9 9 9 9 9
816, 7 7 4 4 3
820, 8 8 8 8 8
826, 10 10 0 0 0
827, 9 8 8 8 8
828, 10 10 10 7.000000e+00 5.000000e+00
831, 1.000000e+01 10 10 9 9
833, 4 4 1 1 1
834, 10 10 7 6 6
835, 0 0 0 0 0
839, 1.000000e+01 10 8 0 0
850, 5 0 0 0 0
852, 10 10 9 9 9
853, 7 0 0 0 0
854, 10 9 9 9 0
857, 7 0 0 0 0
862, 10 10 10 10 9
867, 10 10 0 0 0
869, 0 0 0 0 0
873, 0 0 0 0 0
874, 0 0 0 0 0
879, 7.000000e+00 7 7 3.000000e+00 2
883, 0 0 0 0 0
884, 0 0 0 0 0
886, 6 6 0 0 0
888, 1.000000e+01 10 10 10 10
890, 9 5 5 0 0
899, 1 1 1 0 0
900, 10 9 9 9 9
905, 6.000000e+00 0 0 0 0
907, 10 1 1 0 0
908, 9 8 8 8 8
909, 0 0 0 0 0
916, 3 0 0 0 0
919, 0 0 0 0 0
926, 10 9 0 0 0
927, 10 10 10 10 9
929, 8 0 0 0 0
937, 0 0 0 0 0
942, 2 2 2 0 0
944, 10 0 0 0 0
946, 1 0 0 0 0
947, 9 9 0 0 0
949, 0 0 0 0 0
956, 9 2 0 0 0
958, 0 0 0 0 0
961, 0 0 0 0 0
968, 8 0 0 0 0
969, 0 0 0 0 0
972, 0 0 0 0 0
977, 4 4 1 1 0
978, 9 7 7 1 0
979, 10 10 0 0 0
982, 10 0 0 0 0
983, 10 9 0 0 0
987, 0 0 0 0 0
990, 8 8 7.000000e+00 7.000000e+00 7.000000e+00
1005, 10 10 0 0 0
1010, 7 2 2 1 0
1011, 5 5 5 5 0
1014, 10 0 0 0 0
1016, 0 0 0 0 0
1017, 10 0 0 0 0
1033, 7 5 5 5 0
1043, 0 0 0 0 0
1044, 8 8 0 0 0
1046, 0 0 0 0 0
1055, 8 8 8 4 4
1060, 10 10 10 10 0
1061, 1 0 0 0 0
1067, 10 10 10 10 10
1068, 0 0 0 0 0
1076, 1 0 0 0 0
1077, 7 7 7.000000e+00 0 0
1084, 4 4 0 0 0
1097, 10 10 10 9 9
1102, 0 0 0 0 0
1107, 1 1 1 1 1
1110, 0 0 0 0 0
1112, 2 0 0 0 0
1113, 1.000000e+01 10 10 10 10
1114, 8 8 0 0 0
1117, 8 3 3 2 2
1118, 10 10 8 8 4
1121, 8 8 8 8 8
1122, 0 0 0 0 0
1128, 7.000000e+00 0 0 0 0
1135, 0 0 0 0 0
1136, 0 0 0 0 0
1137, 10 10 10 10 10
1144, 0 0 0 0 0
1145, 8 0 0 0 0
1146, 0 0 0 0 0
1148, 7 7 7 4 4
1151, 10 9 9 1 0
1152, 1.000000e+01 10 10 9 8.342472e+00
1157, 0 0 0 0 0
1159, 10 10 10 7 7.000000e+00
1161, 10 10 10 8 8
1163, 10 0 0 0 0
1165, 1.000000e+01 1.000000e+01 10 10 8
1173, 10 0 0 0 0
1175, 8 8 8 8 8
1177, 0 0 0 0 0
1178, 10 10 0 0 0
1180, 0 0 0 0 0
1181, 9 9 9 0 0
1184, 5 0 0 0 0
1189, 0 0 0 0 0
1190, 0 0 0 0 0
1193, 10 10 10 10 10
1201, 8 8 0 0 0
1204, 5 0 0 0 0
1205, 10 4 4 1 0
1218, 5 0 0 0 0
1222, 0 0 0 0 0
1224, 0 0 0 0 0
1229, 0 0 0 0 0
1233, 0 0 0 0 0
1235, 7 7 0 0 0
1236, 1.000000e+01 10 10 10 10
1238, 10 10 0 0 0
1240, 9 9 8 8 8
1249, 0 0 0 0 0
1256, 0 0 0 0 0
1263, 10 10 8 7.000000e+00 7.000000e+00
1264, 10 10 0 0 0
1279, 8 6 6 6 6
1280, 6 0 0 0 0
1282, 10 9 9 9 9
1289, 10 8 0 0 0
1291, 9 7.000000e+00 7 7 6
1292, 0 0 0 0 0
1297, 9 9 9 9 8
1298, 0 0 0 0 0
1314, 0 0 0 0 0
1316, 0 0 0 0 0
1322, 0 0 0 0 0
1327, 9 9 9 0 0
1333, 10 10 9 7 7
1334, 9 9 9 0 0
1335, 6 0 0 0 0
1336, 7 4 0 0 0
1343, 0 0 0 0 0
1345, 10 9 6 6 6
1346, 8 8 0 0 0
1348, 9 9 7.000000e+00 7 7
1356, 3 0 0 0 0
1361, 7.000000e+00 7 7 7 7
1365, 8 8 8 8 8
1373, 9 0 0 0 0
1378, 0 0 0 0 0
1379, 0 0 0 0 0
1387, 9 9 9 7 7
1391, 10 2 0 0 0
1405, 10 10 10 10 0
1406, 8 0 0 0 0
1408, 0 0 0 0 0
1416, 1 0 0 0 0
1417, 10 10 8 0 0
1418, 0 0 0 0 0
1420, 7.000000e+00 0 0 0 0
1423, 0 0 0 0 0
1426, 9 8 8 8 7.000000e+00
1428, 0 0 0 0 0
1431, 10 10 10 10 8
1433, 8 0 0 0 0
1436, 9 0 0 0 0
1438, 10 9 9 0 0
1444, 10 10 10 10 10
1445, 5 5 0 0 0
1447, 2 0 0 0 0
1452, 9.000000e+00 9 9 9 9
1453, 9 0 0 0 0
1463, 3 3 3 3 3
1470, 0 0 0 0 0
1473, 5 5 0 0 0
1474, 0 0 0 0 0
1476, 9 1 1 0 0
1481, 10 10 10 10 10
1484, 0 0 0 0 0
1486, 10 10 6 6.000000e+00 2
1487, 8 8 8 7.000000e+00 7
1493, 2 2 0 0 0
1501, 8 8 5 5 0
1502, 6 0 0 0 0
1503, 0 0 0 0 0
1506, 0 0 0 0 0
1508, 9 9 8 8 8
1509, 10 10 10 0 0
1510, 8 7 7 7 0
1511, 10 10 10 10 8
1516, 0 0 0 0 0
1527, 10 7 0 0 0
1528, 0 0 0 0 0
1538, 5 0 0 0 0
1547, 6.000000e+00 6.000000e+00 0 0 0
1551, 9 9 9 9 9
1555, 9 9 9 8 8
1560, 7 7 0 0 0
1564, 10 10 0 0 0
1572, 9 9 0 0 0
1576, 10 10 10 6 0
1577, 7 7 7 0 0
1578, 8 8 0 0 0
1587, 7 7 6 6 6.000000e+00
1588, 0 0 0 0 0
1606, 10 10 9 9 9
1607, 9 9 9 0 0
1617, 7.000000e+00 7.000000e+00 7.000000e+00 7.000000e+00 7.000000e+00
1620, 9 8 8 8 8
1624, 7.000000e+00 7 0 0 0
1626, 3 0 0 0 0
1627, 0 0 0 0 0
1635, 9 0 0 0 0
1636, 0 0 0 0 0
1637, 2 2 0 0 0
1638, 8 7 6.000000e+00 0 0
1641, 0 0 0 0 0
1642, 3.000000e+00 3.000000e+00 0 0 0
1643, 8 3 3 3.000000e+00 2
1644, 0 0 0 0 0
1645, 9 0 0 0 0
1647, 10 10 10 10 10
1648, 0 0 0 0 0
1649, 9 0 0 0 0
1657, 3 0 0 0 0
1658, 1 1 1 0 0
1661, 0 0 0 0 0
1663, 0 0 0 0 0
1664, 9 7.000000e+00 7 7.000000e+00 4
1667, 3 0 0 0 0
1670, 10 10 10 10 1.000000e+01
1675, 9 9 9 9 9
1681, 0 0 0 0 0
1684, 0 0 0 0 0
1685, 6 0 0 0 0
1686, 0 0 0 0 0
1693, 2 0 0 0 0
1696, 1.000000e+01 10 10 10 10
1699, 10 10 7 0 0
1707, 9 7 0 0 0
1713, 10 10 0 0 0
1719, 10 0 0 0 0
1723, 10 10 10 9 7.000000e+00
1726, 10 10 10 10 10
1727, 0 0 0 0 0
1728, 8 8 0 0 0
1734, 9 9 9 9 7.000000e+00
1739, 0 0 0 0 0
1740, 5 0 0 0 0
1750, 0 0 0 0 0
1756, 6.000000e+00 6.000000e+00 6.000000e+00 0 0
1757, 7 7.000000e+00 0 0 0
1760, 6 4 4 0 0
1761, 8 0 0 0 0
1764, 3.000000e+00 0 0 0 0
1765, 0 0 0 0 0
1766, 7.000000e+00 7.000000e+00 7.000000e+00 7.000000e+00 7
1767, 3 0 0 0 0
1768, 10 10 0 0 0
1773, 0 0 0 0 0
1782, 10 10 10 9 9
1785, 0 0 0 0 0
1786, 10 0 0 0 0
1787, 10 10 2 0 0
1788, 8 7.473713e+00 7 0 0
1789, 8 8 0 0 0
1792, 0 0 0 0 0
1796, 0 0 0 0 0
1800, 6 0 0 0 0
1803, 5 5 5 0 0
1804, 0 0 0 0 0
1805, 1 0 0 0 0
1806, 3 3 0 0 0
1807, 10 10 10 7 0
1808, 9 9 7 6 0
1812, 7 0 0 0 0
1813, 9 9 9 8 8
1816, 10 10 10 8 8
1818, 0 0 0 0 0
1820, 8 0 0 0 0
1823, 4 0 0 0 0
1827, 1.000000e+01 10 7.000000e+00 7.000000e+00 7.000000e+00
1829, 0 0 0 0 0
1833, 8 8 7 7 7.000000e+00
1845, 0 0 0 0 0
1857, 1 0 0 0 0
1858, 6 4 2 2 2
1862, 7.000000e+00 0 0 0 0
1866, 0 0 0 0 0
1874, 8 0 0 0 0
1875, 1.000000e+01 10 10 10 10
1876, 10 10 9 9 7
1879, 0 0 0 0 0
1881, 0 0 0 0 0
1883, 7 7 0 0 0
1885, 0 0 0 0 0
1888, 10 10 7.000000e+00 0 0
1898, 10 10 10 10 10
1899, 0 0 0 0 0
1900, 9 9 7 0 0
1901, 0 0 0 0 0
1906, 7.000000e+00 5 0 0 0
1910, 9 7.000000e+00 1 0 0
1911, 0 0 0 0 0
1918, 10 10 1.000000e+01 0 0
1919, 1.000000e+01 1 1 0 0
1920, 10 10 10 0 0
1933, 0 0 0 0 0
1935, 10 10 10 9 9
1936, 0 0 0 0 0
1938, 9 0 0 0 0
1940, 3 0 0 0 0
1941, 9 8 8 8 8
1943, 9 0 0 0 0
1944, 0 0 0 0 0
1945, 6 6 0 0 0
1947, 0 0 0 0 0
1948, 10 9 9 0 0
1950, 0 0 0 0 0
1952, 9 0 0 0 0
1954, 10 10 10 8 2
1955, 0 0 0 0 0
1956, 0 0 0 0 0
1957, 0 0 0 0 0
1963, 8 8 8 7.000000e+00 7
1964, 10 10 4 0 0
1976, 8 0 0 0 0
1977, 0 0 0 0 0
1978, 9 9 9 8 0
1981, 0 0 0 0 0
1985, 5 5 5 5 3
1986, 0 0 0 0 0
1991, 10 9 0 0 0
1993, 9 0 0 0 0
1999, 2 0 0 0 0
2007, 5 5 5 0 0
2009, 7 5 0 0 0
2011, 9 0 0 0 0
2013, 9 9 8 7 3
2017, 9 0 0 0 0
2020, 0 0 0 0 0
2027, 7 7 5 3 3
2028, 0 0 0 0 0
2037, 10 6 3 3 1
2040, 0 0 0 0 0
2041, 10 10 0 0 0
2042, 10 0 0 0 0
2045, 7 7.000000e+00 5 5 0
2051, 9 9 4 0 0
2052, 0 0 0 0 0
2053, 9 9 8 8 8
2054, 10 10 10 10 0
2058, 10 0 0 0 0
2060, 10 0 0 0 0
2061, 0 0 0 0 0
2066, 1.000000e+01 10 10 10 10
2072, 0 0 0 0 0
2073, 0 0 0 0 0
2080, 6.000000e+00 0 0 0 0
2081, 7 3 3 3.000000e+00 0
2084, 10 10 8 7 7
2086, 0 0 0 0 0
2090, 0 0 0 0 0
2091, 9 9 8 8 3
2095, 7.000000e+00 0 0 0 0
2097, 0 0 0 0 0
2106, 9 1 1 1 0
2108, 0 0 0 0 0
2117, 10 10 10 0 0
2119, 0 0 0 0 0
2121, 5 0 0 0 0
2124, 9 9 9 8 8
2129, 8 8 7 7 0
2130, 1 0 0 0 0
2132, 0 0 0 0 0
2133, 10 10 9 0 0
2135, 7.000000e+00 6 5 3.000000e+00 0
2136, 0 0 0 0 0
2137, 0 0 0 0 0
2146, 9 9 0 0 0
2147, 5 5 2 2 2
2149, 1 1 0 0 0
2155, 9 8 8 7.000000e+00 7.000000e+00
2156, 0 0 0 0 0
2157, 1 0 0 0 0
2164, 5 5 0 0 0
2167, 7 2 0 0 0
2168, 0 0 0 0 0
2179, 10 10 10 0 0
2182, 1.000000e+01 10 10 10 10
2186, 1.000000e+01 10 0 0 0
2195, 9 0 0 0 0
2202, 9 0 0 0 0
2212, 9 8 8 7 7
2227, 5 5 1 0 0
2236, 0 0 0 0 0
2244, 8 8 8 8 0
2247, 10 4 4 0 0
2248, 10 10 0 0 0
2254, 0 0 0 0 0
2257, 10 3.000000e+00 3 3 0
2261, 0 0 0 0 0
2263, 8 8 8 8 8
2265, 10 10 10 6.000000e+00 2
2268, 0 0 0 0 0
2270, 10 10 10 10 10
2272, 10 8 7 7 7
2273, 0 0 0 0 0
2274, 10 10 10 10 10
2280, 0 0 0 0 0
2285, 0 0 0 0 0
2287, 0 0 0 0 0
2290, 2 0 0 0 0
2298, 0 0 0 0 0
2305, 6.000000e+00 0 0 0 0
2306, 8 7 5 0 0
2312, 10 0 0 0 0
2313, 9 9 0 0 0
2319, 4 0 0 0 0
2320, 6 6 0 0 0
2324, 0 0 0 0 0
2326, 5 0 0 0 0
2330, 0 0 0 0 0
2338, 0 0 0 0 0
2341, 10 9 6 2 2
2345, 9 9 9 9 8
2346, 1.000000e+01 10 10 10 10
2347, 4 0 0 0 0
2351, 10 10 10 7 0
2352, 9 9 0 0 0
2357, 9 0 0 0 0
2360, 10 10 9 9 9
2361, 10 9 9 9 9
2366, 5 4 0 0 0
2368, 5 0 0 0 0
2369, 0 0 0 0 0
2374, 1 0 0 0 0
2379, 6 5 0 0 0
2388, 1.000000e+01 2 2 2 2
2394, 0 0 0 0 0
2397, 6.000000e+00 0 0 0 0
2398, 8 6.000000e+00 5 5 5
2399, 10 10 8 8 8
2403, 10 0 0 0 0
2404, 0 0 0 0 0
2407, 9 9 8 8 7
2409, 10 10 10 10 9
2410, 10 10 0 0 0
2414, 6 6 6.000000e+00 5 4
2421, 7 0 0 0 0
2426, 8 7 6 5 5
2428, 10 10 10 0 0
2435, 1 0 0 0 0
2442, 8 7 0 0 0
2448, 8 8 0 0 0
2449, 5 0 0 0 0
2452, 9 9 9 0 0
2455, 0 0 0 0 0
2466, 0 0 0 0 0
2467, 7 7 0 0 0
2472, 0 0 0 0 0
2474, 0 0 0 0 0
2480, 6.000000e+00 0 0 0 0
2489, 1 1 1 0 0
2496, 4 4 4 4 4
2500, 9 9 9 0 0
2502, 4 4 4 0 0
2504, 10 0 0 0 0
2506, 8 7 7 7 0
2508, 9 9 9 9 0
2512, 10 0 0 0 0
2519, 8 8 8 8 0
2520, 10 9.500000e+00 0 0 0
2521, 10 10 1 1 1
2524, 10 10 9 9.000000e+00 0
2528, 6 0 0 0 0
2543, 0 0 0 0 0
2547, 9 9 0 0 0
2549, 7 7 5 5 5
2551, 7 0 0 0 0
2557, 9 8 7.000000e+00 7.000000e+00 7
2560, 0 0 0 0 0
2561, 10 10 10 10 10
2564, 10 0 0 0 0
2569, 0 0 0 0 0
2570, 0 0 0 0 0
2571, 9 9 5 5 5
2581, 8 0 0 0 0
2582, 9 9 9 9 9
2585, 10 0 0 0 0
2591, 0 0 0 0 0
2595, 9 9 9 5 3.000000e+00
2597, 4 4 4 4 0
2599, 6 0 0 0 0
2602, 8 7.000000e+00 7.000000e+00 7 7
2603, 10 10 10 10 10
2604, 2 2 0 0 0
2610, 7 7.000000e+00 6.000000e+00 6.000000e+00 6.000000e+00
2617, 10 1.000000e+01 0 0 0
2621, 9 7 7.000000e+00 0 0
2623, 5 5 5 0 0
2624, 10 10 10 10 0
2629, 0 0 0 0 0
2631, 9 7 7 6 4
2633, 6 6 6 6 6
2638, 10 10 10 9 9
2644, 10 10 10 10 10
2645, 0 0 0 0 0
2647, 5 0 0 0 0
2648, 6 6 6 0 0
2651, 0 0 0 0 0
2654, 10 10 10 10 0
2655, 1 1 0 0 0
2658, 5 5 0 0 0
2661, 0 0 0 0 0
2662, 9 9 9 9 9
2667, 0 0 0 0 0
2674, 10 9 0 0 0
2675, 10 0 0 0 0
2680, 10 0 0 0 0
2686, 1 0 0 0 0
2690, 0 0 0 0 0
2696, 10 10 10 10 10
2697, 10 10 0 0 0
2699, 9 8 6.000000e+00 6 6
2701, 8 8 8 8 7.000000e+00
2709, 0 0 0 0 0
2712, 1 0 0 0 0
2713, 0 0 0 0 0
2716, 0 0 0 0 0
2718, 5 0 0 0 0
2721, 0 0 0 0 0
2728, 9 9 9 8 8
2729, 0 0 0 0 0
2734, 0 0 0 0 0
2737, 0 0 0 0 0
2743, 10 10 10 10 10
2751, 7 6 0 0 0
2762, 10 9 9 9 9
2764, 3 1 1 1 1
2772, 9 9 9 9 9
2775, 10 10 10 0 0
2776, 9 9 9 9 9
2782, 0 0 0 0 0
2784, 1 0 0 0 0
2785, 8 7.000000e+00 7 6 5
2795, 10 10 10 10 10
2800, 0 0 0 0 0
2801, 10 10 9 9 9
2808, 9 9 2 0 0
2812, 10 0 0 0 0
2813, 10 9.500000e+00 9 9 8
2816, 0 0 0 0 0
2823, 1.000000e+01 1.000000e+01 10 10 10
2829, 1.000000e+01 10 7 0 0
2830, 0 0 0 0 0
2832, 10 10 9 0 0
2835, 0 0 0 0 0
2837, 8 6 6.000000e+00 4 4
2839, 10 10 1 1 1
2843, 9 9 0 0 0
2845, 0 0 0 0 0
2850, 9 0 0 0 0
2860, 10 10 0 0 0
2862, 1.000000e+01 10 0 0 0
2865, 9 0 0 0 0
2867, 0 0 0 0 0
2869, 4 0 0 0 0
2875, 6 6 6 5 5
2877, 0 0 0 0 0
2880, 0 0 0 0 0
2883, 9 8 0 0 0
2884, 0 0 0 0 0
2886, 0 0 0 0 0
2888, 0 0 0 0 0
2895, 9 9 8 8 7
2903, 9 9 8 8 8
2904, 10 10 0 0 0
2908, 7 7 0 0 0
2909, 10 10 10 0 0
2914, 0 0 0 0 0
2917, 10 0 0 0 0
2921, 0 0 0 0 0
2926, 0 0 0 0 0
2933, 10 10 0 0 0
2935, 0 0 0 0 0
2951, 1.000000e+01 10 10 10 10
2957, 10 10 10 10 0
2964, 10 10 10 10 0
2967, 0 0 0 0 0
2968, 9 9 9 9 8
2978, 9 8 8 8 8
2985, 7.000000e+00 7.000000e+00 7.000000e+00 0 0
2990, 7.000000e+00 7 0 0 0
2993, 0 0 0 0 0
2996, 0 0 0 0 0
2997, 0 0 0 0 0
2998, 1.000000e+01 0 0 0 0
3001, 0 0 0 0 0
3003, 8 8 8 4 4
3014, 7 0 0 0 0
3017, 9 9 9 9 9
3019, 0 0 0 0 0
3020, 10 10 10 10 9
3023, 9 9 9 9 0
3028, 0 0 0 0 0
3032, 0 0 0 0 0
3041, 7 7 7 5 0
3043, 6 0 0 0 0
3050, 8 5 0 0 0
3056, 0 0 0 0 0
3057, 0 0 0 0 0
3059, 0 0 0 0 0
3064, 10 10 10 9 9
3065, 10 10 7 0 0
3066, 7 0 0 0 0
3069, 0 0 0 0 0
3071, 8 8 8 7.000000e+00 7.000000e+00
3072, 0 0 0 0 0
3073, 10 5 0 0 0
3074, 1.000000e+01 1.000000e+01 5 5 4
3077, 10 10 10 6.000000e+00 5
3082, 0 0 0 0 0
3091, 10 10 10 10 10
3093, 9 5 5 5 5
3095, 10 0 0 0 0
3098, 9 0 0 0 0
3101, 7.000000e+00 7.000000e+00 7.000000e+00 7 7.000000e+00
3104, 9 9 0 0 0
3105, 10 0 0 0 0
3106, 6 6 6 6 6
3107, 7.000000e+00 7 0 0 0
3108, 0 0 0 0 0
3113, 1 1 1 1 0
3118, 9 9 8 8 8
3123, 9 8 8 8 8
3127, 9 9 9 9 9
3133, 0 0 0 0 0
3137, 7 7 0 0 0
3157, 0 0 0 0 0
3163, 8 0 0 0 0
3165, 10 10 10 10 10
3166, 8 0 0 0 0
3167, 9 0 0 0 0
3168, 10 10 10 9 9
3173, 7 2 0 0 0
3180, 0 0 0 0 0
3188, 10 9 0 0 0
3189, 9 9 9 4 4
3190, 0 0 0 0 0
3191, 10 0 0 0 0
3192, 0 0 0 0 0
3195, 0 0 0 0 0
3198, 10 10 5 5 4
3201, 9 0 0 0 0
3202, 0 0 0 0 0
3203, 10 2 2 2 0
3206, 10 10 10 10 10
3212, 2 1 0 0 0
3214, 10 10 6 0 0
3216, 0 0 0 0 0
3218, 9 9 9 9 9
3221, 0 0 0 0 0
3227, 8 0 0 0 0
3229, 0 0 0 0 0
3240, 6 6 6 6 6
3243, 0 0 0 0 0
3244, 4 4 4 3 0
3248, 8 8 4 0 0
3249, 10 10 10 10 10
3250, 0 0 0 0 0
3253, 0 0 0 0 0
3256, 0 0 0 0 0
3260, 7 0 0 0 0
3265, 0 0 0 0 0
3273, 0 0 0 0 0
3279, 8 8 0 0 0
3281, 8 8 8 8 8
3287, 10 10 10 9 9
3294, 5 0 0 0 0
3296, 4 0 0 0 0
3298, 0 0 0 0 0
3302, 0 0 0 0 0
3304, 10 10 0 0 0
3309, 0 0 0 0 0
3319, 0 0 0 0 0
3320, 5 0 0 0 0
3324, 2 0 0 0 0
3325, 0 0 0 0 0
3326, 10 0 0 0 0
3328, 10 10 10 0 0
3330, 9 8 8 7 7
3332, 0 0 0 0 0
3336, 10 0 0 0 0
3350, 10 10 10 10 10
3351, 10 8 8 8 7.000000e+00
3354, 1.000000e+01 10 10 10 10
3358, 10 2 1 0 0
3360, 9 7 6 6 6
3361, 9 6 0 0 0
3364, 9 9 9 9 9
3374, 6 0 0 0 0
3376, 4 0 0 0 0
3378, 10 10 0 0 0
3379, 9 9 2 0 0
3387, 0 0 0 0 0
3392, 0 0 0 0 0
3396, 0 0 0 0 0
3402, 0 0 0 0 0
3407, 9 9 1 1 0
3411, 6 6 6 6 0
3413, 6 6.000000e+00 6.000000e+00 5 0
3418, 7.000000e+00 7.000000e+00 7 7 6
3421, 0 0 0 0 0
3422, 8 8 8 8 8
3424, 0 0 0 0 0
3434, 1 1 0 0 0
3435, 9 5 0 0 0
3438, 10 6 0 0 0
3439, 5 0 0 0 0
3452, 9 9 9 9 9
3455, 10 9 9 8 8
3459, 10 10 10 0 0
3461, 10 0 0 0 0
3464, 0 0 0 0 0
3468, 10 2 2 0 0
3469, 0 0 0 0 0
3474, 10 8 0 0 0
3475, 0 0 0 0 0
3482, 1 1 1 0 0
3487, 0 0 0 0 0
3488, 10 10 7.000000e+00 7.000000e+00 7.000000e+00
3492, 9 6 6 6 4
3496, 10 8 8 8 8
3505, 5 0 0 0 0
3511, 10 10 7 6 4
3513, 0 0 0 0 0
3518, 10 10 10 10 10
3523, 0 0 0 0 0
3525, 1 0 0 0 0
3528, 10 10 9 8 7
3532, 8 0 0 0 0
3540, 0 0 0 0 0
3543, 10 10 10 10 10
3548, 3 0 0 0 0
3550, 0 0 0 0 0
3552, 0 0 0 0 0
3558, 6 6 6 0 0
3560, 10 0 0 0 0
3561, 9 9 9 9 8
3563, 8 6 4 4 4
3564, 10 10 9 9 9
3565, 8 8 6.000000e+00 0 0
3572, 0 0 0 0 0
3581, 0 0 0 0 0
3582, 0 0 0 0 0
3583, 0 0 0 0 0
3587, 0 0 0 0 0
3591, 8 4 4 4 2
3592, 5 5 0 0 0
3596, 6 0 0 0 0
3602, 8 8 8 8 8
3604, 2 2 2 2 2
3611, 0 0 0 0 0
3616, 0 0 0 0 0
3624, 10 0 0 0 0
3626, 5 5 0 0 0
3627, 0 0 0 0 0
3628, 0 0 0 0 0
3634, 7.000000e+00 0 0 0 0
3637, 9 8 8 8 8
3644, 10 10 4 0 0
3645, 10 9 9 8 8
3656, 3 3 0 0 0
3662, 9 9 9 9 0
3664, 7 0 0 0 0
3670, 3.000000e+00 0 0 0 0
3673, 0 0 0 0 0
3674, 8 8 8 7 7
3675, 7 6 6 6 6
3676, 10 0 0 0 0
3677, 5 0 0 0 0
3678, 8 8 0 0 0
3679, 9 9 9 9 9
3691, 9 7 0 0 0
3692, 10 10 10 10 10
3693, 9 0 0 0 0
3695, 5 3.000000e+00 3.000000e+00 3.000000e+00 0
3696, 6 6 6 4 2
3697, 0 0 0 0 0
3698, 4 3 3 2 2
3699, 9 9 9 9 9
3707, 0 0 0 0 0
3708, 10 10 10 10 10
3712, 1 1 0 0 0
3715, 8 5 0 0 0
3717, 9 9 9 9 0
3721, 0 0 0 0 0
3730, 8 8 8 5 5
3749, 0 0 0 0 0
3753, 0 0 0 0 0
3754, 9 9 9 9 9
3758, 0 0 0 0 0
3767, 10 8 8 8 8
3771, 10 9 9 9 9
3774, 10 9 8 8 0
3775, 1 0 0 0 0
3776, 8 7 0 0 0
3781, 8 8 8 8 8
3784, 10 8 8 8 8
3790, 8 7 6 5 0
3798, 5 5 0 0 0
3800, 9 7 6.000000e+00 0 0
3801, 0 0 0 0 0
3807, 0 0 0 0 0
3812, 0 0 0 0 0
3819, 10 9 8 8 2
3820, 0 0 0 0 0
3828, 10 0 0 0 0
3830, 10 10 0 0 0
3832, 0 0 0 0 0
3837, 0 0 0 0 0
3840, 0 0 0 0 0
3841, 0 0 0 0 0
3844, 0 0 0 0 0
3846, 10 10 10 10 7.000000e+00
3848, 0 0 0 0 0
3861, 0 0 0 0 0
3864, 8 8 8 0 0
3866, 4 0 0 0 0
3868, 10 6 6 5 5
3869, 0 0 0 0 0
3871, 7 7 7 7 0
3873, 0 0 0 0 0
3875, 1 1 0 0 0
3877, 7 6.000000e+00 6 6.000000e+00 6.000000e+00
3878, 1 1 0 0 0
3880, 10 8 8 8 7.000000e+00
3885, 8 6 6 6 0
3886, 9 9 9 9 0
3888, 8 8 8 8 8
3889, 0 0 0 0 0
3892, 0 0 0 0 0
3899, 0 0 0 0 0
3906, 10 10 10 10 10
3910, 10 10 8 7 1
3913, 1 0 0 0 0
3916, 5 5 5 0 0
3917, 9 0 0 0 0
3919, 7.000000e+00 7.000000e+00 7 0 0
3923, 1.000000e+01 10 10 10 9
3929, 10 10 10 10 10
3932, 7 7.000000e+00 2 2 0
3936, 0 0 0 0 0
3943, 6.000000e+00 4 4 0 0
3955, 6 1 1 0 0
3969, 0 0 0 0 0
3971, 7.000000e+00 7.000000e+00 6.000000e+00 0 0
3972, 10 10 8.636364e+00 8 8
3974, 0 0 0 0 0
3977, 9 9 3.000000e+00 3 3
3979, 7 7 0 0 0
3981, 0 0 0 0 0
3983, 10 0 0 0 0
3989, 7.000000e+00 0 0 0 0
3990, 9 9 7 6 0
3992, 0 0 0 0 0
4001, 1.000000e+01 1.000000e+01 10 10 7
4010, 9 9 0 0 0
4015, 0 0 0 0 0
4019, 7 0 0 0 0
4025, 6 0 0 0 0
4028, 9 9 8 8 0
4035, 6 6 6 0 0
4037, 8 8 7.000000e+00 7.000000e+00 7
4041, 6 0 0 0 0
4058, 0 0 0 0 0
4061, 9 9 9 0 0
4066, 10 10 0 0 0
4068, 7 7 7.000000e+00 0 0
4069, 8 8 7 7 7
4070, 1 0 0 0 0
4074, 0 0 0 0 0
4081, 9 0 0 0 0
4084, 6 6 6 0 0
4087, 9 0 0 0 0
4089, 10 8 8 8 7.000000e+00
4090, 0 0 0 0 0
4097, 1.000000e+01 10 10 10 10
4099, 10 10 8 8 7
4106, 8 0 0 0 0
4107, 3 3 0 0 0
4108, 0 0 0 0 0
4110, 6 0 0 0 0
4112, 0 0 0 0 0
4119, 0 0 0 0 0
4121, 8 8 0 0 0
4124, 10 10 0 0 0
4127, 8 0 0 0 0
4132, 10 10 10 10 10
4134, 10 10 10 10 10
4139, 10 8 8 6.000000e+00 6.000000e+00
4142, 9 6.000000e+00 0 0 0
4143, 0 0 0 0 0
4144, 7 0 0 0 0
4145, 0 0 0 0 0
4147, 10 10 10 10 10
4149, 10 10 9 8 7.000000e+00
4151, 6 3 3 3 3
4152, 0 0 0 0 0
4153, 9 9 9 9 6
4158, 6.000000e+00 4 4 4 3.000000e+00
4175, 9 5 5 0 0
4184, 0 0 0 0 0
4187, 10 10 10 10 8
4190, 10 1 1 0 0
4194, 10 0 0 0 0
4195, 7 0 0 0 0
4197, 10 10 8 8 8
4199, 9 0 0 0 0
4203, 1.000000e+01 1.000000e+01 0 0 0
4204, 0 0 0 0 0
4214, 1.000000e+01 10 9 9 9
4219, 0 0 0 0 0
4222, 4 4 0 0 0
4226, 8 0 0 0 0
4233, 0 0 0 0 0
4234, 0 0 0 0 0
4254, 9 9 9 0 0
4260, 10 10 10 1 0
4263, 0 0 0 0 0
4272, 0 0 0 0 0
4275, 0 0 0 0 0
4277, 7 0 0 0 0
4278, 9 1 1 0 0
4282, 7 7 7 7 7
4284, 8 7.000000e+00 7 7 0
4288, 0 0 0 0 0
4291, 4 4 4 2 1
4295, 10 10 10 10 1
4300, 10 10 4 0 0
4302, 0 0 0 0 0
4306, 8 7 7 0 0
4327, 0 0 0 0 0
4329, 0 0 0 0 0
4330, 0 0 0 0 0
4331, 0 0 0 0 0
4338, 0 0 0 0 0
4352, 10 10 10 8 7.000000e+00
4354, 8 8 0 0 0
4356, 3 3 0 0 0
4358, 0 0 0 0 0
4360, 5 0 0 0 0
4364, 0 0 0 0 0
4365, 5.000000e+00 0 0 0 0
4366, 7.000000e+00 0 0 0 0
4368, 0 0 0 0 0
4369, 10 10 10 9 8
4371, 1.000000e+01 10 0 0 0
4373, 0 0 0 0 0
4377, 0 0 0 0 0
4379, 8 7 0 0 0
4386, 1.000000e+01 1.000000e+01 1.000000e+01 10 10
4394, 0 0 0 0 0
4396, 8 8 0 0 0
4402, 0 0 0 0 0
4417, 0 0 0 0 0
4439, 0 0 0 0 0
4447, 7 7 7 0 0
4448, 9 9 9 9 9
4454, 0 0 0 0 0
4455, 5 5 5 5 5
4456, 10 0 0 0 0
4460, 10 8 8 8 8
4462, 8 3 0 0 0
4464, 10 5 3 0 0
4470, 0 0 0 0 0
4472, 8 0 0 0 0
4479, 0 0 0 0 0
4482, 10 7 7 5 0
4484, 0 0 0 0 0
4486, 10 10 0 0 0
4488, 6 6 6.000000e+00 6.000000e+00 0
4492, 0 0 0 0 0
4494, 0 0 0 0 0
4500, 0 0 0 0 0
4505, 0 0 0 0 0
4510, 0 0 0 0 0
4518, 10 10 10 9 9
4519, 8 7.000000e+00 7 7 7
4523, 9 0 0 0 0
4528, 0 0 0 0 0
4530, 9 9 9 9 9
4541, 8 0 0 0 0
4543, 10 9 9 9 8
4545, 10 10 10 0 0
4553, 0 0 0 0 0
4565, 1 1 1 0 0
4566, 0 0 0 0 0
4569, 0 0 0 0 0
4573, 7 7 7 6.000000e+00 6.000000e+00
4575, 0 0 0 0 0
4582, 6 0 0 0 0
4585, 0 0 0 0 0
4587, 0 0 0 0 0
4588, 0 0 0 0 0
4594, 0 0 0 0 0
4600, 0 0 0 0 0
4601, 10 9 0 0 0
4611, 0 0 0 0 0
4615, 8 8 6 6 0
4616, 10 10 0 0 0
4625, 4 1 0 0 0
4634, 9 8 8 8 8
4638, 0 0 0 0 0
4639, 9 9 9 8 6
4646, 9 7 5 3.000000e+00 3
4650, 0 0 0 0 0
4656, 4 4 0 0 0
4657, 0 0 0 0 0
4658, 9 0 0 0 0
4674, 9 5 0 0 0
4679, 0 0 0 0 0
4687, 0 0 0 0 0
4690, 9 9 0 0 0
4691, 10 10 9 9 8
4695, 9 9 9 0 0
4698, 0 0 0 0 0
4699, 0 0 0 0 0
4703, 9 0 0 0 0
4704, 2 0 0 0 0
4709, 7.000000e+00 7 7 6 0
4726, 0 0 0 0 0
4729, 0 0 0 0 0
4731, 3 0 0 0 0
4736, 8 8 8 8 8
4741, 10 10 10 10 0
4756, 8 6 0 0 0
4758, 6 6 6 5 4
4760, 10 10 9 9 5
4761, 8 8 8 0 0
4763, 9 8 8 8 8
4764, 10 8 8 8 8
4773, 8 8 5 5 5
4774, 8 8 0 0 0
4777, 0 0 0 0 0
4784, 10 10 0 0 0
4785, 10 10 0 0 0
4789, 9 8 8 8 8
4799, 0 0 0 0 0
4801, 1.000000e+01 1.000000e+01 9 8 8
4804, 10 10 10 6 6.000000e+00
4805, 10 9 9 9 8
4811, 8 8 7 0 0
4816, 0 0 0 0 0
4819, 7 0 0 0 0
4821, 1 0 0 0 0
4824, 1 0 0 0 0
4828, 10 6.000000e+00 6 6 6.000000e+00
4829, 1.000000e+01 10 10 10 10
4832, 1.000000e+01 10 8 7.000000e+00 7.000000e+00
4835, 10 0 0 0 0
4838, 9 0 0 0 0
4851, 8 8 0 0 0
4853, 8 8 5 5 5
4863, 0 0 0 0 0
4865, 8 0 0 0 0
4866, 0 0 0 0 0
4871, 6.000000e+00 0 0 0 0
4877, 6 4 4 4 4
4881, 10 10 10 10 10
4883, 10 10 10 10 10
4886, 10 1 1 0 0
4887, 0 0 0 0 0
4888, 6 0 0 0 0
4889, 0 0 0 0 0
4892, 7 7 7 0 0
4893, 7 7 0 0 0
4894, 0 0 0 0 0
4897, 10 10 0 0 0
4900, 9 9 8 7 6
4907, 2 0 0 0 0
4910, 10 10 10 10 9
4919, 10 6 5 5 5
4926, 10 10 10 10 10
4933, 8 0 0 0 0
4944, 1 1 1 1 1
4946, 6 6 0 0 0
4947, 10 8 8 6.000000e+00 6.000000e+00
4949, 0 0 0 0 0
4953, 0 0 0 0 0
4954, 7.000000e+00 7.000000e+00 0 0 0
4960, 10 9 9 9 9
4962, 0 0 0 0 0
4967, 8 7 0 0 0
4976, 10 10 0 0 0
4977, 3 3 0 0 0
4979, 4 0 0 0 0
4980, 9 0 0 0 0
4983, 0 0 0 0 0
4987, 7 7 0 0 0
4989, 0 0 0 0 0
4990, 0 0 0 0 0
4993, 0 0 0 0 0
4995, 4 4 0 0 0
5000, 0 0 0 0 0
5001, 0 0 0 0 0
5005, 1.000000e+01 10 6 0 0
5009, 0 0 0 0 0
5012, 0 0 0 0 0
5013, 10 10 0 0 0
5024, 8 8 8 8 5
5026, 1 1 1 1 1
5028, 9 9 8 8 8
5032, 7 7 0 0 0
5037, 1 0 0 0 0
5038, 10 6 0 0 0
5041, 10 10 1 1 1
5047, 0 0 0 0 0
5050, 0 0 0 0 0
5051, 0 0 0 0 0
5053, 0 0 0 0 0
5055, 9 0 0 0 0
5056, 0 0 0 0 0
5058, 8 8 5 0 0
5071, 0 0 0 0 0
5075, 0 0 0 0 0
5078, 10 10 0 0 0
5079, 9 0 0 0 0
5080, 3 3 0 0 0
5081, 0 0 0 0 0
5083, 10 10 10 10 9
5086, 9 0 0 0 0
5087, 0 0 0 0 0
5088, 9 9 7 7 7
5092, 9 9 0 0 0
5093, 5 5 5 0 0
5098, 10 10 10 10 10
5106, 9 9 6 4 0
5108, 9 4 0 0 0
5109, 10 10 0 0 0
5110, 0 0 0 0 0
5112, 0 0 0 0 0
5113, 0 0 0 0 0
5114, 10 10 0 0 0
5120, 10 10 10 10 9
5126, 0 0 0 0 0
5131, 3 0 0 0 0
5133, 7.000000e+00 5 5 0 0
5135, 9 0 0 0 0
5138, 0 0 0 0 0
5140, 10 10 0 0 0
5143, 0 0 0 0 0
5159, 5 0 0 0 0
5160, 5 5 5 5 5
5165, 4 0 0 0 0
5168, 0 0 0 0 0
5171, 9 8 8 7 6.000000e+00
5173, 8 7 6 3 0
5174, 7 0 0 0 0
5182, 1.000000e+01 10 0 0 0
5185, 7 7 0 0 0
5187, 0 0 0 0 0
5192, 6.000000e+00 0 0 0 0
5196, 9 9 9 9 9
5197, 0 0 0 0 0
5199, 10 10 10 8 7
5204, 9 0 0 0 0
5211, 0 0 0 0 0
5212, 1 1 1 0 0
5213, 6.000000e+00 0 0 0 0
5215, 4 0 0 0 0
5216, 6 0 0 0 0
5217, 10 10 10 10 10
5218, 9 0 0 0 0
5226, 0 0 0 0 0
5229, 0 0 0 0 0
5235, 10 10 10 10 10
5242, 5 5 5 0 0
5243, 0 0 0 0 0
5245, 9 0 0 0 0
5247, 7 0 0 0 0
5249, 7.000000e+00 7 7 6 6
5250, 10 0 0 0 0
5264, 0 0 0 0 0
5266, 9 9 9 9 9
5269, 0 0 0 0 0
5274, 0 0 0 0 0
5278, 9 1 0 0 0
5280, 3 3 0 0 0
5281, 10 10 6 6 5
5282, 0 0 0 0 0
5285, 8 4 4 0 0
5286, 10 10 0 0 0
5290, 3 0 0 0 0
5294, 6.000000e+00 6 1 0 0
5297, 0 0 0 0 0
5299, 0 0 0 0 0
5301, 9.395644e+00 9 9 8 8
5302, 0 0 0 0 0
5304, 10 10 10 10 10
5308, 10 10 9 9 9
5312, 10 10 10 10 10
5315, 0 0 0 0 0
5320, 10 8 8 8 0
5330, 0 0 0 0 0
5335, 9 9 9 8 8
5341, 0 0 0 0 0
5344, 8 0 0 0 0
5351, 8 6 0 0 0
5358, 7.000000e+00 7.000000e+00 7 0 0
5365, 0 0 0 0 0
5373, 5 0 0 0 0
5376, 10 0 0 0 0
5377, 10 10 10 10 10
5385, 7 0 0 0 0
5391, 0 0 0 0 0
5392, 0 0 0 0 0
5393, 9 0 0 0 0
5397, 0 0 0 0 0
5401, 7 7 0 0 0
5402, 7 6.000000e+00 6.000000e+00 6 6.000000e+00
5404, 0 0 0 0 0
5405, 9 0 0 0 0
5409, 7 0 0 0 0
5415, 9 9 8 6 0
5417, 10 10 9 9 8
5428, 6 6 0 0 0
5430, 8 6.000000e+00 6.000000e+00 6 6
5434, 8 8 8 8 6
5435, 0 0 0 0 0
5447, 9 9 6 0 0
5448, 8 8 6 5 5
5453, 7.000000e+00 0 0 0 0
5458, 6 6 6 6 0
5465, 10 10 10 8 8
5468, 9 7.000000e+00 7.000000e+00 7.000000e+00 7.000000e+00
5483, 0 0 0 0 0
5484, 10 10 10 10 10
5487, 0 0 0 0 0
5493, 9 0 0 0 0
5495, 9 6 4 2 0
5498, 10 10 10 10 0
5503, 9 0 0 0 0
5504, 9 9 6 6 6
5507, 0 0 0 0 0
5517, 0 0 0 0 0
5524, 10 10 10 10 9
5525, 10 0 0 0 0
5526, 0 0 0 0 0
5528, 9 9 9 9 8
5530, 9 0 0 0 0
5534, 10 9 9 8 8
5535, 0 0 0 0 0
5543, 6 0 0 0 0
5544, 10 8 8 8 0
5545, 0 0 0 0 0
5546, 7.000000e+00 0 0 0 0
5550, 1.000000e+01 10 10 8 5
5552, 10 10 10 10 8
5554, 0 0 0 0 0
5556, 8 8 0 0 0
5559, 1.000000e+01 4 0 0 0
5562, 10 10 10 10 10
5563, 0 0 0 0 0
5565, 8 8 0 0 0
5566, 6.000000e+00 0 0 0 0
5568, 9 9 8 0 0
5569, 10 10 10 10 1.000000e+01
5575, 8 8 0 0 0
5576, 7 7 6 6 6
5577, 9 8 8 8 8
5580, 7.000000e+00 7 6 6 6
5584, 1.000000e+01 1.000000e+01 1.000000e+01 10 10
5585, 4 4 2 0 0
5587, 6 6 3 1 0
5588, 10 10 10 10 9
5593, 10 10 10 10 10
5597, 10 10 10 9 9
5598, 1 1 1 1 1
5601, 7 7 4 4 4
5608, 0 0 0 0 0
5610, 10 10 10 9 9
5611, 6 6 6 6 6
5614, 8 8 8 8 0
5615, 7 0 0 0 0
5618, 6 0 0 0 0
5621, 0 0 0 0 0
5630, 4 2 2 0 0
5635, 1.000000e+01 1.000000e+01 10 10 10
5637, 9 9 5 5 5
5644, 1.000000e+01 10 0 0 0
5648, 0 0 0 0 0
5654, 9 3.000000e+00 0 0 0
5659, 4 0 0 0 0
5672, 9 9 9 9 9
5673, 8 0 0 0 0
5675, 9 9 0 0 0
5680, 9 9 0 0 0
5681, 0 0 0 0 0
5689, 7 7 0 0 0
5691, 3 0 0 0 0
5696, 7 7 0 0 0
5700, 9 9 9 8 7
5702, 9 9 5 2 2
5703, 5 5 4 4 4
5709, 0 0 0 0 0
5719, 9 0 0 0 0
5720, 8 7.000000e+00 0 0 0
5724, 8 7.000000e+00 7.000000e+00 7.000000e+00 7.000000e+00
5725, 8 0 0 0 0
5731, 10 0 0 0 0
5732, 9 9 0 0 0
5734, 3 0 0 0 0
5736, 10 9 9 8 8
5739, 9 9 7 0 0
5741, 0 0 0 0 0
5745, 10 0 0 0 0
5749, 7.000000e+00 7.000000e+00 0 0 0
5750, 5 5 0 0 0
5758, 10 10 10 0 0
5763, 10 0 0 0 0
5772, 0 0 0 0 0
5773, 8 0 0 0 0
5778, 1 0 0 0 0
5783, 10 9 8 7.000000e+00 7
5785, 10 10 1.000000e+01 0 0
5787, 10 0 0 0 0
5790, 7 2 0 0 0
5793, 10 10 9 9 9
5797, 0 0 0 0 0
5807, 10 8 8 0 0
5811, 0 0 0 0 0
5813, 1.000000e+01 0 0 0 0
5817, 4 4 4 1 1
5820, 10 10 0 0 0
5822, 0 0 0 0 0
5824, 4 0 0 0 0
5827, 0 0 0 0 0
5828, 0 0 0 0 0
5831, 0 0 0 0 0
5837, 5 0 0 0 0
5848, 0 0 0 0 0
5854, 10 10 0 0 0
5855, 9 9 9 8 8
5857, 10 10 10 0 0
5858, 7 7 0 0 0
5860, 0 0 0 0 0
5862, 10 9 9 9 9
5866, 7 3.000000e+00 0 0 0
5878, 0 0 0 0 0
5880, 6 5 5 5 5
5885, 0 0 0 0 0
5889, 8 7.000000e+00 6 0 0
5900, 10 10 10 10 9
5906, 8 7.000000e+00 6.000000e+00 5 5
5913, 10 10 9 9 9
5918, 8 0 0 0 0
5921, 7 6 4 1 0
5927, 0 0 0 0 0
5930, 0 0 0 0 0
5931, 10 0 0 0 0
5936, 1.000000e+01 9 9 9 9
5939, 0 0 0 0 0
5941, 2 0 0 0 0
5942, 10 0 0 0 0
5946, 0 0 0 0 0
5947, 0 0 0 0 0
5948, 0 0 0 0 0
5951, 0 0 0 0 0
5953, 6 0 0 0 0
5956, 0 0 0 0 0
5957, 0 0 0 0 0
5959, 10 10 8 8 0
5968, 7.000000e+00 7 7 6 6
5977, 10 10 10 10 10
5978, 0 0 0 0 0
5981, 1 0 0 0 0
5991, 0 0 0 0 0
5992, 10 9 9 9 1
5993, 0 0 0 0 0
6000, 10 10 10 10 1.000000e+01
6002, 7.000000e+00 0 0 0 0
6007, 0 0 0 0 0
6009, 10 0 0 0 0
6012, 0 0 0 0 0
6019, 8 8 8 8 7.000000e+00
6023, 5 0 0 0 0
6026, 9 9 9 8 8
6030, 0 0 0 0 0
6031, 0 0 0 0 0
6032, 8 8 8 8 7.000000e+00
6039, 0 0 0 0 0
6043, 0 0 0 0 0
6045, 6 0 0 0 0
6046, 0 0 0 0 0
6047, 10 10 10 9 9
6048, 0 0 0 0 0
6060, 9 9 0 0 0
6065, 10 10 0 0 0
6067, 10 10 10 0 0
6075, 0 0 0 0 0
6076, 0 0 0 0 0
6078, 6 6.000000e+00 6.000000e+00 6.000000e+00 5
6080, 0 0 0 0 0
6088, 9 9 9 9 9
6094, 0 0 0 0 0
6099, 0 0 0 0 0
6100, 10 6 0 0 0
6102, 0 0 0 0 0
6105, 0 0 0 0 0
6106, 7 7 7 0 0
6107, 2 2 2 2 0
6111, 10 10 10 10 10
6119, 6 6 6 6 6
6120, 10 10 10 10 10
6126, 10 0 0 0 0
6129, 9 9 3 3 3
6133, 1.000000e+01 10 10 10 9.563508e+00
6140, 0 0 0 0 0
6143, 0 0 0 0 0
6146, 10 0 0 0 0
6148, 10 10 9 9 9
6155, 0 0 0 0 0
6156, 10 9 9 0 0
6165, 1.000000e+01 10 9 9 9
6167, 7 0 0 0 0
6173, 6 5 5 0 0
6183, 0 0 0 0 0
6186, 7 6 0 0 0
6187, 9 9 9 9 0
6188, 6.000000e+00 3 1 1 0
6191, 0 0 0 0 0
6193, 6.000000e+00 0 0 0 0
6194, 0 0 0 0 0
6196, 7 7 3 3.000000e+00 0
6197, 0 0 0 0 0
6199, 10 10 9 9 8
6202, 5 4 2 1 1
6212, 0 0 0 0 0
6224, 0 0 0 0 0
6228, 0 0 0 0 0
6229, 6.000000e+00 0 0 0 0
6230, 9 9 9 9 9
6233, 10 10 0 0 0
6234, 9 2 2 0 0
6241, 0 0 0 0 0
6247, 9 7 7 6 5
6249, 10 10 10 5 0
6253, 10 10 10 10 9
6256, 0 0 0 0 0
6257, 10 10 10 0 0
6264, 0 0 0 0 0
6270, 0 0 0 0 0
6273, 7 6 1 1 1
6274, 8 8 8 8 8
6277, 10 7 5 0 0
6281, 10 9 9 9 1
6284, 10 10 10 0 0
6286, 10 0 0 0 0
6287, 6 5 5 0 0
6288, 0 0 0 0 0
6289, 9 9 9 0 0
6292, 0 0 0 0 0
6296, 0 0 0 0 0
6302, 8 8 8 8 7.000000e+00
6306, 0 0 0 0 0
6308, 7 6 6.000000e+00 3 3
6314, 0 0 0 0 0
6316, 0 0 0 0 0
6319, 5 0 0 0 0
6325, 3.000000e+00 0 0 0 0
6326, 3 3 0 0 0
6329, 0 0 0 0 0
6331, 9 9 9 9 9
6334, 4 4 0 0 0
6341, 10 10 9 8 8
6342, 10 10 10 10 10
6354, 0 0 0 0 0
6355, 8 7.000000e+00 7 7 7
6357, 10 10 10 10 10
6358, 6 0 0 0 0
6361, 0 0 0 0 0
6364, 0 0 0 0 0
6365, 8 0 0 0 0
6367, 8 7.000000e+00 7 6 6
6370, 0 0 0 0 0
6372, 10 10 10 10 10
6374, 0 0 0 0 0
6377, 0 0 0 0 0
6378, 10 8 8 8 8
6384, 0 0 0 0 0
6385, 8 8 8 7.000000e+00 7.000000e+00
6386, 6 3 0 0 0
6393, 2 0 0 0 0
6395, 8 8 8 7.000000e+00 0
6397, 8 0 0 0 0
6398, 9 9 0 0 0
6405, 10 9 8 8 8
6406, 9 9 6 4 4
6412, 8 7.000000e+00 7.000000e+00 0 0
6422, 6 6 6 4 4
6423, 9 0 0 0 0
6427, 0 0 0 0 0
6429, 0 0 0 0 0
6431, 0 0 0 0 0
6437, 10 0 0 0 0
6441, 0 0 0 0 0
6446, 7 0 0 0 0
6455, 0 0 0 0 0
6457, 10 10 0 0 0
6461, 5 0 0 0 0
6462, 0 0 0 0 0
6477, 0 0 0 0 0
6484, 10 0 0 0 0
6493, 0 0 0 0 0
6495, 10 0 0 0 0
6496, 0 0 0 0 0
6497, 0 0 0 0 0
6498, 10 7.000000e+00 0 0 0
6501, 10 10 6 5 2
6502, 0 0 0 0 0
6503, 0 0 0 0 0
6504, 1 1 0 0 0
6505, 8 8 8 7 3
6509, 6.000000e+00 0 0 0 0
6520, 1 1 1 0 0
6522, 0 0 0 0 0
6524, 8 8 0 0 0
6527, 0 0 0 0 0
6536, 0 0 0 0 0
6538, 9 8 7 3 0
6546, 10 0 0 0 0
6548, 0 0 0 0 0
6553, 10 1 1 0 0
6555, 0 0 0 0 0
6559, 7 7.000000e+00 4 0 0
6562, 10 0 0 0 0
6567, 0 0 0 0 0
6573, 10 10 10 9 9
6576, 7 7 7 7 7
6579, 7 0 0 0 0
6585, 10 0 0 0 0
6586, 8 8 7 7 6
6588, 10 9 9 9 9
6589, 7 0 0 0 0
6590, 6.000000e+00 6.000000e+00 6 6 0
6591, 7 0 0 0 0
6593, 5 5 5 0 0
6596, 10 10 0 0 0
6598, 10 9 9 6 6
6603, 8 8 1 0 0
6605, 10 10 0 0 0
6607, 9 0 0 0 0
6608, 9 9 8 6 6
6615, 9 0 0 0 0
6618, 0 0 0 0 0
6628, 7.000000e+00 7.000000e+00 7.000000e+00 7.000000e+00 7
6629, 0 0 0 0 0
6630, 10 10 10 10 10
6632, 1 0 0 0 0
6636, 9 9 8 8 7.000000e+00
6637, 0 0 0 0 0
6642, 8 8 0 0 0
6644, 0 0 0 0 0
6645, 1 0 0 0 0
6653, 3.000000e+00 0 0 0 0
6654, 10 8 8 7 7
6657, 1.000000e+01 1.000000e+01 10 10 10
6666, 9 7 0 0 0
6671, 8 5 5 3 0
6674, 10 10 10 10 10
6676, 0 0 0 0 0
6678, 8 7.000000e+00 4 0 0
6684, 0 0 0 0 0
6687, 6 6 0 0 0
6688, 1 0 0 0 0
6698, 1 0 0 0 0
6699, 0 0 0 0 0
6700, 9 9 9 9 0
6701, 5 1 0 0 0
6703, 10 10 10 5 5
6707, 7.000000e+00 7.000000e+00 7 7 6.000000e+00
6708, 9 9 7.000000e+00 7 7
6710, 1 0 0 0 0
6716, 10 10 10 10 7
6717, 7 6 0 0 0
6728, 3.000000e+00 1 0 0 0
6732, 8 0 0 0 0
6735, 5 0 0 0 0
6738, 10 9 8 7 7
6739, 0 0 0 0 0
6742, 0 0 0 0 0
6751, 0 0 0 0 0
6763, 9 9 9 8 8
6777, 8 0 0 0 0
6784, 0 0 0 0 0
6795, 9 8 6.000000e+00 6 0
6797, 10 6.000000e+00 3 2 0
6798, 10 10 10 10 9
6799, 7 0 0 0 0
6802, 0 0 0 0 0
6804, 9 9 9 7 6
6807, 7 6 4 4 3
6808, 6.000000e+00 0 0 0 0
6817, 8 8 7.500000e+00 7.000000e+00 7
6818, 9 9 9 9 9
6819, 0 0 0 0 0
6826, 10 9 9 9 9
6827, 1.000000e+01 10 10 10 10
6828, 7 3 0 0 0
6832, 0 0 0 0 0
6833, 0 0 0 0 0
6834, 1 0 0 0 0
6836, 0 0 0 0 0
6844, 9.485838e+00 9 7 0 0
6846, 8 0 0 0 0
6851, 1.000000e+01 1.000000e+01 7 4 4
6854, 9 7 0 0 0
6858, 10 10 10 10 10
6860, 1.000000e+01 10 0 0 0
6866, 10 10 10 7.000000e+00 7
6867, 8.500000e+00 0 0 0 0
6869, 0 0 0 0 0
6870, 1 0 0 0 0
6874, 10 10 10 10 8
6879, 8 8 8 8 8
6882, 8 8 8 6.000000e+00 0
6887, 8 8 7.000000e+00 7 7
6889, 0 0 0 0 0
6890, 0 0 0 0 0
6893, 0 0 0 0 0
6897, 0 0 0 0 0
6907, 0 0 0 0 0
6910, 10 10 9 0 0
6914, 0 0 0 0 0
6922, 0 0 0 0 0
6932, 10 10 0 0 0
6937, 9 9 0 0 0
6939, 9 9 9 9 0
6941, 1.000000e+01 10 10 10 10
6950, 0 0 0 0 0
6951, 5 5 5 0 0
6952, 10 10 10 10 10
6958, 6 4 3 3 0
6961, 10 0 0 0 0
6963, 7 7 7 7 7
6966, 6 0 0 0 0
6969, 10 10 10 10 8
6972, 9 9 9 9 9
6982, 0 0 0 0 0
6985, 8 8 8 8 7
6986, 10 0 0 0 0
6987, 9 0 0 0 0
6988, 0 0 0 0 0
6992, 10 0 0 0 0
6999, 0 0 0 0 0
7003, 10 10 9 9 8
7004, 9 7.000000e+00 3 0 0
7005, 0 0 0 0 0
7006, 10 0 0 0 0
7008, 0 0 0 0 0
7010, 9 9 1 0 0
7012, 8 8 8 8 6.000000e+00
7014, 0 0 0 0 0
7015, 0 0 0 0 0
7018, 0 0 0 0 0
7022, 0 0 0 0 0
7026, 0 0 0 0 0
7030, 0 0 0 0 0
7031, 10 9 9 9 9
7036, 10 10 10 10 10
7043, 10 10 10 10 0
7049, 5 5 0 0 0
7050, 0 0 0 0 0
7053, 9 9 9 9 7
7057, 10 9 6 6 6.000000e+00
7060, 7.000000e+00 0 0 0 0
7063, 7 0 0 0 0
7069, 5 0 0 0 0
7074, 6.000000e+00 0 0 0 0
7078, 7 5 5 0 0
7085, 4 4 0 0 0
7090, 10 10 10 10 10
7091, 0 0 0 0 0
7093, 8 0 0 0 0
7095, 0 0 0 0 0
7096, 8 8 8 6.000000e+00 5
7098, 9 9 8 8 7
7099, 0 0 0 0 0
7100, 8 6 0 0 0
7103, 8 5 4 4 4
7106, 0 0 0 0 0
7114, 10 5 0 0 0
7124, 10 8 7 6 6
7125, 6.000000e+00 6.000000e+00 0 0 0
7128, 7 7 0 0 0
7132, 0 0 0 0 0
7139, 7 6.000000e+00 0 0 0
7143, 0 0 0 0 0
7145, 10 0 0 0 0
7146, 8 8 8 0 0
7147, 8 5 0 0 0
7152, 0 0 0 0 0
7153, 0 0 0 0 0
7154, 0 0 0 0 0
7157, 10 0 0 0 0
7160, 8 7.000000e+00 6 5 5
7161, 10 10 0 0 0
7163, 0 0 0 0 0
7166, 9 0 0 0 0
7170, 10 10 10 0 0
7171, 10 0 0 0 0
7172, 0 0 0 0 0
7173, 9 0 0 0 0
7174, 0 0 0 0 0
7176, 3 0 0 0 0
7179, 0 0 0 0 0
7180, 7 6 2 2 0
7182, 6 0 0 0 0
7187, 9 0 0 0 0
7197, 0 0 0 0 0
7202, 0 0 0 0 0
7203, 0 0 0 0 0
7204, 6 6 0 0 0
7230, 8 8 8 8 7
7236, 10 10 1.000000e+01 9 9
7242, 1.000000e+01 10 10 10 10
7246, 8 8 8 7 7
7253, 0 0 0 0 0
7258, 0 0 0 0 0
7259, 4 2 2 0 0
7260, 6 6 0 0 0
7261, 0 0 0 0 0
7263, 7.000000e+00 7.000000e+00 0 0 0
7267, 0 0 0 0 0
7274, 8 8 0 0 0
7282, 9 9 8 8 8
7285, 7.000000e+00 7 4 0 0
7286, 7 7 7 3 0
7293, 7.000000e+00 7.000000e+00 7.000000e+00 7 7
7297, 5 0 0 0 0
7298, 0 0 0 0 0
7302, 0 0 0 0 0
7308, 10 0 0 0 0
7311, 8 8 8 4 4
7318, 6 6 6 6.000000e+00 0
7321, 10 10 0 0 0
7327, 1.000000e+01 10 10 10 0
7328, 10 8 8 0 0
7330, 7 0 0 0 0
7331, 9 8 8 7 4
7332, 10 9 7 0 0
7350, 8 0 0 0 0
7352, 9 8 8 8 7.000000e+00
7356, 9 8 0 0 0
7358, 7 6 6.000000e+00 0 0
7359, 0 0 0 0 0
7360, 0 0 0 0 0
7361, 0 0 0 0 0
7362, 9 8 8 8 8
7363, 4 0 0 0 0
7366, 0 0 0 0 0
7370, 10 10 9.074886e+00 0 0
7377, 0 0 0 0 0
7381, 8 0 0 0 0
7384, 9 0 0 0 0
7385, 0 0 0 0 0
7389, 0 0 0 0 0
7391, 10 10 0 0 0
7392, 6 6 6 6 3
7393, 1.000000e+01 10 10 10 10
7396, 1 0 0 0 0
7404, 10 10 7 0 0
7405, 10 0 0 0 0
7412, 4 3 3 0 0
7420, 9 7 7 0 0
7421, 8 7 0 0 0
7422, 9 9 9 9 9
7426, 10 0 0 0 0
7433, 9 7 7 5 2
7435, 7 7 7 7 7
7439, 0 0 0 0 0
7444, 7 5 5 0 0
7445, 9 9 9 9 8
7450, 0 0 0 0 0
7452, 0 0 0 0 0
7454, 8 7 7 7 0
7455, 5 5 5 0 0
7461, 10 10 10 7 7
7472, 2 2 2 0 0
7475, 0 0 0 0 0
7479, 10 6 0 0 0
7480, 0 0 0 0 0
7490, 0 0 0 0 0
7501, 0 0 0 0 0
7512, 9 9 3.000000e+00 0 0
7513, 10 0 0 0 0
7514, 6 0 0 0 0
7517, 7 7 7 0 0
7522, 0 0 0 0 0
7523, 2 0 0 0 0
7525, 8 8 7 7 6
7531, 7 7 6 1 0
7534, 9 8 8 8 8
7544, 8 8 7.000000e+00 6 5
7545, 10 10 9 9 5
7546, 8 0 0 0 0
7547, 1 0 0 0 0
7552, 10 0 0 0 0
7556, 7.000000e+00 7.000000e+00 7.000000e+00 7.000000e+00 7.000000e+00
7558, 5 0 0 0 0
7561, 0 0 0 0 0
7566, 10 10 9 8 8
7567, 7.000000e+00 7 0 0 0
7571, 1.000000e+01 10 10 10 10
7572, 0 0 0 0 0
7574, 10 10 10 10 9
7576, 7 0 0 0 0
7578, 1.000000e+01 10 10 10 10
7580, 10 10 10 9 9
7581, 1.000000e+01 1.000000e+01 10 10 10
7584, 10 9 9 8 8
7585, 2 2 2 2 2
7586, 0 0 0 0 0
7587, 1 0 0 0 0
7588, 8 6 5 4 4
7592, 9 9 8 8 8
7593, 9 9 8 7 5
7595, 7.000000e+00 0 0 0 0
7604, 0 0 0 0 0
7606, 10 8 8 8 8
7618, 8 8 8 8 8
7625, 0 0 0 0 0
7630, 0 0 0 0 0
7639, 10 3 0 0 0
7643, 8 8 6.000000e+00 5 5
7644, 8 0 0 0 0
7648, 2 2 0 0 0
7654, 0 0 0 0 0
7655, 9 9 0 0 0
7659, 7 7 6 6 6
7661, 1.000000e+01 1 0 0 0
7665, 10 10 10 10 10
7667, 1.000000e+01 10 10 10 10
7672, 7 7 5.000000e+00 0 0
7674, 7 2 0 0 0
7676, 3.000000e+00 0 0 0 0
7695, 0 0 0 0 0
7697, 4 0 0 0 0
7698, 0 0 0 0 0
7700, 5 0 0 0 0
7711, 9 9 0 0 0
7712, 6.000000e+00 0 0 0 0
7715, 9 9 7 0 0
7718, 0 0 0 0 0
7721, 0 0 0 0 0
7722, 0 0 0 0 0
7730, 0 0 0 0 0
7740, 0 0 0 0 0
7742, 6 6 5 5 5
7745, 4 0 0 0 0
7747, 9 9 7 6 0
7748, 10 10 10 0 0
7749, 0 0 0 0 0
7756, 10 5 0 0 0
7757, 10 10 10 10 0
7759, 0 0 0 0 0
7760, 6.000000e+00 0 0 0 0
7764, 7.000000e+00 7 7 7 7
7767, 8 8 8 8 0
7773, 9 7.000000e+00 7.000000e+00 7.000000e+00 7
7776, 10 10 10 10 10
7781, 0 0 0 0 0
7782, 8 8 8 8 7
7790, 8 0 0 0 0
7791, 10 9 9 0 0
7793, 0 0 0 0 0
7794, 0 0 0 0 0
7796, 10 10 10 10 10
7798, 10 10 10 10 10
7799, 0 0 0 0 0
7801, 7 0 0 0 0
7802, 8 7.000000e+00 7.000000e+00 7 7
7804, 10 10 10 0 0
7807, 0 0 0 0 0
7808, 7.000000e+00 7 7 7 7
7809, 10 10 10 10 10
7810, 9 0 0 0 0
7815, 10 1 0 0 0
7816, 0 0 0 0 0
7817, 8 7.000000e+00 7.000000e+00 7.000000e+00 7.000000e+00
7818, 0 0 0 0 0
7822, 0 0 0 0 0
7830, 10 2 2 0 0
7834, 0 0 0 0 0
7836, 2 0 0 0 0
7837, 0 0 0 0 0
7839, 8 8 6 5 0
7850, 0 0 0 0 0
7853, 10 9 9 9 9
7854, 7 0 0 0 0
7857, 8 0 0 0 0
7861, 8 0 0 0 0
7863, 10 0 0 0 0
7869, 8 0 0 0 0
7874, 7 3.000000e+00 0 0 0
7878, 10 9 5 0 0
7879, 10 5 5 5 0
7881, 9 6 6 5.000000e+00 5.000000e+00
7883, 0 0 0 0 0
7884, 0 0 0 0 0
7885, 8 7 0 0 0
7886, 10 10 10 10 10
7903, 10 0 0 0 0
7905, 1 0 0 0 0
7906, 10 10 9 9 5
7907, 10 10 8 0 0
7909, 9 2 0 0 0
7910, 10 10 9 9 9
7911, 10 10 10 10 10
7913, 1.000000e+01 1.000000e+01 10 10 10
7915, 10 10 10 10 10
7919, 1.000000e+01 10 10 10 0
7935, 5 0 0 0 0
7936, 9 9 3 3.000000e+00 0
7947, 1.000000e+01 10 8 8 7
7951, 8 0 0 0 0
7954, 10 0 0 0 0
7958, 0 0 0 0 0
7965, 9 9 9 8.454545e+00 8
7974, 0 0 0 0 0
7976, 10 10 10 7 0
7979, 9 5 5 5 5
7981, 1.000000e+01 1.000000e+01 1 1 1
7983, 8 0 0 0 0
7987, 10 10 10 9 8
7990, 0 0 0 0 0
7998, 8 8 7 0 0
8001, 0 0 0 0 0
8002, 8 8 7 0 0
8006, 0 0 0 0 0
8009, 8 8 8 6.000000e+00 6
8014, 0 0 0 0 0
8017, 10 10 10 10 10
8019, 0 0 0 0 0
8020, 0 0 0 0 0
8021, 10 9 8 7.000000e+00 7.000000e+00
8023, 0 0 0 0 0
8029, 0 0 0 0 0
8032, 0 0 0 0 0
8037, 10 10 0 0 0
8040, 8 0 0 0 0
8042, 10 10 10 10 9
8050, 0 0 0 0 0
8051, 7 0 0 0 0
8052, 10 10 10 10 10
8055, 0 0 0 0 0
8056, 7.000000e+00 0 0 0 0
8061, 7.000000e+00 0 0 0 0
8070, 5 5 0 0 0
8071, 10 10 10 10 10
8074, 6 6 4 3 1
8075, 0 0 0 0 0
8076, 8 5 2 0 0
8082, 0 0 0 0 0
8083, 0 0 0 0 0
8085, 10 0 0 0 0
8086, 7.000000e+00 7.000000e+00 7 7 7
8087, 6 0 0 0 0
8088, 8 0 0 0 0
8090, 6 6 5 4 3
8094, 10 0 0 0 0
8097, 0 0 0 0 0
8104, 9 9 5 4 0
8109, 10 10 10 10 9
8110, 0 0 0 0 0
8122, 4 0 0 0 0
8124, 10 10 10 0 0
8127, 0 0 0 0 0
8128, 10 10 10 1 1
8129, 0 0 0 0 0
8130, 10 10 10 10 10
8132, 9 9 9 7.000000e+00 5
8138, 10 2 2 2 0
8139, 0 0 0 0 0
8140, 5.000000e+00 5.000000e+00 0 0 0
8141, 10 10 10 10 9
8144, 10 10 10 10 10
8149, 7 0 0 0 0
8150, 0 0 0 0 0
8155, 9 9 9 8 7.000000e+00
8161, 8 0 0 0 0
8164, 0 0 0 0 0
8165, 10 10 10 10 10
8174, 0 0 0 0 0
8177, 10 10 8 8 0
8179, 0 0 0 0 0
8180, 9 8 0 0 0
8182, 0 0 0 0 0
8186, 10 10 10 10 9
8187, 10 10 10 6 0
8190, 6.000000e+00 0 0 0 0
8194, 9 0 0 0 0
8195, 4 4 0 0 0
8198, 0 0 0 0 0
8205, 0 0 0 0 0
8206, 8 8 0 0 0
8224, 0 0 0 0 0
8225, 9 7 0 0 0
8228, 10 10 10 10 9
8233, 0 0 0 0 0
8237, 5 0 0 0 0
8238, 0 0 0 0 0
8254, 0 0 0 0 0
8258, 6 6 4 0 0
8259, 0 0 0 0 0
8262, 0 0 0 0 0
8266, 0 0 0 0 0
8268, 0 0 0 0 0
8272, 0 0 0 0 0
8275, 0 0 0 0 0
8280, 0 0 0 0 0
8286, 10 9 9 8 7.000000e+00
8287, 0 0 0 0 0
8292, 1 1 1 1 1
8296, 7.000000e+00 7.000000e+00 7 7 0
8301, 9 1 1 0 0
8304, 0 0 0 0 0
8305, 0 0 0 0 0
8311, 0 0 0 0 0
8312, 7 7 7 7 7
8313, 0 0 0 0 0
8314, 0 0 0 0 0
8316, 4 0 0 0 0
8329, 5.000000e+00 5 0 0 0
8331, 1 0 0 0 0
8334, 0 0 0 0 0
8338, 10 10 0 0 0
8341, 10 10 3 2 2
8347, 0 0 0 0 0
8348, 4 4 4 0 0
8349, 9 9 9 9 9
8363, 10 10 10 10 10
8367, 5 5 5 5 5
8368, 10 10 10 0 0
8370, 9 0 0 0 0
8374, 0 0 0 0 0
8376, 8 8 8 8 8
8377, 10 10 3 0 0
8380, 7.000000e+00 7.000000e+00 0 0 0
8385, 10 10 10 10 9.500000e+00
8392, 10 9 6 6 6.000000e+00
8393, 8 8 8 8 7
8394, 10 7 7 7 0
8396, 8 0 0 0 0
8403, 0 0 0 0 0
8406, 9 9 9 9 9
8417, 10 10 10 9 9
8419, 10 10 10 10 7
8424, 10 9 9 0 0
8426, 10 0 0 0 0
8434, 0 0 0 0 0
8435, 1 0 0 0 0
8444, 2 2 0 0 0
8446, 8 8 6 6 6
8450, 10 0 0 0 0
8455, 9 0 0 0 0
8456, 9 9 9 9 9
8458, 10 10 5 4 0
8461, 0 0 0 0 0
8463, 9 9 9 0 0
8469, 10 6 0 0 0
8471, 10 10 10 10 10
8475, 0 0 0 0 0
8476, 0 0 0 0 0
8481, 0 0 0 0 0
8485, 7 2 2 0 0
8487, 10 10 10 10 0
8488, 9 9 9 9 0
8496, 9 9 9 9 8
8499, 10 10 10 6 4
8506, 10 0 0 0 0
8512, 9 9 9 8 8
8513, 4 4 4 4 4
8516, 0 0 0 0 0
8517, 10 10 9 9 0
8519, 10 9 0 0 0
8523, 8 6 5 4 4
8528, 0 0 0 0 0
8530, 7 0 0 0 0
8534, 10 10 10 9 9
8538, 10 10 10 10 10
8541, 0 0 0 0 0
8543, 10 7 0 0 0
8545, 0 0 0 0 0
8548, 3 3 0 0 0
8549, 0 0 0 0 0
8552, 5 5 5 5 0
8557, 0 0 0 0 0
8559, 0 0 0 0 0
8562, 6 6.000000e+00 0 0 0
8564, 1.000000e+01 10 10 10 10
8569, 8 0 0 0 0
8573, 7 7 7 6 6
8578, 0 0 0 0 0
8580, 0 0 0 0 0
8582, 9 9 9 0 0
8586, 4 4 2 0 0
8589, 7 4 4 4 0
8591, 9 9 8 0 0
8594, 10 10 9 8 8
8595, 9 9 9 9 9
8600, 8 4 4 4 3
8601, 1 1 0 0 0
8611, 0 0 0 0 0
8613, 9 9 7.000000e+00 7 6
8614, 9 0 0 0 0
8618, 7 7 7 7 0
8619, 0 0 0 0 0
8620, 1.000000e+01 10 10 10 10
8621, 6 0 0 0 0
8622, 8 0 0 0 0
8628, 0 0 0 0 0
8630, 0 0 0 0 0
8634, 7 7 5 5 5
8636, 9 7 7 7 0
8638, 10 10 10 10 10
8639, 8 8 8 0 0
8645, 9 9 9 9 4
8646, 6 0 0 0 0
8648, 9 0 0 0 0
8651, 10 1.000000e+01 0 0 0
8653, 8 8 8 8 0
8655, 0 0 0 0 0
8666, 9 0 0 0 0
8667, 9 0 0 0 0
8671, 9 9 9 9 9
8674, 6 0 0 0 0
8677, 10 0 0 0 0
8682, 0 0 0 0 0
8684, 6 6 6 6 6
8687, 8 8 8 8 8
8696, 10 10 10 0 0
8697, 10 10 1 0 0
8702, 9 8 7 7 7
8707, 7.000000e+00 7 7 7 7
8709, 0 0 0 0 0
8711, 7 5 1 1 0
8712, 0 0 0 0 0
8720, 10 7.000000e+00 7 7 7
8724, 0 0 0 0 0
8732, 1.000000e+01 10 10 10 5
8733, 0 0 0 0 0
8737, 9 9 0 0 0
8738, 10 10 10 10 8
8742, 7 7 5 5 0
8743, 9 0 0 0 0
8748, 8 0 0 0 0
8753, 0 0 0 0 0
8754, 7 0 0 0 0
8756, 10 10 0 0 0
8760, 0 0 0 0 0
8766, 6 6 0 0 0
8769, 10 0 0 0 0
8771, 7 4 0 0 0
8784, 9 9 7 7 0
8786, 1.000000e+01 0 0 0 0
8787, 0 0 0 0 0
8792, 9 8 8 8 7
8794, 6 6.000000e+00 0 0 0
8805, 10 10 10 2 1
8806, 9 1 1 1 0
8809, 0 0 0 0 0
8812, 10 10 10 0 0
8817, 0 0 0 0 0
8819, 8 8 8 8 0
8822, 0 0 0 0 0
8830, 8 0 0 0 0
8836, 0 0 0 0 0
8840, 1.000000e+01 1.000000e+01 7.000000e+00 7.000000e+00 0
8850, 7.500000e+00 0 0 0 0
8851, 0 0 0 0 0
8859, 8 0 0 0 0
8861, 0 0 0 0 0
8862, 9 9 9 9 9
8869, 0 0 0 0 0
8870, 0 0 0 0 0
8873, 9 9 9 9 9
8875, 9 8 8 7.000000e+00 7
8888, 0 0 0 0 0
8889, 9 5 0 0 0
8891, 10 10 10 9 9
8895, 10 10 10 10 1.000000e+01
8896, 10 10 0 0 0
8897, 9 9 9 9 9
8898, 8 8 0 0 0
8907, 8 8 8 6.000000e+00 6
8916, 1 1 1 1 1
8917, 6 6.000000e+00 5 5 3
8919, 10 0 0 0 0
8926, 10 8 7 7 7
8927, 0 0 0 0 0
8929, 0 0 0 0 0
8934, 0 0 0 0 0
8936, 7 7 0 0 0
8937, 1 0 0 0 0
8938, 6.000000e+00 0 0 0 0
8940, 0 0 0 0 0
8943, 0 0 0 0 0
8944, 0 0 0 0 0
8948, 0 0 0 0 0
8951, 10 6 4 0 0
8954, 10 7 0 0 0
8965, 0 0 0 0 0
8966, 7 7 7 6 6
8967, 0 0 0 0 0
8975, 7 0 0 0 0
8992, 0 0 0 0 0
8993, 0 0 0 0 0
8995, 8 8 8 8 8
8998, 0 0 0 0 0
8999, 10 10 1 1 0
9000, 7 0 0 0 0
9005, 0 0 0 0 0
9006, 0 0 0 0 0
9010, 0 0 0 0 0
9013, 7 6 6 6 0
9014, 1.000000e+01 10 10 10 10
9021, 0 0 0 0 0
9027, 0 0 0 0 0
9029, 10 0 0 0 0
9041, 9 9 9 8 8
9045, 0 0 0 0 0
9048, 0 0 0 0 0
9053, 0 0 0 0 0
9054, 8 0 0 0 0
9057, 9 9 9 9 9
9058, 2 0 0 0 0
9063, 9 9 9 0 0
9066, 0 0 0 0 0
9067, 8 8 8 8 0
9069, 1.000000e+01 1.000000e+01 0 0 0
9078, 10 10 10 10 10
9087, 6.000000e+00 2 2 1 1
9090, 10 10 9 9 8
9094, 0 0 0 0 0
9095, 7.000000e+00 7.000000e+00 7 7 7
9100, 9 9 0 0 0
9102, 10 10 10 10 10
9106, 0 0 0 0 0
9108, 1.000000e+01 10 9 7.000000e+00 7
9109, 5 5 0 0 0
9111, 8 0 0 0 0
9121, 10 7 0 0 0
9125, 0 0 0 0 0
9138, 9 9 9 7 7
9139, 0 0 0 0 0
9147, 4 4 0 0 0
9155, 10 0 0 0 0
9156, 10 0 0 0 0
9158, 0 0 0 0 0
9160, 10 10 10 9 8
9161, 9 7 3 3.000000e+00 3.000000e+00
9162, 0 0 0 0 0
9167, 3 0 0 0 0
9168, 10 10 10 9 9
9170, 10 10 10 10 8
9171, 0 0 0 0 0
9176, 0 0 0 0 0
9178, 1.000000e+01 10 10 10 9
9183, 10 10 10 0 0
9186, 8 7 5 5 1
9189, 8 8 8 8 7.000000e+00
9192, 7 0 0 0 0
9214, 7.000000e+00 7.000000e+00 7 0 0
9216, 0 0 0 0 0
9219, 10 0 0 0 0
9220, 1 0 0 0 0
9222, 8 7 7 7 7
9225, 4 3 0 0 0
9228, 0 0 0 0 0
9232, 0 0 0 0 0
9236, 8 8 0 0 0
9245, 10 10 10 10 10
9249, 0 0 0 0 0
9250, 0 0 0 0 0
9253, 10 10 0 0 0
9258, 10 0 0 0 0
9260, 0 0 0 0 0
9263, 10 10 10 9 9
9267, 1.000000e+01 0 0 0 0
9268, 10 9 9 8 6
9273, 6 1 0 0 0
9275, 10 10 10 10 0
9277, 0 0 0 0 0
9278, 8 7 7 5 4
9281, 10 10 1.000000e+01 0 0
9282, 10 10 0 0 0
9284, 0 0 0 0 0
9289, 9 9 0 0 0
9290, 0 0 0 0 0
9299, 10 10 10 10 10
9303, 9 9 9 7 7
9304, 9 9 9 9 9
9310, 9 0 0 0 0
9312, 0 0 0 0 0
9322, 0 0 0 0 0
9331, 1.000000e+01 9 9 7.000000e+00 7
9332, 10 10 10 10 9
9337, 0 0 0 0 0
9340, 10 10 10 10 0
9345, 0 0 0 0 0
9347, 1.000000e+01 1.000000e+01 7.000000e+00 6 6
9364, 10 10 9 9 8
9365, 10 10 10 9 9
9366, 9 9 9 4 0
9368, 8 8 0 0 0
9369, 8 0 0 0 0
9372, 0 0 0 0 0
9375, 4 4 3 3 2
9382, 10 10 0 0 0
9383, 10 0 0 0 0
9388, 1.000000e+01 1.000000e+01 5 5 5
9390, 9 9 9 9 9
9395, 8 1 0 0 0
9396, 0 0 0 0 0
9399, 4 4 4 0 0
9401, 7 0 0 0 0
9406, 8 0 0 0 0
9409, 6 6 6.000000e+00 6.000000e+00 0
9413, 7 7 7 7 6.454545e+00
9416, 10 0 0 0 0
9418, 9 8 6 4 4
9420, 10 10 10 10 10
9433, 10 10 10 10 10
9440, 9 9 8 8 8
9441, 7 0 0 0 0
9448, 8 6 3 3 0
9454, 1.000000e+01 1.000000e+01 1.000000e+01 10 10
9461, 6.000000e+00 0 0 0 0
9473, 10 10 10 7 7
9474, 0 0 0 0 0
9475, 10 10 10 10 10
9476, 4 2 2 2 2
9478, 3.000000e+00 3.000000e+00 2 0 0
9488, 0 0 0 0 0
9491, 10 10 1.000000e+01 6 6
9492, 0 0 0 0 0
9495, 10 10 10 10 0
9497, 10 10 8 8 2
9498, 1.000000e+01 1.000000e+01 7.000000e+00 7.000000e+00 7
9499, 0 0 0 0 0
9503, 0 0 0 0 0
9510, 0 0 0 0 0
9511, 5 5 5 0 0
9512, 10 10 10 10 10
9513, 1.000000e+01 10 0 0 0
9514, 10 10 9 0 0
9515, 9 5 5 5 5
9523, 7.000000e+00 6 0 0 0
9533, 0 0 0 0 0
9541, 0 0 0 0 0
9543, 4 4 1 1 0
9545, 7 7 6 6 6.000000e+00
9553, 0 0 0 0 0
9554, 0 0 0 0 0
9563, 0 0 0 0 0
9569, 8 8 0 0 0
9573, 0 0 0 0 0
9574, 0 0 0 0 0
9578, 10 10 10 10 10
9586, 0 0 0 0 0
9595, 0 0 0 0 0
9596, 0 0 0 0 0
9597, 10 4 4 0 0
9598, 8 3 3.000000e+00 2 2
9606, 3 3.000000e+00 2 2 0
9607, 0 0 0 0 0
9608, 10 10 10 10 10
9610, 10 10 0 0 0
9612, 10 10 0 0 0
9615, 9 9 0 0 0
9620, 0 0 0 0 0
9626, 7 0 0 0 0
9631, 0 0 0 0 0
9634, 0 0 0 0 0
9635, 8 8 8 0 0
9636, 6 1 1 1 1
9638, 1.000000e+01 3 0 0 0
9640, 0 0 0 0 0
9641, 9 9 9 7 0
9664, 7 0 0 0 0
9666, 0 0 0 0 0
9669, 0 0 0 0 0
9673, 0 0 0 0 0
9675, 8 8 7.000000e+00 7.000000e+00 7
9679, 8 7.000000e+00 7 7 7
9683, 5 0 0 0 0
9686, 10 8 8 6 5
9689, 10 10 9 0 0
9690, 4 0 0 0 0
9693, 3 0 0 0 0
9701, 0 0 0 0 0
9702, 10 10 10 0 0
9708, 1.000000e+01 10 10 10 10
9712, 9 9 9 9 7
9714, 10 10 10 6 6
9716, 10 0 0 0 0
9722, 9 0 0 0 0
9731, 8 0 0 0 0
9740, 1.000000e+01 10 10 10 10
9742, 9 9 0 0 0
9744, 10 10 10 10 9
9755, 0 0 0 0 0
9766, 9 9 0 0 0
9770, 0 0 0 0 0
9771, 10 10 0 0 0
9783, 0 0 0 0 0
9785, 10 0 0 0 0
9788, 8 0 0 0 0
9790, 10 10 10 10 10
9791, 10 10 9 9 8
9792, 8 8 6 6.000000e+00 0
9795, 0 0 0 0 0
9802, 9 1 0 0 0
9803, 0 0 0 0 0
9805, 7 7 0 0 0
9806, 0 0 0 0 0
9807, 9 9 9 9 9
9808, 0 0 0 0 0
9814, 0 0 0 0 0
9815, 2 2 1 1 1
9818, 10 9 2 1 0
9822, 10 8 8 4 4
9823, 10 10 10 10 10
9825, 9 0 0 0 0
9827, 10 9 9 9 9
9831, 10 10 0 0 0
9832, 0 0 0 0 0
9833, 8 7 0 0 0
9835, 0 0 0 0 0
9838, 0 0 0 0 0
9842, 10 10 9 7.222222e+00 7
9850, 5 0 0 0 0
9854, 9 9 7 0 0
9860, 10 10 10 10 10
9866, 9 8 5 3 2
9868, 9 9 9 9 8
9874, 8 8 0 0 0
9875, 6 6 0 0 0
9880, 9 9 8 7 0
9882, 0 0 0 0 0
9886, 1.000000e+01 10 10 10 10
9888, 10 10 10 8 7.000000e+00
9889, 9 3 3 3 3
9894, 9 9 9 8 8
9895, 0 0 0 0 0
9907, 1 1 0 0 0
9919, 0 0 0 0 0
9921, 10 0 0 0 0
9923, 2 0 0 0 0
9928, 0 0 0 0 0
9932, 3 0 0 0 0
9935, 7 6 6.000000e+00 5 0
9936, 5 0 0 0 0
9941, 7 0 0 0 0
9948, 0 0 0 0 0
9950, 0 0 0 0 0
9951, 4 0 0 0 0
9961, 0 0 0 0 0
9970, 10 0 0 0 0
9979, 10 10 10 9 9
9985, 0 0 0 0 0
9987, 0 0 0 0 0
9995, 0 0 0 0 0
9997, 7.000000e+00 6.000000e+00 6.000000e+00 6.000000e+00 0
10001, 7.000000e+00 7 7 4 0
10003, 7.000000e+00 7.000000e+00 7 7 7.000000e+00
10011, 8 7 7 7 6
10013, 8 8 0 0 0
10020, 0 0 0 0 0
10023, 0 0 0 0 0
10024, 5.000000e+00 5 0 0 0
10030, 0 0 0 0 0
10035, 0 0 0 0 0
10046, 9 9 9 9 7
10050, 9 9 7 0 0
10056, 8 8 6 0 0
10057, 9 7.000000e+00 0 0 0
10062, 0 0 0 0 0
10065, 10 0 0 0 0
10074, 0 0 0 0 0
10086, 9 9 9 9 9
10093, 3 3.000000e+00 0 0 0
10094, 1.000000e+01 7.000000e+00 7 0 0
10096, 1.000000e+01 10 8 5 5
10098, 10 10 10 10 10
10108, 10 10 10 10 9
10109, 10 10 10 10 10
10111, 9 4 0 0 0
10114, 0 0 0 0 0
10119, 10 10 10 10 8
10120, 0 0 0 0 0
10126, 8 8 8 0 0
10127, 0 0 0 0 0
10132, 9 8 8 8 8
10134, 10 10 10 10 10
10137, 10 4 0 0 0
10138, 10 0 0 0 0
10145, 0 0 0 0 0
10146, 9 9 9 9 9
10148, 0 0 0 0 0
10166, 10 9 9 0 0
10169, 10 8 7 7 7
10171, 9 9 9 8 8
10175, 10 10 10 10 4
10183, 0 0 0 0 0
10189, 10 10 0 0 0
10190, 10 10 9 9 9
10205, 9 9 8 8 8
10207, 7.000000e+00 7.000000e+00 0 0 0
10215, 0 0 0 0 0
10216, 10 0 0 0 0
10221, 0 0 0 0 0
10222, 0 0 0 0 0
10226, 8 6 6 6 6
10227, 10 0 0 0 0
10228, 9 8 8 8 8
10232, 10 10 10 10 10
10234, 0 0 0 0 0
10244, 10 0 0 0 0
10245, 10 10 10 10 10
10251, 7 0 0 0 0
10252, 10 0 0 0 0
10259, 0 0 0 0 0
10263, 10 0 0 0 0
10268, 1 0 0 0 0
10270, 5 5 5 5 5
10276, 7.000000e+00 0 0 0 0
10279, 0 0 0 0 0
10280, 9 9 9 0 0
10289, 0 0 0 0 0
10292, 7.000000e+00 7.000000e+00 0 0 0
10293, 1.000000e+01 1.000000e+01 7 6 2
10295, 1 1 1 1 1
10297, 0 0 0 0 0
10302, 5 0 0 0 0
10305, 10 10 5 0 0
10307, 4 2 0 0 0
10308, 6 6 6 6 6
10309, 0 0 0 0 0
10311, 0 0 0 0 0
10312, 0 0 0 0 0
10313, 8 0 0 0 0
10314, 0 0 0 0 0
10318, 9 7 0 0 0
10325, 3 3.000000e+00 0 0 0
10326, 4 4 4 0 0
10330, 0 0 0 0 0
10340, 10 7 7 7 0
10346, 10 0 0 0 0
10353, 10 4 1 1 0
10363, 0 0 0 0 0
10364, 7 7 2 0 0
10371, 1.000000e+01 1.000000e+01 0 0 0
10378, 7 6 6 6.000000e+00 6.000000e+00
10380, 7 3 3 3 0
10383, 0 0 0 0 0
10384, 10 10 10 10 9
10386, 9 1 0 0 0
10391, 0 0 0 0 0
10399, 0 0 0 0 0
10402, 0 0 0 0 0
10404, 0 0 0 0 0
10405, 0 0 0 0 0
10406, 7 0 0 0 0
10407, 4 4 0 0 0
10408, 0 0 0 0 0
10416, 2 2 0 0 0
10418, 8 0 0 0 0
10419, 10 0 0 0 0
10423, 10 10 9 1 1
10424, 1 0 0 0 0
10438, 10 10 10 0 0
10439, 10 10 10 10 10
10443, 10 3 3 3 3
10445, 7 7 7 7 6
10450, 10 10 10 10 10
10452, 1.000000e+01 0 0 0 0
10454, 9 8 0 0 0
10455, 6 6 5 5 5
10456, 6 6 6 6 6
10459, 3 3 0 0 0
10465, 7 0 0 0 0
10466, 1 1 0 0 0
10468, 0 0 0 0 0
10474, 0 0 0 0 0
10482, 2 2 0 0 0
10491, 0 0 0 0 0
10496, 7 0 0 0 0
10503, 9 9 5 0 0
10504, 0 0 0 0 0
10511, 10 10 7.000000e+00 0 0
10515, 1.000000e+01 10 10 10 10
10516, 10 10 10 10 10
10518, 9 9 9 7 1
10519, 6.000000e+00 6.000000e+00 0 0 0
10521, 1 0 0 0 0
10522, 10 0 0 0 0
10525, 0 0 0 0 0
10527, 10 9 9 8 4
10533, 10 10 3.000000e+00 0 0
10542, 7 7 0 0 0
10544, 1.000000e+01 10 0 0 0
10547, 8 0 0 0 0
10548, 10 10 10 0 0
10550, 9 9 7 7 7
10553, 0 0 0 0 0
10560, 6 0 0 0 0
10565, 10 9 7 7 0
10570, 5 4 0 0 0
10573, 9 9 8 8 8
10580, 10 10 0 0 0
10582, 0 0 0 0 0
10584, 10 9 8 7.000000e+00 7.000000e+00
10589, 7 0 0 0 0
10596, 0 0 0 0 0
10600, 0 0 0 0 0
10601, 0 0 0 0 0
10602, 8 8 7 5 0
10613, 10 0 0 0 0
10622, 9 0 0 0 0
10625, 0 0 0 0 0
10630, 10 10 10 10 10
10633, 0 0 0 0 0
10636, 10 10 10 9 5
10638, 1 0 0 0 0
10646, 9 9 8 8 8
10649, 0 0 0 0 0
10652, 10 10 8 8 8
10654, 9 9 9 8 8
10656, 0 0 0 0 0
10659, 10 9 9 9 8
10665, 8 8 6 6 6
10672, 10 9 7.000000e+00 0 0
10675, 1.000000e+01 1.000000e+01 8 8 0
10676, 10 10 10 6 6.000000e+00
10679, 0 0 0 0 0
10682, 10 8 8 8 7
10683, 0 0 0 0 0
10685, 0 0 0 0 0
10690, 1.000000e+01 1.000000e+01 6 6.000000e+00 0
10691, 1.000000e+01 10 10 10 0
10697, 1.000000e+01 10 10 10 0
10699, 7.000000e+00 0 0 0 0
10704, 0 0 0 0 0
10715, 0 0 0 0 0
10719, 10 10 10 10 1
10721, 10 0 0 0 0
10722, 0 0 0 0 0
10723, 10 10 10 10 10
10728, 7 7 0 0 0
10733, 0 0 0 0 0
10734, 10 0 0 0 0
10735, 8 8 0 0 0
10742, 6 3 3.000000e+00 0 0
10744, 10 0 0 0 0
10747, 0 0 0 0 0
10748, 10 9 9 9 9
10749, 10 10 9 9 9
10750, 0 0 0 0 0
10752, 1.000000e+01 10 10 10 8
10755, 0 0 0 0 0
10759, 5 5 0 0 0
10761, 6 0 0 0 0
10763, 9 9 8 8 8
10764, 8 8 8 7 0
10765, 0 0 0 0 0
10772, 10 6 0 0 0
10775, 10 10 10 1 0
10778, 10 0 0 0 0
10784, 10 7 0 0 0
10790, 6 6 5 3 0
10794, 10 10 10 10 10
10799, 10 10 0 0 0
10800, 8 8 8 8 7
10809, 0 0 0 0 0
10813, 6 6 0 0 0
10815, 0 0 0 0 0
10818, 0 0 0 0 0
10820, 6 0 0 0 0
10821, 0 0 0 0 0
10822, 0 0 0 0 0
10823, 6 0 0 0 0
10827, 0 0 0 0 0
10830, 9 9 9 9 4
10833, 3.000000e+00 1 0 0 0
10834, 6.000000e+00 6 4 4 2
10838, 6 2 0 0 0
10840, 7.000000e+00 7 7 7 6
10841, 7.000000e+00 5 5 0 0
10842, 10 10 10 10 10
10843, 7.000000e+00 5 5 0 0
10846, 10 10 10 10 0
10851, 0 0 0 0 0
10852, 10 10 8 8 1
10858, 8 0 0 0 0
10861, 9 7 7 0 0
10862, 8 0 0 0 0
10865, 10 0 0 0 0
10867, 9 9 9 9 9
10868, 0 0 0 0 0
10873, 9 0 0 0 0
10874, 0 0 0 0 0
10880, 9 9 0 0 0
10881, 9 9 9 8 8
10884, 10 10 7.000000e+00 0 0
10892, 7.000000e+00 7 7 7 4
10896, 10 10 6 0 0
10897, 10 10 10 10 10
10898, 10 10 10 6 6
10917, 10 10 10 0 0
10919, 10 10 0 0 0
10921, 9 7 0 0 0
10923, 0 0 0 0 0
10924, 0 0 0 0 0
10925, 10 10 10 6 0
10926, 6 3 0 0 0
10928, 3 1 0 0 0
10931, 0 0 0 0 0
10932, 10 0 0 0 0
10941, 10 7 7 6 6
10958, 0 0 0 0 0
10962, 0 0 0 0 0
10965, 8 0 0 0 0
10966, 1.000000e+01 0 0 0 0
10967, 8 6 5 0 0
10970, 8 0 0 0 0
10972, 3 3 3 0 0
10974, 10 10 10 10 10
10975, 10 10 0 0 0
10976, 10 0 0 0 0
10977, 9 9 8 7 7.000000e+00
10978, 5 5 5 5 4
10979, 0 0 0 0 0
10980, 9 3 0 0 0
10982, 0 0 0 0 0
10983, 10 10 8 7 5.000000e+00
10986, 0 0 0 0 0
10987, 9 9 9 7.000000e+00 7
10989, 9 9 9 9 9
10994, 9 9 9 9 9
10999, 4 1 0 0 0
11002, 0 0 0 0 0
11005, 10 0 0 0 0
11012, 7 0 0 0 0
11016, 6 6 6 6 6
11027, 6 6 6 3.000000e+00 0
11031, 0 0 0 0 0
11033, 0 0 0 0 0
11034, 10 10 10 10 0
11037, 1.000000e+01 10 0 0 0
11042, 9 0 0 0 0
11045, 9 9 9 9 9
11047, 1.000000e+01 8 5 4 4
11062, 0 0 0 0 0
11064, 10 10 9 9 9
11066, 8 8 4 0 0
11067, 10 10 0 0 0
11068, 0 0 0 0 0
11072, 8 6.000000e+00 6.000000e+00 6.000000e+00 0
11077, 9 9 9 8 8
11078, 0 0 0 0 0
11081, 1.000000e+01 10 10 10 2
11083, 0 0 0 0 0
11090, 10 0 0 0 0
11094, 0 0 0 0 0
11103, 0 0 0 0 0
11105, 9 9.000000e+00 1 0 0
11111, 6 6.000000e+00 4 4 0
11113, 0 0 0 0 0
11114, 10 10 0 0 0
11120, 6.000000e+00 6.000000e+00 0 0 0
11124, 0 0 0 0 0
11126, 10 4 3.000000e+00 0 0
11127, 0 0 0 0 0
11129, 7 7 7 1 0
11130, 0 0 0 0 0
11132, 0 0 0 0 0
11133, 7 0 0 0 0
11134, 8 8 8 8 6.055442e+00
11135, 7 0 0 0 0
11137, 9 7.000000e+00 0 0 0
11138, 9 9 9 9 9
11142, 0 0 0 0 0
11152, 7 0 0 0 0
11160, 6 6 0 0 0
11161, 1 0 0 0 0
11166, 9 9 0 0 0
11172, 0 0 0 0 0
11174, 0 0 0 0 0
11178, 0 0 0 0 0
11179, 0 0 0 0 0
11183, 9 0 0 0 0
11185, 7 0 0 0 0
11186, 8 0 0 0 0
11187, 10 10 10 0 0
11197, 0 0 0 0 0
11199, 10 10 10 7 7
11202, 4 0 0 0 0
11203, 0 0 0 0 0
11213, 0 0 0 0 0
11214, 7.000000e+00 7 7 7 7
11215, 10 10 0 0 0
11228, 0 0 0 0 0
11229, 0 0 0 0 0
11235, 8 8 6 6 0
11236, 0 0 0 0 0
11240, 8 8 8 6 5
11243, 8 7.000000e+00 7.000000e+00 7 7
11244, 3 3 0 0 0
11255, 9 9 9 8 0
11264, 10 7 7 7 0
11265, 0 0 0 0 0
11273, 10 10 7 0 0
11288, 0 0 0 0 0
11294, 8 8 7 7 0
11299, 1 1 1 0 0
11303, 10 0 0 0 0
11308, 7 7 7 0 0
11313, 0 0 0 0 0
11321, 0 0 0 0 0
11326, 7.000000e+00 7 7 7 7
11329, 9 0 0 0 0
11330, 3 3 0 0 0
11332, 0 0 0 0 0
11333, 7.000000e+00 0 0 0 0
11340, 1.000000e+01 1.000000e+01 10 10 10
11344, 10 10 10 10 8
11347, 0 0 0 0 0
11350, 0 0 0 0 0
11352, 8 6 6 6 4
11353, 6 6 6 6 6
11355, 5 5 0 0 0
11359, 9 9 9 9 9
11365, 7 3.000000e+00 0 0 0
11369, 0 0 0 0 0
11373, 0 0 0 0 0
11374, 10 5 0 0 0
11379, 8 7.000000e+00 6 6 0
11381, 7 7 7 7 7
11383, 0 0 0 0 0
11385, 9 0 0 0 0
11398, 0 0 0 0 0
11400, 6.000000e+00 0 0 0 0
11404, 0 0 0 0 0
11408, 6 6 0 0 0
11425, 0 0 0 0 0
11430, 8 8 0 0 0
11431, 10 1 1 0 0
11434, 10 7 6 3.000000e+00 0
11435, 10 0 0 0 0
11436, 8 8 8 8 8
11441, 1 0 0 0 0
11448, 3 3 3 0 0
11449, 9 9 0 0 0
11452, 10 10 8 8 8
11453, 8 8 7 7 7
11458, 10 10 10 10 10
11466, 0 0 0 0 0
11468, 3 0 0 0 0
11482, 0 0 0 0 0
11494, 10 10 10 10 10
11496, 0 0 0 0 0
11499, 10 4 0 0 0
11503, 6 0 0 0 0
11504, 8 7 0 0 0
11505, 8 4 4 3.000000e+00 2
11507, 6 6 0 0 0
11508, 8 8 8 0 0
11510, 7 7 6 6 6.000000e+00
11511, 8 8 7.000000e+00 7.000000e+00 4
11517, 10 10 0 0 0
11522, 10 7 0 0 0
11525, 0 0 0 0 0
11526, 7.000000e+00 7 7 7 1
11527, 1.000000e+01 1.000000e+01 10 10 10
11528, 9 9 8 8 8
11537, 9 9 7.000000e+00 7.000000e+00 7.000000e+00
11538, 10 10 10 10 0
11539, 0 0 0 0 0
11541, 8 8 6.000000e+00 6.000000e+00 0
11543, 10 0 0 0 0
11544, 0 0 0 0 0
11549, 10 10 10 10 7
11552, 6 0 0 0 0
11553, 9 9 5.000000e+00 5 5
11560, 7.000000e+00 7 7 0 0
11569, 2 2 2 0 0
11578, 8 7 0 0 0
11579, 0 0 0 0 0
11587, 0 0 0 0 0
11588, 10 10 1 1 0
11591, 5 5 5 0 0
11594, 9 9 8 8 7
11597, 0 0 0 0 0
11598, 0 0 0 0 0
11600, 8 7 7 0 0
11602, 10 10 10 9 9
11609, 10 3 3 2 2
11619, 0 0 0 0 0
11622, 1 1 0 0 0
11623, 10 10 10 10 10
11625, 10 10 0 0 0
11631, 10 0 0 0 0
11632, 8 0 0 0 0
11635, 0 0 0 0 0
11636, 0 0 0 0 0
11638, 9 9 9 0 0
11641, 10 10 10 10 10
11642, 0 0 0 0 0
11655, 10 10 10 10 10
11656, 8 0 0 0 0
11657, 5 1 0 0 0
11658, 10 10 9 0 0
11659, 1.000000e+01 10 10 10 10
11665, 8 8 0 0 0
11669, 9 9 9 9 9
11670, 8 8 8 0 0
11676, 0 0 0 0 0
11678, 0 0 0 0 0
11679, 1 1 0 0 0
11689, 1.000000e+01 1.000000e+01 10 8 8
11697, 0 0 0 0 0
11700, 0 0 0 0 0
11701, 10 0 0 0 0
11707, 6.000000e+00 0 0 0 0
11708, 7 6 3 1 0
11711, 7 0 0 0 0
11713, 9 6 5.000000e+00 0 0
11728, 0 0 0 0 0
11729, 5 1 0 0 0
11731, 8 8 8 8 0
11735, 9 7 6 6 6
11736, 6 6 3 0 0
11737, 9 9 9 9 9
11739, 9 9 9 0 0
11740, 0 0 0 0 0
11750, 10 7 7 7 7
11751, 10 10 0 0 0
11755, 10 10 10 10 0
11757, 0 0 0 0 0
11759, 8 8 0 0 0
11760, 7 7 7 0 0
11763, 6 6 0 0 0
11770, 7 6.000000e+00 0 0 0
11782, 10 1 0 0 0
11783, 8 7 2 2 1
11791, 7 7 6 6.000000e+00 5
11793, 0 0 0 0 0
11803, 0 0 0 0 0
11805, 0 0 0 0 0
11812, 10 0 0 0 0
11820, 10 10 10 1.000000e+01 5
11828, 0 0 0 0 0
11836, 10 10 9 8 7.000000e+00
11847, 8 8 5 0 0
11849, 9 9 9 0 0
11850, 0 0 0 0 0
11854, 8 8 8 8 0
11858, 0 0 0 0 0
11859, 8 0 0 0 0
11863, 7 7 0 0 0
11867, 9 9 9 9 9
11869, 9 9 8 8 8
11873, 0 0 0 0 0
11878, 0 0 0 0 0
11881, 10 10 10 10 0
11884, 9 9 9 7 0
11888, 0 0 0 0 0
11890, 10 10 10 10 9
11894, 8 3 0 0 0
11897, 0 0 0 0 0
11900, 9 0 0 0 0
11901, 6 5 5 5 4
11902, 0 0 0 0 0
11905, 10 0 0 0 0
11907, 10 8 0 0 0
11908, 0 0 0 0 0
11911, 0 0 0 0 0
11914, 6.000000e+00 0 0 0 0
11918, 1.000000e+01 10 10 9 9
11920, 10 9 9 9 8
11922, 0 0 0 0 0
11924, 7.000000e+00 6 5 5 4
11929, 0 0 0 0 0
11932, 1 1 0 0 0
11936, 8 0 0 0 0
11948, 0 0 0 0 0
11957, 10 8 8 7 0
11959, 7 7 0 0 0
11961, 9 9 9 9 8
11965, 9 9 0 0 0
11966, 0 0 0 0 0
11967, 10 5 5 3 0
11972, 0 0 0 0 0
11976, 8 0 0 0 0
11980, 5.000000e+00 5 0 0 0
11983, 0 0 0 0 0
11986, 9 8 8 5 0
11990, 6.000000e+00 6.000000e+00 6.000000e+00 0 0
11991, 0 0 0 0 0
11994, 0 0 0 0 0
12004, 8 6 6 0 0
12005, 0 0 0 0 0
12006, 4 4 0 0 0
12008, 7.000000e+00 7 0 0 0
12012, 0 0 0 0 0
12013, 10 8 8 8 4
12018, 0 0 0 0 0
12024, 9 8 6 6 4
12029, 0 0 0 0 0
12031, 1.000000e+01 0 0 0 0
12035, 10 10 8 0 0
12036, 10 10 10 10 0
12038, 9 9 7 3.000000e+00 0
12041, 10 10 9 0 0
12050, 1 1 1 0 0
12051, 0 0 0 0 0
12057, 10 10 10 10 10
12058, 7.000000e+00 7.000000e+00 7 7 7
12061, 0 0 0 0 0
12063, 10 9 9 5 5
12065, 5 0 0 0 0
12068, 8 8 0 0 0
12069, 1 0 0 0 0
12070, 10 0 0 0 0
12072, 10 10 7.000000e+00 7.000000e+00 7
12081, 4 0 0 0 0
12091, 9 8 8 8 7.000000e+00
12102, 6 6 0 0 0
12106, 0 0 0 0 0
12107, 0 0 0 0 0
12110, 0 0 0 0 0
12113, 10 8 8 8 8
12117, 7 0 0 0 0
12119, 1.000000e+01 1.000000e+01 10 10 1.000000e+01
12123, 0 0 0 0 0
12125, 0 0 0 0 0
12128, 9 7 7 7 7
12129, 7 5 5 5 4
12130, 0 0 0 0 0
12132, 8 7 0 0 0
12139, 8 8 7 7.000000e+00 0
12142, 0 0 0 0 0
12143, 0 0 0 0 0
12146, 10 9 9 9 9
12157, 0 0 0 0 0
12158, 0 0 0 0 0
12161, 0 0 0 0 0
12164, 0 0 0 0 0
12166, 3 3 1 1 1
12174, 0 0 0 0 0
12179, 5 5 5 5 0
12180, 10 1 1 0 0
12183, 8 8 0 0 0
12184, 0 0 0 0 0
12188, 0 0 0 0 0
12189, 6 6 6 6 1
12191, 0 0 0 0 0
12192, 5 0 0 0 0
12200, 1 0 0 0 0
12210, 9 9 0 0 0
12212, 9 9 9 9 1
12219, 0 0 0 0 0
12227, 10 9 9 0 0
12229, 1 0 0 0 0
12230, 0 0 0 0 0
12239, 0 0 0 0 0
12250, 5 4 4 4 4
12256, 9 9 9 9 0
12258, 0 0 0 0 0
12264, 9 9 9 9 9
12265, 9 0 0 0 0
12270, 8 8 8 0 0
12273, 9 9 9 9 7
12276, 0 0 0 0 0
12278, 9 0 0 0 0
12281, 5 0 0 0 0
12284, 10 10 10 0 0
12289, 9 9 9 8 8
12293, 9 9 7 6 6
12295, 8 0 0 0 0
12296, 0 0 0 0 0
12298, 0 0 0 0 0
12307, 9 5 4 0 0
12311, 6.000000e+00 0 0 0 0
12312, 10 0 0 0 0
12317, 9 9 8 8 8
12321, 0 0 0 0 0
12327, 9 8 8 5 5
12333, 1 1 0 0 0
12335, 10 10 10 0 0
12337, 10 10 10 0 0
12340, 8 8 0 0 0
12344, 0 0 0 0 0
12346, 0 0 0 0 0
12348, 10 1 0 0 0
12349, 9 9 9 0 0
12350, 0 0 0 0 0
12353, 10 0 0 0 0
12357, 10 10 10 4 0
12358, 0 0 0 0 0
12359, 1 1 0 0 0
12362, 7 0 0 0 0
12365, 0 0 0 0 0
12369, 1.000000e+01 10 10 10 10
12374, 7 7 7 7.000000e+00 3
12379, 8 0 0 0 0
12384, 10 0 0 0 0
12396, 1 0 0 0 0
12403, 6 1 0 0 0
12406, 10 10 9 9 8
12407, 9 8 7 6 6
12410, 10 0 0 0 0
12414, 10 10 4 4 2
12417, 9 0 0 0 0
12422, 10 10 10 0 0
12423, 1.000000e+01 10 10 10 10
12429, 10 10 10 0 0
12433, 8 8 8 7 6
12438, 10 0 0 0 0
12445, 9 8 8 6 0
12447, 7 7 7 6.000000e+00 0
12448, 0 0 0 0 0
12450, 8 8 7 7 7.000000e+00
12453, 9 9 8 0 0
12454, 0 0 0 0 0
12457, 7 6 6 0 0
12458, 10 8 6 6 2
12466, 7.000000e+00 7.000000e+00 7.000000e+00 7.000000e+00 7.000000e+00
12470, 1.000000e+01 10 0 0 0
12471, 0 0 0 0 0
12472, 4 4 0 0 0
12474, 0 0 0 0 0
12477, 10 10 10 0 0
12485, 0 0 0 0 0
12487, 5 5 5 0 0
12488, 10 9 5 1 0
12496, 10 10 10 10 10
12502, 10 10 0 0 0
12512, 8 0 0 0 0
12513, 8 8 8 8 8
12518, 9 9 3 0 0
12527, 10 10 0 0 0
12530, 10 7 4 3 3
12532, 0 0 0 0 0
12536, 0 0 0 0 0
12540, 10 6 0 0 0
12542, 1.000000e+01 0 0 0 0
12543, 8 8 0 0 0
12546, 7 6 6 6 6
12551, 0 0 0 0 0
12553, 10 10 10 0 0
12555, 9 0 0 0 0
12556, 10 10 10 10 10
12560, 9 9 9 9 1
12561, 0 0 0 0 0
12562, 8 7 7 7 6
12567, 9 9 8 8 0
12569, 10 9 9 0 0
12570, 0 0 0 0 0
12573, 0 0 0 0 0
12576, 8 6 0 0 0
12582, 10 10 6 6 5.500000e+00
12586, 0 0 0 0 0
12587, 7.000000e+00 7.000000e+00 7.000000e+00 7.000000e+00 7
12592, 10 10 0 0 0
12595, 1.000000e+01 10 5 4 0
12600, 0 0 0 0 0
12602, 7.000000e+00 7 7 6 6
12604, 9 0 0 0 0
12612, 7 7 7 7 0
12622, 9 9 9 7 7
12623, 10 10 8 7 7
12628, 10 10 10 0 0
12630, 0 0 0 0 0
12633, 0 0 0 0 0
12636, 0 0 0 0 0
12637, 0 0 0 0 0
12641, 9 7 7 0 0
12642, 1.000000e+01 1.000000e+01 10 9.545455e+00 9
12643, 10 10 9 9 9
12649, 8 7 6 6 6
12651, 8 0 0 0 0
12652, 0 0 0 0 0
12662, 10 10 10 10 10
12668, 10 9 6 0 0
12670, 0 0 0 0 0
12674, 0 0 0 0 0
12682, 10 10 9 8 8
12685, 10 0 0 0 0
12686, 1 0 0 0 0
12689, 1.000000e+01 1.000000e+01 3 3 0
12695, 10 9 9 9 9
12696, 0 0 0 0 0
12697, 1.000000e+01 10 0 0 0
12699, 0 0 0 0 0
12705, 9 9 9 0 0
12707, 9 9 9 9 7.000000e+00
12708, 8 7 7 6 6
12709, 1.000000e+01 10 10 0 0
12710, 0 0 0 0 0
12713, 7 7 0 0 0
12714, 7 1 0 0 0
12720, 0 0 0 0 0
12722, 1 0 0 0 0
12726, 9 9 8 0 0
12728, 0 0 0 0 0
12736, 0 0 0 0 0
12738, 9 9 0 0 0
12739, 0 0 0 0 0
12744, 0 0 0 0 0
12747, 0 0 0 0 0
12749, 6 6 6 6 6
12752, 10 10 10 10 10
12755, 7 7 0 0 0
12757, 10 10 10 10 10
12759, 7.000000e+00 7.000000e+00 7 7 7
12763, 8 8 8 0 0
12764, 8 8 8 7 0
12767, 8 8 2 0 0
12769, 9 9 9 9 9
12770, 10 10 10 10 10
12773, 0 0 0 0 0
12775, 0 0 0 0 0
12778, 0 0 0 0 0
12779, 10 10 10 10 10
12781, 0 0 0 0 0
12795, 6 6 0 0 0
12796, 10 0 0 0 0
12797, 9 9 9 0 0
12798, 9 9 9 0 0
12799, 10 10 10 8 6
12800, 0 0 0 0 0
12801, 9 9 9 9 0
12814, 0 0 0 0 0
12818, 10 10 0 0 0
12819, 10 10 0 0 0
12820, 3 3 0 0 0
12826, 1.000000e+01 1.000000e+01 1 1 0
12827, 7.000000e+00 0 0 0 0
12829, 10 10 10 10 0
12830, 0 0 0 0 0
12832, 0 0 0 0 0
12836, 10 9 7.000000e+00 7.000000e+00 7
12837, 7.000000e+00 0 0 0 0
12839, 9 9 9 8 6
12847, 0 0 0 0 0
12849, 0 0 0 0 0
12850, 0 0 0 0 0
12852, 0 0 0 0 0
12855, 10 10 10 0 0
12858, 10 0 0 0 0
12859, 8 5 5 5 0
12861, 8 4 4 4 0
12862, 9 9 9 8 8
12863, 7 0 0 0 0
12872, 0 0 0 0 0
12882, 0 0 0 0 0
12883, 8 8 6 6 0
12886, 10 0 0 0 0
12887, 10 10 9 9 0
12888, 9 8 8 8 7
12892, 10 0 0 0 0
12895, 10 10 10 10 8
12898, 9 9 0 0 0
12900, 0 0 0 0 0
12901, 10 0 0 0 0
12908, 10 9 9 9 9
12916, 0 0 0 0 0
12917, 1.000000e+01 10 10 10 10
12928, 9 9 0 0 0
12929, 2 0 0 0 0
12932, 10 10 10 10 10
12934, 10 8 8 0 0
12936, 0 0 0 0 0
12942, 7 5 0 0 0
12948, 9 0 0 0 0
12949, 9 9 0 0 0
12950, 0 0 0 0 0
12956, 0 0 0 0 0
12958, 8 7.000000e+00 7.000000e+00 7.000000e+00 7.000000e+00
12966, 0 0 0 0 0
12968, 9 9 7.000000e+00 7 7
12974, 0 0 0 0 0
12975, 1 0 0 0 0
12978, 1.000000e+01 0 0 0 0
12980, 0 0 0 0 0
12981, 9 9 0 0 0
12985, 9 8 0 0 0
12986, 5 0 0 0 0
12992, 6 5 0 0 0
12996, 1 0 0 0 0
12999, 10 9 8 8 7
13001, 1 1 1 0 0
13003, 9 9 8 8 8
13004, 8 8 6 0 0
13005, 8 8 8 8 8
13009, 8 7.000000e+00 0 0 0
13010, 8 8 7.000000e+00 7.000000e+00 7
13012, 5 0 0 0 0
13018, 7.000000e+00 7 7 6.000000e+00 6.000000e+00
13019, 0 0 0 0 0
13020, 10 10 0 0 0
13023, 0 0 0 0 0
13025, 10 10 7 7 7
13030, 9 9 9 9 9
13031, 10 10 10 0 0
13037, 8 8 8 8 0
13039, 9 9 0 0 0
13040, 6.000000e+00 6.000000e+00 5.000000e+00 5 2
13043, 8 8 8 8 8
13044, 9 9 9 8 7
13048, 0 0 0 0 0
13049, 0 0 0 0 0
13065, 0 0 0 0 0
13068, 1 0 0 0 0
13073, 0 0 0 0 0
13075, 9 6 0 0 0
13076, 7 7 7 0 0
13090, 9 8 8 5 5
13097, 8 0 0 0 0
13104, 0 0 0 0 0
13105, 8 8 8 4 0
13110, 0 0 0 0 0
13113, 10 10 10 0 0
13114, 10 0 0 0 0
13124, 0 0 0 0 0
13125, 10 8 8 8 8
13129, 1 1 0 0 0
13131, 0 0 0 0 0
13138, 9 0 0 0 0
13144, 8 8 8 8 0
13145, 10 10 10 3 1
13157, 10 10 10 10 10
13161, 10 10 10 10 10
13162, 7 6 0 0 0
13163, 8 7 6 5 4
13173, 0 0 0 0 0
13176, 7.000000e+00 7 2 0 0
13177, 0 0 0 0 0
13182, 10 10 8 8 8
13184, 10 10 10 10 10
13187, 10 10 6.000000e+00 4 4
13190, 0 0 0 0 0
13194, 0 0 0 0 0
13195, 10 10 10 10 10
13201, 0 0 0 0 0
13204, 7 7 7 0 0
13205, 8 8 0 0 0
13208, 0 0 0 0 0
13211, 5 5 0 0 0
13212, 10 8.541960e+00 8 7 6
13214, 10 9 0 0 0
13215, 10 10 0 0 0
13216, 10 9 4 4 0
13217, 10 10 10 10 0
13226, 8 8 8 8 8
13228, 10 10 10 10 10
13230, 10 10 7.000000e+00 7 7
13236, 3 3 3 3 3
13249, 5 0 0 0 0
13252, 0 0 0 0 0
13258, 8 0 0 0 0
13261, 10 0 0 0 0
13264, 2 0 0 0 0
13268, 9 9 9 9 8
13273, 0 0 0 0 0
13274, 8 8 8 8 0
13277, 3 0 0 0 0
13278, 9 7 7 7 0
13280, 0 0 0 0 0
13281, 0 0 0 0 0
13283, 0 0 0 0 0
13284, 9 9 8 8 8
13285, 0 0 0 0 0
13286, 9 9 9 9 7.000000e+00
13287, 0 0 0 0 0
13289, 0 0 0 0 0
13290, 7.000000e+00 7.000000e+00 7 7 7
13294, 10 0 0 0 0
13295, 10 10 10 10 10
13303, 0 0 0 0 0
13304, 0 0 0 0 0
13308, 0 0 0 0 0
13310, 0 0 0 0 0
13316, 10 10 10 0 0
13317, 10 9 9 0 0
13319, 6 0 0 0 0
13322, 10 3 0 0 0
13326, 1.000000e+01 10 0 0 0
13328, 9 9 8 8 8
13332, 0 0 0 0 0
13336, 0 0 0 0 0
13338, 8 8 8 7.000000e+00 7
13347, 5 5 5 0 0
13352, 7.000000e+00 7.000000e+00 7.000000e+00 7 7
13355, 0 0 0 0 0
13357, 7 6 0 0 0
13364, 0 0 0 0 0
13368, 10 10 10 7.000000e+00 1
13371, 10 0 0 0 0
13373, 0 0 0 0 0
13374, 0 0 0 0 0
13376, 10 9 8 8 8
13377, 4 4 0 0 0
13388, 0 0 0 0 0
13391, 7 6 6 6 5
13402, 10 10 10 10 10
13404, 10 10 10 10 8
13406, 9 8 8 0 0
13409, 8 0 0 0 0
13410, 0 0 0 0 0
13420, 10 10 10 10 10
13425, 5 1 1 1 0
13426, 10 10 10 0 0
13432, 10 10 8 0 0
13438, 0 0 0 0 0
13439, 10 10 10 5 0
13440, 10 10 1 0 0
13449, 6 0 0 0 0
13451, 0 0 0 0 0
13452, 0 0 0 0 0
13456, 10 0 0 0 0
13457, 6 0 0 0 0
13458, 10 10 10 10 10
13459, 0 0 0 0 0
13460, 7 7.000000e+00 2 0 0
13463, 0 0 0 0 0
13464, 1 0 0 0 0
13466, 5 4 4 4 0
13467, 10 10 10 10 10
13468, 9 0 0 0 0
13471, 8 0 0 0 0
13473, 0 0 0 0 0
13488, 10 10 10 10 10
13489, 10 0 0 0 0
13490, 10 9 9 9 9
13493, 10 10 10 9 8
13495, 10 9 9 9 9
13505, 2 0 0 0 0
13512, 9 8 8 8 7.000000e+00
13513, 1.000000e+01 10 10 10 10
13514, 1 0 0 0 0
13515, 10 4 4 0 0
13517, 0 0 0 0 0
13519, 0 0 0 0 0
13520, 0 0 0 0 0
13529, 7 0 0 0 0
13542, 0 0 0 0 0
13545, 6 6 6 6 6
13549, 7 7 7.000000e+00 7.000000e+00 2
13555, 6 0 0 0 0
13557, 10 0 0 0 0
13559, 6 6 6 6 1
13567, 10 10 0 0 0
13569, 0 0 0 0 0
13573, 9 9 8 8 8
13574, 3 2 2 0 0
13576, 7.000000e+00 7 7 7 7
13580, 6 6 1 1 0
13590, 6 0 0 0 0
13591, 0 0 0 0 0
13592, 6 6 6 0 0
13595, 5 0 0 0 0
13598, 10 10 9.500000e+00 9 9
13603, 1 0 0 0 0
13607, 10 10 10 10 10
13615, 0 0 0 0 0
13624, 10 9 6 0 0
13625, 0 0 0 0 0
13635, 0 0 0 0 0
13641, 3 2 0 0 0
13644, 0 0 0 0 0
13649, 10 9 8 0 0
13650, 0 0 0 0 0
13651, 7 0 0 0 0
13652, 3.000000e+00 2 2 0 0
13655, 0 0 0 0 0
13657, 8 0 0 0 0
13662, 8 8 7.000000e+00 5 5
13665, 10 10 10 7 7
13668, 7.000000e+00 0 0 0 0
13670, 7 7 6 6 5
13674, 0 0 0 0 0
13676, 10 10 10 10 10
13679, 0 0 0 0 0
13681, 10 0 0 0 0
13692, 0 0 0 0 0
13710, 0 0 0 0 0
13723, 1 1 0 0 0
13736, 6.000000e+00 6.000000e+00 0 0 0
13740, 6 0 0 0 0
13741, 8 8 0 0 0
13744, 6.000000e+00 3.000000e+00 2 2 0
13752, 0 0 0 0 0
13754, 0 0 0 0 0
13764, 10 0 0 0 0
13765, 6.000000e+00 6 6 0 0
13778, 10 10 10 10 10
13779, 0 0 0 0 0
13781, 8 5 5 5 5
13783, 0 0 0 0 0
13786, 1 1 0 0 0
13788, 0 0 0 0 0
13794, 8 7 7 6 6
13796, 10 10 0 0 0
13800, 0 0 0 0 0
13801, 0 0 0 0 0
13814, 10 9 9 7 2
13817, 10 9 9 9 9
13820, 0 0 0 0 0
13821, 5 5 5 5 5
13824, 8 8 8 8 8
13834, 0 0 0 0 0
13835, 2 0 0 0 0
13836, 9 9 9 0 0
13838, 0 0 0 0 0
13839, 0 0 0 0 0
13855, 0 0 0 0 0
13858, 7 7 0 0 0
13863, 0 0 0 0 0
13869, 7 7 0 0 0
13873, 0 0 0 0 0
13876, 9 9 9 9 6
13883, 1.000000e+01 0 0 0 0
13886, 8 8 8 4 0
13890, 4 4 2 2 2
13892, 9 9 9 0 0
13895, 7 0 0 0 0
13899, 8 8 0 0 0
13908, 0 0 0 0 0
13918, 0 0 0 0 0
13919, 0 0 0 0 0
13920, 0 0 0 0 0
13921, 0 0 0 0 0
13922, 8 6 6.000000e+00 0 0
13924, 10 10 0 0 0
13925, 0 0 0 0 0
13928, 10 10 10 10 10
13935, 8 8 8 8 7
13936, 0 0 0 0 0
13940, 10 10 10 0 0
13942, 10 10 10 1.000000e+01 9
13951, 9 0 0 0 0
13956, 8 6.000000e+00 0 0 0
13957, 0 0 0 0 0
13961, 9 0 0 0 0
13963, 0 0 0 0 0
13964, 0 0 0 0 0
13969, 10 0 0 0 0
13970, 10 10 10 10 10
13972, 7 4 0 0 0
13975, 0 0 0 0 0
13979, 1 1 1 0 0
13982, 0 0 0 0 0
13983, 10 0 0 0 0
13984, 5 0 0 0 0
13987, 0 0 0 0 0
13988, 8 0 0 0 0
13994, 0 0 0 0 0
14002, 8 8 0 0 0
14006, 10 10 10 10 10
14009, 10 10 10 10 10
14010, 9 9 9 0 0
14013, 9 0 0 0 0
14014, 10 10 10 10 10
14016, 0 0 0 0 0
14017, 0 0 0 0 0
14018, 0 0 0 0 0
14031, 0 0 0 0 0
14037, 9 8 8 8 8
14043, 10 10 10 7 0
14048, 10 0 0 0 0
14054, 0 0 0 0 0
14055, 6 5.000000e+00 4 0 0
14059, 10 10 10 10 10
14061, 8 0 0 0 0
14064, 8 7 7 6 6
14067, 10 10 10 10 10
14071, 6.000000e+00 0 0 0 0
14078, 7.000000e+00 6 6 4 0
14080, 0 0 0 0 0
14088, 0 0 0 0 0
14096, 0 0 0 0 0
14105, 10 10 10 10 10
14108, 0 0 0 0 0
14115, 9 9 9 9 9
14116, 10 1 0 0 0
14123, 1 1 0 0 0
14129, 8 0 0 0 0
14132, 9 8 6.000000e+00 0 0
14141, 0 0 0 0 0
14142, 9 9 8 1 1
14143, 9 8 7.000000e+00 7.000000e+00 7
14147, 10 10 0 0 0
14151, 8 8 7.000000e+00 0 0
14154, 8 8 7.000000e+00 7 6
14164, 1 1 0 0 0
14168, 10 10 9 8 8
14169, 8 7 7 0 0
14171, 10 10 6.000000e+00 6 0
14172, 10 10 7 7 6
14180, 0 0 0 0 0
14182, 10 9 6 6 1
14183, 8 8 8 8 1
14186, 9 0 0 0 0
14193, 0 0 0 0 0
14194, 8 8 8 8 8
14195, 9 0 0 0 0
14196, 10 9 9 9 8
14199, 0 0 0 0 0
14204, 9 9 9 9 7
14208, 1.000000e+01 1.000000e+01 10 10 10
14209, 1.000000e+01 7 6.000000e+00 0 0
14212, 10 7 5 0 0
14214, 10 10 7.000000e+00 0 0
14219, 10 10 10 10 0
14223, 2 2 2 2 0
14227, 10 8 8 8 8
14231, 10 9 9 8 8
14234, 10 8 8 0 0
14243, 10 10 9 9 8
14244, 0 0 0 0 0
14245, 6 0 0 0 0
14252, 1 0 0 0 0
14253, 1.000000e+01 0 0 0 0
14259, 0 0 0 0 0
14267, 7 0 0 0 0
14270, 6 0 0 0 0
14275, 6 6 6 0 0
14277, 0 0 0 0 0
14280, 0 0 0 0 0
14283, 5 0 0 0 0
14285, 9 0 0 0 0
14289, 10 10 7 0 0
14293, 2 2 0 0 0
14294, 1 1 0 0 0
14297, 0 0 0 0 0
14299, 10 10 10 0 0
14307, 1.000000e+01 10 10 10 10
14309, 0 0 0 0 0
14312, 8 8 7 0 0
14317, 0 0 0 0 0
14321, 0 0 0 0 0
14322, 0 0 0 0 0
14327, 9 2 2 0 0
14331, 0 0 0 0 0
14336, 7 4 0 0 0
14337, 10 10 10 10 10
14345, 0 0 0 0 0
14348, 3 0 0 0 0
14353, 7 0 0 0 0
14356, 1.000000e+01 10 8 8 0
14361, 10 10 10 10 10
14364, 0 0 0 0 0
14370, 0 0 0 0 0
14372, 5 5 5 5 4
14376, 2 2 0 0 0
14377, 8 0 0 0 0
14379, 10 10 10 10 10
14381, 7 7 7 6 0
14386, 10 0 0 0 0
14391, 0 0 0 0 0
14393, 6.000000e+00 0 0 0 0
14394, 1 1 0 0 0
14400, 0 0 0 0 0
14410, 8 7 0 0 0
14412, 7 7 0 0 0
14424, 7 0 0 0 0
14441, 9 8 8 8 7.000000e+00
14442, 9 9 9 9 9
14443, 10 10 9 8 7.000000e+00
14448, 10 5 0 0 0
14453, 0 0 0 0 0
14455, 2 0 0 0 0
14462, 0 0 0 0 0
14463, 0 0 0 0 0
14465, 0 0 0 0 0
14471, 8 4 4 3 0
14472, 1.000000e+01 10 10 10 10
14475, 7.000000e+00 6 5.000000e+00 5 5
14476, 5 0 0 0 0
14478, 2 0 0 0 0
14479, 6 6 6 6 1
14480, 0 0 0 0 0
14486, 10 10 0 0 0
14493, 6 6 6 6 0
14495, 10 10 10 10 10
14500, 0 0 0 0 0
14502, 2 0 0 0 0
14504, 10 0 0 0 0
14513, 7 7 5 0 0
14518, 10 10 10 0 0
14524, 0 0 0 0 0
14526, 10 10 10 10 0
14530, 9 0 0 0 0
14533, 9 7.000000e+00 7 7 7
14534, 0 0 0 0 0
14535, 4 0 0 0 0
14536, 0 0 0 0 0
14537, 7.000000e+00 7 0 0 0
14541, 10 10 10 10 10
14549, 10 10 10 10 10
14556, 9 0 0 0 0
14558, 10 9 9 0 0
14561, 0 0 0 0 0
14564, 9 9 0 0 0
14570, 0 0 0 0 0
14577, 0 0 0 0 0
14579, 0 0 0 0 0
14582, 1 0 0 0 0
14583, 0 0 0 0 0
14585, 7 7 7 5 5
14587, 10 10 10 10 9
14591, 1.000000e+01 10 10 10 0
14592, 1 0 0 0 0
14596, 0 0 0 0 0
14599, 0 0 0 0 0
14601, 9 9 8 6 6
14602, 7.000000e+00 7 0 0 0
14605, 0 0 0 0 0
14607, 10 10 0 0 0
14608, 7.000000e+00 7 7 6 6
14609, 10 10 0 0 0
14612, 10 10 10 10 10
14613, 0 0 0 0 0
14617, 0 0 0 0 0
14619, 0 0 0 0 0
14621, 10 7 7 7 0
14622, 0 0 0 0 0
14624, 5 0 0 0 0
14627, 0 0 0 0 0
14634, 10 0 0 0 0
14638, 4 1 0 0 0
14642, 0 0 0 0 0
14643, 0 0 0 0 0
14648, 1 0 0 0 0
14654, 10 7 0 0 0
14657, 10 10 10 10 10
14661, 9 9 9 9 9
14663, 10 10 10 0 0
14664, 0 0 0 0 0
14668, 7 7 0 0 0
14677, 0 0 0 0 0
14680, 8 7 0 0 0
14681, 10 10 10 10 10
14682, 10 10 0 0 0
14687, 7.000000e+00 0 0 0 0
14692, 0 0 0 0 0
14700, 7.000000e+00 7 5 5 5
14703, 5 1 1 0 0
14708, 10 0 0 0 0
14709, 4 0 0 0 0
14715, 0 0 0 0 0
14716, 0 0 0 0 0
14718, 0 0 0 0 0
14720, 6 1 0 0 0
14723, 10 8 8 8 8
14726, 8 7.000000e+00 7 7 0
14727, 8 8 8 7.500000e+00 0
14728, 0 0 0 0 0
14730, 9 9 9 8 7
14733, 5 0 0 0 0
14737, 10 10 10 10 10
14738, 10 10 10 0 0
14740, 0 0 0 0 0
14749, 7.000000e+00 0 0 0 0
14750, 7.000000e+00 0 0 0 0
14751, 0 0 0 0 0
14752, 9 0 0 0 0
14756, 9 7 0 0 0
14757, 0 0 0 0 0
14760, 0 0 0 0 0
14766, 6.000000e+00 0 0 0 0
14769, 8 1 0 0 0
14773, 10 10 10 10 10
14775, 0 0 0 0 0
14780, 1 0 0 0 0
14781, 8 8 3 0 0
14785, 10 0 0 0 0
14787, 2 0 0 0 0
14788, 0 0 0 0 0
14789, 7.000000e+00 7.000000e+00 7.000000e+00 7 7.000000e+00
14792, 10 10 8 0 0
14794, 1.000000e+01 10 9 9 9
14798, 10 9 9 8 8
14801, 9 7.000000e+00 7.000000e+00 0 0
14803, 7.000000e+00 7.000000e+00 7 0 0
14809, 0 0 0 0 0
14813, 7 0 0 0 0
14815, 9 9 0 0 0
14821, 0 0 0 0 0
14833, 9 9 9 9 0
14835, 0 0 0 0 0
14843, 8 8 8 0 0
14846, 10 10 10 10 10
14851, 9 9 8 8 8
14852, 10 0 0 0 0
14854, 8 7 0 0 0
14856, 0 0 0 0 0
14859, 9 9 9 9 8
14863, 10 10 9 5 0
14864, 7 0 0 0 0
14866, 0 0 0 0 0
14869, 9 0 0 0 0
14870, 8 8 7 7 0
14873, 8 0 0 0 0
14874, 8 8 0 0 0
14876, 8 6 3 3 1
14879, 9 0 0 0 0
14883, 0 0 0 0 0
14884, 10 7 7 5 0
14890, 0 0 0 0 0
14891, 10 10 10 10 10
14893, 5 0 0 0 0
14899, 7 7 5 0 0
14908, 0 0 0 0 0
14910, 7 0 0 0 0
14911, 0 0 0 0 0
14915, 0 0 0 0 0
14917, 6 0 0 0 0
14923, 0 0 0 0 0
14926, 7 0 0 0 0
14928, 10 10 10 7.000000e+00 7
14930, 8 3 3 3 3
14937, 0 0 0 0 0
14939, 0 0 0 0 0
14943, 7 7.000000e+00 0 0 0
14947, 10 8 8 8 7.000000e+00
14949, 6 2 2 0 0
14950, 0 0 0 0 0
14951, 1 0 0 0 0
14952, 7 0 0 0 0
14953, 10 0 0 0 0
14955, 8 8 8 8 8
14960, 0 0 0 0 0
14970, 5 0 0 0 0
14973, 0 0 0 0 0
14978, 0 0 0 0 0
14980, 0 0 0 0 0
14985, 10 10 2 2 2
14987, 5 0 0 0 0
14988, 10 10 10 10 10
14991, 0 0 0 0 0
14993, 9 9 9 9 0
14998, 9 8 7 7 7
14999, 5 5 0 0 0
15003, 9 9 0 0 0
15008, 10 10 10 10 10
15011, 0 0 0 0 0
15012, 9 9 9 9 0
15015, 1 1 1 1 1
15017, 8 6 0 0 0
15021, 0 0 0 0 0
15026, 10 9 9 0 0
15027, 10 7 0 0 0
15028, 0 0 0 0 0
15030, 9 9 9 9 7
15031, 0 0 0 0 0
15034, 7 6 0 0 0
15035, 0 0 0 0 0
15036, 10 10 10 10 10
15040, 8 0 0 0 0
15048, 4 0 0 0 0
15053, 4 0 0 0 0
15057, 8 8 8 8 8
15059, 0 0 0 0 0
15064, 7 0 0 0 0
15076, 0 0 0 0 0
15082, 0 0 0 0 0
15089, 9 9 8 8 0
15090, 9 7 7 7 3
15091, 2 0 0 0 0
15096, 10 0 0 0 0
15100, 0 0 0 0 0
15103, 6.000000e+00 0 0 0 0
15108, 7 0 0 0 0
15109, 7.000000e+00 7 7 7 7
15111, 10 9 9 4 0
15112, 0 0 0 0 0
15113, 8 8 8 8 8
15114, 1.000000e+01 10 10 10 10
15115, 1.000000e+01 1.000000e+01 9 9 0
15116, 7 7 1 0 0
15118, 0 0 0 0 0
15125, 10 10 10 0 0
15126, 0 0 0 0 0
15127, 1.000000e+01 1.000000e+01 1.000000e+01 1.000000e+01 1.000000e+01
15130, 0 0 0 0 0
15139, 7.000000e+00 7.000000e+00 7 0 0
15149, 10 8 8 7 2
15155, 0 0 0 0 0
15158, 8 8 0 0 0
15161, 7 7.000000e+00 6 6.000000e+00 0
15162, 10 0 0 0 0
15164, 7.000000e+00 6.000000e+00 0 0 0
15168, 7 6 6 6 0
15176, 5 0 0 0 0
15180, 7 7 6 6.000000e+00 0
15183, 10 10 10 0 0
15184, 7.000000e+00 6 2 0 0
15187, 1.000000e+01 7 7 0 0
15193, 2 2 2 0 0
15194, 10 10 8 8 0
15195, 10 1 1 1 1
15198, 4 0 0 0 0
15215, 4 4 0 0 0
15217, 4 0 0 0 0
15218, 10 9 8 8 8
15219, 8 8 8 8 8
15221, 0 0 0 0 0
15224, 0 0 0 0 0
15226, 10 10 10 10 0
15228, 0 0 0 0 0
15230, 7 7 7 0 0
15243, 0 0 0 0 0
15246, 0 0 0 0 0
15248, 6 0 0 0 0
15250, 9 9 0 0 0
15251, 6.000000e+00 0 0 0 0
15269, 0 0 0 0 0
15270, 3.000000e+00 0 0 0 0
15273, 5 5 5 2 1
15275, 1 1 0 0 0
15276, 10 10 10 10 10
15278, 1.000000e+01 1.000000e+01 0 0 0
15289, 0 0 0 0 0
15297, 10 0 0 0 0
15299, 0 0 0 0 0
15303, 7 0 0 0 0
15309, 0 0 0 0 0
15313, 9 8 8 7 7
15316, 10 10 5 3 0
15320, 0 0 0 0 0
15328, 8 0 0 0 0
15329, 0 0 0 0 0
15330, 10 10 0 0 0
15331, 0 0 0 0 0
15332, 1 1 1 0 0
15334, 7 0 0 0 0
15337, 10 9 9 8 1
15338, 7 0 0 0 0
15350, 1 0 0 0 0
15352, 0 0 0 0 0
15360, 7.000000e+00 7.000000e+00 7 7 7
15364, 7 7 7.000000e+00 3.000000e+00 3
