userId, testItems
4, 1 2 3 4 5
5, 20897 1 2 3 4
8, 13951 25064 30534 3446 4242
9, 1 2 3 4 5
13, 1 2 3 4 5
18, 4534 33147 1 2 3
19, 1296 7178 18022 18396 19139
23, 1 2 3 4 5
26, 1 2 3 4 5
29, 1 2 3 4 5
31, 1 2 3 4 5
32, 23575 25052 25431 28953 36962
33, 1 2 3 4 5
35, 21837 24824 1 2 3
37, 2340 3308 14292 24921 25004
51, 1589 1919 6674 7861 8058
52, 1932 4353 12666 17035 21624
53, 1 2 3 4 5
54, 25697 13844 17024 18399 1
61, 19314 1 2 3 4
64, 1 2 3 4 5
69, 196 8792 12510 14972 17001
76, 5551 12267 1 2 3
78, 1 2 3 4 5
79, 5891 12141 25701 1 2
85, 1 2 3 4 5
89, 1 2 3 4 5
92, 1 2 3 4 5
93, 1514 12752 21094 30874 1
95, 987 12366 1 2 3
100, 1 2 3 4 5
104, 3723 8768 16248 17545 1
105, 1 2 3 4 5
109, 1 2 3 4 5
110, 22530 26686 29209 1 2
111, 8735 20217 20461 1 2
112, 1 2 3 4 5
122, 2340 3308 14292 24921 25004
126, 1 2 3 4 5
131, 7399 31154 34312 1 2
132, 1 2 3 4 5
136, 1 2 3 4 5
140, 1 2 3 4 5
144, 8057 8462 8468 8734 11213
145, 15816 21208 25924 33377 36242
146, 1 2 3 4 5
151, 1 2 3 4 5
152, 18771 33975 254 1235 1452
155, 1 2 3 4 5
156, 1 2 3 4 5
160, 1 2 3 4 5
162, 4526 7615 19288 20922 29510
164, 1296 7178 18022 18396 28035
165, 1 2 3 4 5
166, 15098 15185 17823 26278 26400
169, 1 2 3 4 5
173, 13226 1 2 3 4
179, 987 29648 1 2 3
184, 1 2 3 4 5
185, 657 4791 18650 29656 5349
186, 1 2 3 4 5
187, 32199 1213 4696 7917 32858
189, 1 2 3 4 5
190, 1 2 3 4 5
191, 32957 1 2 3 4
197, 13242 15771 16225 18218 22908
205, 1 2 3 4 5
208, 1 2 3 4 5
209, 7185 13569 14859 16892 21321
217, 1 2 3 4 5
218, 1 2 3 4 5
222, 1 2 3 4 5
223, 32010 1 2 3 4
234, 1 2 3 4 5
240, 1 2 3 4 5
246, 5136 9664 28785 34094 34575
247, 1 2 3 4 5
250, 410 2259 2478 11894 17931
257, 1 2 3 4 5
258, 1 2 3 4 5
268, 1 2 3 4 5
269, 1383 2004 24253 1 2
270, 1 2 3 4 5
274, 1 2 3 4 5
278, 789 14574 18941 33911 1
281, 1 2 3 4 5
288, 12972 1 2 3 4
294, 1 2 3 4 5
296, 1 2 3 4 5
299, 5086 16315 24457 26593 27447
301, 3511 10289 11633 13957 14377
308, 1 2 3 4 5
310, 1 2 3 4 5
312, 1 2 3 4 5
314, 1 2 3 4 5
318, 1 2 3 4 5
321, 1 2 3 4 5
326, 1 2 3 4 5
327, 10739 10870 20323 22773 12583
333, 1 2 3 4 5
336, 1 2 3 4 5
337, 1935 11310 20325 25704 1
339, 11634 4526 6791 7615 12306
344, 1 2 3 4 5
350, 29841 13303 19010 21136 21275
353, 1 2 3 4 5
355, 1 2 3 4 5
359, 5247 16227 789 908 3932
361, 1 2 3 4 5
364, 1 2 3 4 5
365, 5836 7430 20671 25769 26939
374, 823 30056 30850 7007 15772
375, 1 2 3 4 5
376, 1 2 3 4 5
378, 1 2 3 4 5
379, 1 2 3 4 5
380, 26152 1 2 3 4
383, 1 2 3 4 5
385, 1 2 3 4 5
388, 27991 1 2 3 4
390, 1 2 3 4 5
393, 3966 10711 19016 19657 27601
399, 1 2 3 4 5
401, 7806 26144 14756 31551 9
405, 1 2 3 4 5
412, 25178 1 2 3 4
413, 3516 5330 11598 13085 26495
415, 11356 1 2 3 4
418, 1 2 3 4 5
431, 17616 18696 22444 25102 29092
433, 1 2 3 4 5
441, 1 2 3 4 5
443, 1021 12041 21289 30613 4919
445, 18867 34880 1 2 3
449, 990 14375 17270 34237 10605
456, 1 2 3 4 5
458, 1 2 3 4 5
459, 1 2 3 4 5
463, 1330 10751 16997 28029 1
466, 1 2 3 4 5
477, 6130 4229 9623 17706 18555
478, 1 2 3 4 5
481, 1 2 3 4 5
487, 1 2 3 4 5
488, 1 2 3 4 5
491, 1 2 3 4 5
494, 1 2 3 4 5
503, 1 2 3 4 5
504, 1 2 3 4 5
508, 1 2 3 4 5
509, 1 2 3 4 5
510, 1 2 3 4 5
511, 1 2 3 4 5
516, 30110 1 2 3 4
524, 1 2 3 4 5
527, 1 2 3 4 5
531, 1932 4353 24338 1 2
532, 1 2 3 4 5
541, 1 2 3 4 5
542, 1 2 3 4 5
543, 1 2 3 4 5
549, 220 14680 22054 24346 24491
551, 1 2 3 4 5
559, 1 2 3 4 5
565, 25213 1 2 3 4
568, 1 2 3 4 5
569, 9229 12751 26267 1419 23629
572, 1 2 3 4 5
582, 1 2 3 4 5
589, 1 2 3 4 5
590, 1 2 3 4 5
592, 1 2 3 4 5
595, 2149 8296 11656 5084 10117
599, 5170 7495 30745 14000 1
600, 1 2 3 4 5
603, 1 2 3 4 5
605, 1 2 3 4 5
606, 1 2 3 4 5
615, 1 2 3 4 5
616, 1 2 3 4 5
617, 20618 21072 23853 34366 2956
621, 1 2 3 4 5
632, 1 2 3 4 5
643, 1 2 3 4 5
646, 1 2 3 4 5
651, 2484 21182 3331 1 2
652, 5570 6422 7939 32491 35745
653, 18531 1 2 3 4
654, 1 2 3 4 5
658, 1 2 3 4 5
659, 1 2 3 4 5
663, 1 2 3 4 5
665, 1 2 3 4 5
673, 1 2 3 4 5
675, 28687 1012 1956 13633 1
680, 1 2 3 4 5
681, 1 2 3 4 5
684, 18696 22444 1 2 3
691, 1 2 3 4 5
696, 1 2 3 4 5
700, 3370 8046 16329 20935 23126
705, 7732 13531 13540 1 2
706, 1 2 3 4 5
710, 1 2 3 4 5
712, 1 2 3 4 5
713, 1 2 3 4 5
715, 1 2 3 4 5
717, 1 2 3 4 5
722, 2632 2828 21445 28043 1
725, 1 2 3 4 5
729, 5423 7898 20533 25826 35490
733, 1219 2710 4110 36605 31533
739, 1 2 3 4 5
741, 21837 24824 1 2 3
744, 1 2 3 4 5
747, 1 2 3 4 5
750, 1 2 3 4 5
757, 1 2 3 4 5
759, 1 2 3 4 5
761, 1 2 3 4 5
773, 9837 12247 29524 35996 6198
777, 799 6525 9403 13078 24669
780, 3101 7239 8175 11895 12366
782, 1 2 3 4 5
784, 1034 6012 6133 8492 10605
787, 1 2 3 4 5
788, 1 2 3 4 5
789, 1 2 3 4 5
791, 2457 9775 35596 2358 3898
792, 1 2 3 4 5
796, 1 2 3 4 5
801, 1242 3966 4330 6908 10711
806, 18577 24161 32402 2989 27100
808, 1 2 3 4 5
810, 20618 1 2 3 4
813, 2248 2726 6610 6915 9278
816, 22726 31228 15098 26278 30446
820, 8758 16830 4460 28989 32776
826, 36782 1296 5230 7178 18022
827, 3015 22832 25572 683 21086
828, 12783 817 4027 9707 21879
831, 34508 35546 1058 1510 1614
833, 1 2 3 4 5
834, 31323 1409 4047 33410 36099
835, 1 2 3 4 5
839, 1485 17586 24346 25109 28878
850, 20396 20656 1791 1 2
852, 9882 13140 24060 30740 30916
853, 1 2 3 4 5
854, 1 2 3 4 5
857, 1 2 3 4 5
862, 20276 32298 12683 13140 22037
867, 1 2 3 4 5
869, 1 2 3 4 5
873, 9837 12247 17251 25678 29524
874, 9 16648 19949 26275 30842
879, 1 2 3 4 5
883, 1 2 3 4 5
884, 1 2 3 4 5
886, 1 2 3 4 5
888, 8377 11154 27258 32115 34481
890, 1 2 3 4 5
899, 1 2 3 4 5
900, 11122 30318 1 2 3
905, 21972 8118 1 2 3
907, 1 2 3 4 5
908, 1122 1131 4891 14523 15273
909, 1 2 3 4 5
916, 3483 4272 5237 22818 29980
919, 15359 27403 31630 1 2
926, 1159 1688 1779 3121 8311
927, 14908 18531 24265 24739 32985
929, 1 2 3 4 5
937, 1 2 3 4 5
942, 1 2 3 4 5
944, 1 2 3 4 5
946, 1 2 3 4 5
947, 20461 7849 1 2 3
949, 1 2 3 4 5
956, 1 2 3 4 5
958, 1 2 3 4 5
961, 1 2 3 4 5
968, 1 2 3 4 5
969, 28259 6693 12249 21546 32043
972, 1 2 3 4 5
977, 1 2 3 4 5
978, 1 2 3 4 5
979, 1 2 3 4 5
982, 1 2 3 4 5
983, 1 2 3 4 5
987, 1 2 3 4 5
990, 1 2 3 4 5
1005, 1 2 3 4 5
1010, 316 11694 9711 12532 16712
1011, 1 2 3 4 5
1014, 1 2 3 4 5
1016, 1 2 3 4 5
1017, 3894 4938 14702 24855 29653
1033, 1 2 3 4 5
1043, 1 2 3 4 5
1044, 2340 3308 3516 5330 11036
1046, 1 2 3 4 5
1055, 1 2 3 4 5
1060, 1 2 3 4 5
1061, 2944 4416 10717 14131 24943
1067, 428 1223 1572 2840 3154
1068, 249 1 2 3 4
1076, 6514 19662 22017 28567 29415
1077, 19325 1 2 3 4
1084, 564 1302 3696 4281 6850
1097, 22945 18696 22444 13723 1
1102, 1 2 3 4 5
1107, 1006 31489 36108 236 4908
1110, 1 2 3 4 5
1112, 34698 823 7007 14286 15446
1113, 3537 4252 5404 8438 20967
1114, 7101 30962 1 2 3
1117, 3536 4771 19567 1 2
1118, 1564 311 1590 2407 3369
1121, 1122 1131 15273 16527 17405
1122, 1 2 3 4 5
1128, 1 2 3 4 5
1135, 1 2 3 4 5
1136, 1 2 3 4 5
1137, 9247 11412 6977 10889 21087
1144, 1 2 3 4 5
1145, 1 2 3 4 5
1146, 5576 7964 29657 1 2
1148, 246 23639 1 2 3
1151, 1 2 3 4 5
1152, 6776 25548 28291 34220 1
1157, 18181 1 2 3 4
1159, 3966 10711 19016 19657 27601
1161, 8658 168 9423 15525 1
1163, 1 2 3 4 5
1165, 13580 28368 11835 22224 30073
1173, 2019 1 2 3 4
1175, 36503 11484 1 2 3
1177, 1 2 3 4 5
1178, 1 2 3 4 5
1180, 1 2 3 4 5
1181, 1 2 3 4 5
1184, 1 2 3 4 5
1189, 85 8657 12339 20047 29477
1190, 1 2 3 4 5
1193, 5217 7899 9622 19421 23720
1201, 6072 7275 13626 13738 27197
1204, 1 2 3 4 5
1205, 4697 6486 7341 10926 11241
1218, 391 1250 4659 5998 7518
1222, 335 741 3580 4881 6490
1224, 1 2 3 4 5
1229, 1 2 3 4 5
1233, 11356 21221 23222 28318 30464
1235, 5457 7723 9834 23215 23524
1236, 2512 4792 5345 5455 5457
1238, 6468 13388 18735 1 2
1240, 12323 34481 6698 18646 24476
1249, 1 2 3 4 5
1256, 1 2 3 4 5
1263, 2514 11000 27274 29129 29179
1264, 1 2 3 4 5
1279, 1 2 3 4 5
1280, 17256 1 2 3 4
1282, 24392 30065 13242 15771 22908
1289, 1 2 3 4 5
1291, 452 1207 5106 9167 12243
1292, 1 2 3 4 5
1297, 1 2 3 4 5
1298, 1 2 3 4 5
1314, 1 2 3 4 5
1316, 1 2 3 4 5
1322, 1 2 3 4 5
1327, 1 2 3 4 5
1333, 1472 18034 174 1464 2301
1334, 1 2 3 4 5
1335, 9489 20706 24008 26727 34514
1336, 11032 21162 5909 14815 1
1343, 5510 1 2 3 4
1345, 2916 5310 16465 22910 25930
1346, 1 2 3 4 5
1348, 1674 427 5193 11792 13351
1356, 1 2 3 4 5
1361, 1 2 3 4 5
1365, 9900 23535 23717 27907 32330
1373, 1 2 3 4 5
1378, 1 2 3 4 5
1379, 1 2 3 4 5
1387, 2456 36058 584 934 2834
1391, 776 12205 10571 17164 20913
1405, 1 2 3 4 5
1406, 1 2 3 4 5
1408, 1 2 3 4 5
1416, 32566 1 2 3 4
1417, 1 2 3 4 5
1418, 1 2 3 4 5
1420, 5074 27728 28157 32687 9711
1423, 1 2 3 4 5
1426, 2033 22021 5014 5074 12631
1428, 1 2 3 4 5
1431, 6433 9272 15353 15518 18247
1433, 1514 1 2 3 4
1436, 1 2 3 4 5
1438, 1 2 3 4 5
1444, 11684 13297 29862 20096 4869
1445, 14250 1 2 3 4
1447, 9004 17729 24704 1 2
1452, 11169 17318 19138 3746 4115
1453, 6899 8755 11134 28434 1
1463, 2083 17238 19828 23714 1
1470, 1 2 3 4 5
1473, 1 2 3 4 5
1474, 246 23639 1 2 3
1476, 18736 311 1590 3369 11321
1481, 2916 16465 25930 27937 28504
1484, 1 2 3 4 5
1486, 3274 4204 15908 18064 18509
1487, 781 3784 8604 12262 20903
1493, 1 2 3 4 5
1501, 11384 31981 13303 21136 21275
1502, 23000 296 1943 2314 2392
1503, 1 2 3 4 5
1506, 2855 4837 6108 9170 27926
1508, 1 2 3 4 5
1509, 1 2 3 4 5
1510, 11883 1 2 3 4
1511, 1 2 3 4 5
1516, 30256 1 2 3 4
1527, 1 2 3 4 5
1528, 20273 1 2 3 4
1538, 2052 6867 15459 22363 34337
1547, 1 2 3 4 5
1551, 1 2 3 4 5
1555, 1 2 3 4 5
1560, 1 2 3 4 5
1564, 4981 1 2 3 4
1572, 20744 34764 2065 6059 8604
1576, 1296 7178 18022 28035 1
1577, 1 2 3 4 5
1578, 1 2 3 4 5
1587, 2916 5310 16465 25930 27937
1588, 1 2 3 4 5
1606, 10439 11471 17752 34742 2834
1607, 1 2 3 4 5
1617, 5432 9931 10163 17179 25199
1620, 8908 8262 8921 20727 21805
1624, 1 2 3 4 5
1626, 1 2 3 4 5
1627, 1 2 3 4 5
1635, 1 2 3 4 5
1636, 1 2 3 4 5
1637, 5554 11379 24888 1 2
1638, 182 224 6427 8213 12052
1641, 7155 22107 19380 19522 25767
1642, 238 20177 1 2 3
1643, 9489 10739 10870 20323 20706
1644, 1 2 3 4 5
1645, 35374 1 2 3 4
1647, 1 2 3 4 5
1648, 1 2 3 4 5
1649, 34462 20987 16834 1 2
1657, 1 2 3 4 5
1658, 22809 26109 32922 36021 10604
1661, 1 2 3 4 5
1663, 9025 17209 19039 19238 23392
1664, 22817 23882 3887 1 2
1667, 1 2 3 4 5
1670, 1 2 3 4 5
1675, 1 2 3 4 5
1681, 1 2 3 4 5
1684, 1 2 3 4 5
1685, 2230 35155 1 2 3
1686, 1 2 3 4 5
1693, 4686 7043 7570 8769 9750
1696, 1 2 3 4 5
1699, 1 2 3 4 5
1707, 1 2 3 4 5
1713, 9025 17209 19039 19238 23392
1719, 1 2 3 4 5
1723, 5430 5711 23962 27547 34111
1726, 109 2095 3426 7288 8115
1727, 1 2 3 4 5
1728, 29841 21433 1 2 3
1734, 1 2 3 4 5
1739, 1 2 3 4 5
1740, 1935 11310 1 2 3
1750, 866 8593 28258 31869 34166
1756, 1 2 3 4 5
1757, 1 2 3 4 5
1760, 19308 1 2 3 4
1761, 1 2 3 4 5
1764, 30781 1312 3862 6545 6806
1765, 3002 4249 22800 35935 37034
1766, 13163 32324 673 12344 18556
1767, 10781 12943 24915 29527 34371
1768, 2989 27100 1 2 3
1773, 25898 33081 36571 1 2
1782, 25540 475 1072 4086 4869
1785, 1 2 3 4 5
1786, 1 2 3 4 5
1787, 1943 12088 14703 24872 25125
1788, 1 2 3 4 5
1789, 21837 24824 1 2 3
1792, 1 2 3 4 5
1796, 7060 15392 24773 34586 34937
1800, 1 2 3 4 5
1803, 3645 1932 3134 4353 6253
1804, 1 2 3 4 5
1805, 103 1855 5959 9623 10173
1806, 23272 30866 428 1572 2896
1807, 5554 10622 11065 18403 30523
1808, 1 2 3 4 5
1812, 1 2 3 4 5
1813, 1 2 3 4 5
1816, 1932 4353 24338 2867 22981
1818, 1 2 3 4 5
1820, 1 2 3 4 5
1823, 1 2 3 4 5
1827, 1 2 3 4 5
1829, 1 2 3 4 5
1833, 5643 25551 16755 7055 8248
1845, 958 10497 12912 20129 20178
1857, 13218 18869 34346 1 2
1858, 1 2 3 4 5
1862, 5057 6091 6396 7436 8705
1866, 1 2 3 4 5
1874, 1 2 3 4 5
1875, 32968 30 1702 1927 2473
1876, 1 2 3 4 5
1879, 9403 24669 28301 29411 20217
1881, 1 2 3 4 5
1883, 3444 5219 8642 9991 11628
1885, 1 2 3 4 5
1888, 1278 11883 19052 1 2
1898, 1 2 3 4 5
1899, 1 2 3 4 5
1900, 18514 23960 35993 1672 1818
1901, 1 2 3 4 5
1906, 1 2 3 4 5
1910, 595 1 2 3 4
1911, 1 2 3 4 5
1918, 1 2 3 4 5
1919, 1 2 3 4 5
1920, 1 2 3 4 5
1933, 1 2 3 4 5
1935, 1 2 3 4 5
1936, 8735 20217 271 4883 8039
1938, 1 2 3 4 5
1940, 1 2 3 4 5
1941, 5927 8478 11949 31041 6977
1943, 1 2 3 4 5
1944, 18197 23881 33141 1 2
1945, 6163 7549 26099 27404 28351
1947, 1 2 3 4 5
1948, 1 2 3 4 5
1950, 1 2 3 4 5
1952, 1 2 3 4 5
1954, 1 2 3 4 5
1955, 1 2 3 4 5
1956, 5891 12141 25701 17404 1
1957, 1 2 3 4 5
1963, 198 1398 2449 5541 7025
1964, 1 2 3 4 5
1976, 13253 1 2 3 4
1977, 1 2 3 4 5
1978, 1 2 3 4 5
1981, 1 2 3 4 5
1985, 1882 7336 8639 9211 12594
1986, 1 2 3 4 5
1991, 1 2 3 4 5
1993, 1 2 3 4 5
1999, 4839 7787 7947 13597 21335
2007, 462 465 2323 4366 32544
2009, 1 2 3 4 5
2011, 1 2 3 4 5
2013, 1296 7178 18022 20913 28035
2017, 1 2 3 4 5
2020, 1 2 3 4 5
2027, 20301 178 2439 14153 24615
2028, 1 2 3 4 5
2037, 11587 1 2 3 4
2040, 1148 12578 13479 14637 17921
2041, 1 2 3 4 5
2042, 3304 11314 13055 33757 3573
2045, 29952 1 2 3 4
2051, 36939 28937 1 2 3
2052, 1 2 3 4 5
2053, 4130 5570 7939 27762 35745
2054, 378 9603 10857 34200 34586
2058, 1 2 3 4 5
2060, 1 2 3 4 5
2061, 1 2 3 4 5
2066, 7052 14962 16834 17757 21581
2072, 1 2 3 4 5
2073, 1 2 3 4 5
2080, 1 2 3 4 5
2081, 17063 12715 1 2 3
2084, 5643 1 2 3 4
2086, 1 2 3 4 5
2090, 1 2 3 4 5
2091, 799 6525 7497 9403 9494
2095, 1 2 3 4 5
2097, 1 2 3 4 5
2106, 1 2 3 4 5
2108, 23519 27933 3788 8406 12140
2117, 1 2 3 4 5
2119, 1 2 3 4 5
2121, 1 2 3 4 5
2124, 1235 4619 5778 18940 23146
2129, 19627 18691 1 2 3
2130, 1 2 3 4 5
2132, 1 2 3 4 5
2133, 1 2 3 4 5
2135, 1 2 3 4 5
2136, 1 2 3 4 5
2137, 1 2 3 4 5
2146, 1 2 3 4 5
2147, 5510 6433 15518 23325 24406
2149, 5193 11792 13351 16848 19205
2155, 5643 10739 10870 18867 20323
2156, 1 2 3 4 5
2157, 25602 9025 17209 19039 19238
2164, 12972 1 2 3 4
2167, 702 976 1319 1987 2241
2168, 1 2 3 4 5
2179, 1 2 3 4 5
2182, 640 4094 9739 16389 20781
2186, 1 2 3 4 5
2195, 1 2 3 4 5
2202, 26148 2823 10797 1 2
2212, 4526 7615 19288 20922 1093
2227, 31212 1 2 3 4
2236, 19702 29035 1 2 3
2244, 17258 1 2 3 4
2247, 27027 1 2 3 4
2248, 33342 1 2 3 4
2254, 1 2 3 4 5
2257, 1 2 3 4 5
2261, 1 2 3 4 5
2263, 2174 29462 738 1232 1681
2265, 1475 3101 5820 7239 8175
2268, 1 2 3 4 5
2270, 31392 1 2 3 4
2272, 14310 18928 19417 29992 32887
2273, 1 2 3 4 5
2274, 587 5470 6605 12154 17677
2280, 1 2 3 4 5
2285, 1 2 3 4 5
2287, 4985 8424 8891 13384 16085
2290, 22773 1 2 3 4
2298, 1 2 3 4 5
2305, 13218 1 2 3 4
2306, 712 9446 15707 23611 1
2312, 1 2 3 4 5
2313, 1 2 3 4 5
2319, 1 2 3 4 5
2320, 1 2 3 4 5
2324, 14488 17795 31081 1 2
2326, 21433 20897 1 2 3
2330, 1 2 3 4 5
2338, 1 2 3 4 5
2341, 7904 12676 14310 15427 18928
2345, 374 901 989 2021 6099
2346, 3688 26098 33032 488 587
2347, 1 2 3 4 5
2351, 1 2 3 4 5
2352, 14874 3062 13906 22559 25857
2357, 13328 16989 19646 20678 22623
2360, 2376 21759 23698 4514 5071
2361, 490 678 1116 3666 6063
2366, 1 2 3 4 5
2368, 1 2 3 4 5
2369, 1 2 3 4 5
2374, 1 2 3 4 5
2379, 1 2 3 4 5
2388, 3056 6453 22228 22531 22574
2394, 7918 17131 1 2 3
2397, 1 2 3 4 5
2398, 1 2 3 4 5
2399, 26476 36193 2446 2715 6414
2403, 1 2 3 4 5
2404, 1 2 3 4 5
2407, 7755 9991 13657 15193 17977
2409, 15477 32437 25613 33381 1
2410, 1 2 3 4 5
2414, 1 2 3 4 5
2421, 1 2 3 4 5
2426, 25922 33433 1 2 3
2428, 2741 4970 5587 14364 19285
2435, 3370 8046 16329 1 2
2442, 1 2 3 4 5
2448, 1 2 3 4 5
2449, 1 2 3 4 5
2452, 1 2 3 4 5
2455, 9246 10523 15413 22709 25091
2466, 1 2 3 4 5
2467, 2264 36317 1 2 3
2472, 1 2 3 4 5
2474, 1 2 3 4 5
2480, 1 2 3 4 5
2489, 1 2 3 4 5
2496, 616 15935 17366 19185 21133
2500, 1 2 3 4 5
2502, 1 2 3 4 5
2504, 1 2 3 4 5
2506, 2891 10769 18410 25179 36695
2508, 1 2 3 4 5
2512, 3894 24414 32288 33300 1
2519, 4677 5762 5975 6607 7947
2520, 1 2 3 4 5
2521, 8637 9021 10543 10730 15428
2524, 1935 7791 11310 1 2
2528, 7655 14044 23429 1 2
2543, 1 2 3 4 5
2547, 12366 29648 1 2 3
2549, 5858 25653 1 2 3
2551, 823 7007 30056 30850 15772
2557, 28204 2065 29491 8888 13774
2560, 15585 16951 25166 29646 1
2561, 1 2 3 4 5
2564, 1 2 3 4 5
2569, 25179 36695 1 2 3
2570, 6514 1 2 3 4
2571, 1 2 3 4 5
2581, 1 2 3 4 5
2582, 2340 3308 11469 14292 18244
2585, 1 2 3 4 5
2591, 1 2 3 4 5
2595, 24296 6327 9494 11725 12737
2597, 31223 1 2 3 4
2599, 1 2 3 4 5
2602, 10583 12528 15544 26631 1
2603, 5129 7221 34813 18759 19724
2604, 1 2 3 4 5
2610, 8316 9369 31615 1 2
2617, 7283 21331 32044 1 2
2621, 1 2 3 4 5
2623, 2505 4576 5039 11364 11573
2624, 1 2 3 4 5
2629, 1 2 3 4 5
2631, 18577 24161 27736 32402 16969
2633, 14023 7109 25475 29530 29931
2638, 378 9603 10857 33876 34200
2644, 901 7477 29106 14143 13715
2645, 12366 1 2 3 4
2647, 9837 12247 14551 29524 35996
2648, 1 2 3 4 5
2651, 16136 19888 1866 16861 1
2654, 1 2 3 4 5
2655, 1483 5089 11314 13679 23576
2658, 1 2 3 4 5
2661, 1 2 3 4 5
2662, 21308 836 1793 2180 4723
2667, 1 2 3 4 5
2674, 1 2 3 4 5
2675, 1 2 3 4 5
2680, 2989 27100 7869 8569 22523
2686, 1 2 3 4 5
2690, 1 2 3 4 5
2696, 3807 28487 8758 15208 17062
2697, 17001 19259 196 8792 12510
2699, 2046 10532 19350 26697 32955
2701, 4981 37 18591 31989 4278
2709, 1 2 3 4 5
2712, 1 2 3 4 5
2713, 1 2 3 4 5
2716, 1 2 3 4 5
2718, 6897 30903 1 2 3
2721, 1 2 3 4 5
2728, 15098 26278 30446 25450 26400
2729, 7341 16705 32359 1 2
2734, 1 2 3 4 5
2737, 1 2 3 4 5
2743, 2582 9200 15382 16132 25387
2751, 3370 8046 16329 1 2
2762, 30833 1217 21445 16298 21261
2764, 1 2 3 4 5
2772, 5563 8301 8716 12435 14129
2775, 3424 20189 1 2 3
2776, 1 2 3 4 5
2782, 1 2 3 4 5
2784, 635 14138 29379 1 2
2785, 27601 3966 10711 19016 19657
2795, 1 2 3 4 5
2800, 1 2 3 4 5
2801, 1 2 3 4 5
2808, 242 1 2 3 4
2812, 3887 1 2 3 4
2813, 1 2 3 4 5
2816, 1 2 3 4 5
2823, 6647 9777 28110 34683 35012
2829, 1 2 3 4 5
2830, 1 2 3 4 5
2832, 1 2 3 4 5
2835, 1 2 3 4 5
2837, 452 5106 9167 12243 21886
2839, 1 2 3 4 5
2843, 1 2 3 4 5
2845, 1 2 3 4 5
2850, 1 2 3 4 5
2860, 27813 1 2 3 4
2862, 1 2 3 4 5
2865, 1 2 3 4 5
2867, 1470 5570 7939 8932 8950
2869, 1 2 3 4 5
2875, 1 2 3 4 5
2877, 1 2 3 4 5
2880, 30256 13978 21225 23220 1
2883, 1 2 3 4 5
2884, 1 2 3 4 5
2886, 35490 12366 1 2 3
2888, 1 2 3 4 5
2895, 965 3312 7108 7141 11130
2903, 1105 4913 7813 15580 21502
2904, 1 2 3 4 5
2908, 9956 5284 7526 10973 23801
2909, 1 2 3 4 5
2914, 4502 2119 2850 10487 15985
2917, 10343 36003 3820 1 2
2921, 1 2 3 4 5
2926, 1 2 3 4 5
2933, 1 2 3 4 5
2935, 1 2 3 4 5
2951, 1 2 3 4 5
2957, 1 2 3 4 5
2964, 15232 1088 5805 7252 9329
2967, 1 2 3 4 5
2968, 1 2 3 4 5
2978, 2938 11622 21738 249 15342
2985, 2896 10972 11768 15402 15910
2990, 1 2 3 4 5
2993, 1 2 3 4 5
2996, 5787 10567 10719 18893 34562
2997, 1 2 3 4 5
2998, 1 2 3 4 5
3001, 1 2 3 4 5
3003, 1 2 3 4 5
3014, 1 2 3 4 5
3017, 1869 4773 5181 5848 6897
3019, 1 2 3 4 5
3020, 6698 18646 24476 27679 28700
3023, 1 2 3 4 5
3028, 11356 1 2 3 4
3032, 1 2 3 4 5
3041, 7288 8115 11152 6908 14807
3043, 27048 1 2 3 4
3050, 4137 11381 13827 23275 26176
3056, 1 2 3 4 5
3057, 5047 10297 12287 14282 20090
3059, 1 2 3 4 5
3064, 343 1614 10583 16888 22236
3065, 19380 19522 1 2 3
3066, 2764 12703 26490 29942 31009
3069, 1 2 3 4 5
3071, 1 2 3 4 5
3072, 1 2 3 4 5
3073, 10265 22715 1 2 3
3074, 1 2 3 4 5
3077, 7060 24773 34937 15098 26278
3082, 3699 13426 14230 15292 18547
3091, 24787 35272 2046 4514 4933
3093, 1 2 3 4 5
3095, 14064 15063 17941 21523 27252
3098, 1 2 3 4 5
3101, 18156 1 2 3 4
3104, 1 2 3 4 5
3105, 1 2 3 4 5
3106, 5973 10942 21114 1 2
3107, 3537 1 2 3 4
3108, 6094 10355 14657 1 2
3113, 7398 16481 28016 28836 29055
3118, 296 2314 2819 5416 13941
3123, 5423 12715 31124 6086 17131
3127, 22809 34508 35546 305 2916
3133, 1 2 3 4 5
3137, 1 2 3 4 5
3157, 1 2 3 4 5
3163, 1 2 3 4 5
3165, 1 2 3 4 5
3166, 13303 21136 21275 24956 26698
3167, 1 2 3 4 5
3168, 26964 15342 901 1984 6434
3173, 20897 1 2 3 4
3180, 1 2 3 4 5
3188, 1 2 3 4 5
3189, 1 2 3 4 5
3190, 1 2 3 4 5
3191, 1 2 3 4 5
3192, 1 2 3 4 5
3195, 1 2 3 4 5
3198, 1 2 3 4 5
3201, 1 2 3 4 5
3202, 1 2 3 4 5
3203, 20251 1 2 3 4
3206, 1 2 3 4 5
3212, 1 2 3 4 5
3214, 1 2 3 4 5
3216, 1 2 3 4 5
3218, 354 1370 12749 16589 17599
3221, 1 2 3 4 5
3227, 1 2 3 4 5
3229, 16298 21261 31501 9853 1
3240, 683 5284 7526 8932 10545
3243, 19967 1 2 3 4
3244, 1 2 3 4 5
3248, 1 2 3 4 5
3249, 7463 16123 34003 3537 4837
3250, 1 2 3 4 5
3253, 4502 29364 1 2 3
3256, 1 2 3 4 5
3260, 1 2 3 4 5
3265, 18516 1 2 3 4
3273, 6563 28002 32181 1 2
3279, 1 2 3 4 5
3281, 12366 475 2439 3349 7211
3287, 2588 2847 4996 5003 8325
3294, 1 2 3 4 5
3296, 2119 17616 25102 25134 29092
3298, 1 2 3 4 5
3302, 1 2 3 4 5
3304, 1 2 3 4 5
3309, 1 2 3 4 5
3319, 1 2 3 4 5
3320, 1 2 3 4 5
3324, 17172 1 2 3 4
3325, 410 2259 2478 11894 17931
3326, 1 2 3 4 5
3328, 1 2 3 4 5
3330, 2987 6160 6420 16834 34544
3332, 1 2 3 4 5
3336, 1 2 3 4 5
3350, 778 1140 5143 10219 10748
3351, 5108 9260 9815 22658 24367
3354, 1 2 3 4 5
3358, 1 2 3 4 5
3360, 4558 1 2 3 4
3361, 3473 3644 11430 31251 33386
3364, 27747 15838 33795 1 2
3374, 1 2 3 4 5
3376, 1 2 3 4 5
3378, 2799 8234 19925 21152 22263
3379, 1 2 3 4 5
3387, 12079 1 2 3 4
3392, 1 2 3 4 5
3396, 1 2 3 4 5
3402, 1 2 3 4 5
3407, 26476 34507 36193 1 2
3411, 11535 11837 19074 19351 20297
3413, 1 2 3 4 5
3418, 5551 7801 36255 3466 6992
3421, 1 2 3 4 5
3422, 14955 36858 7791 6938 7011
3424, 1 2 3 4 5
3434, 2400 8616 16273 20421 20700
3435, 1 2 3 4 5
3438, 1 2 3 4 5
3439, 19937 21239 1 2 3
3452, 2174 4895 8118 21972 20273
3455, 19008 1 2 3 4
3459, 1 2 3 4 5
3461, 1 2 3 4 5
3464, 1 2 3 4 5
3468, 1 2 3 4 5
3469, 31283 1 2 3 4
3474, 25898 33081 36571 1 2
3475, 1 2 3 4 5
3482, 1 2 3 4 5
3487, 1 2 3 4 5
3488, 28576 1 2 3 4
3492, 37060 2237 4076 15083 17451
3496, 15193 22832 1 2 3
3505, 1 2 3 4 5
3511, 5396 21584 27942 29333 8754
3513, 1 2 3 4 5
3518, 21011 25277 17372 2697 2854
3523, 1 2 3 4 5
3525, 6077 21794 1 2 3
3528, 2065 28204 29491 10981 21414
3532, 31352 1 2 3 4
3540, 1 2 3 4 5
3543, 1 2 3 4 5
3548, 1651 1 2 3 4
3550, 2588 2847 11337 1 2
3552, 1 2 3 4 5
3558, 20219 1 2 3 4
3560, 1 2 3 4 5
3561, 3338 9060 1 2 3
3563, 4544 21639 23929 1 2
3564, 4534 33147 34637 17036 20849
3565, 1 2 3 4 5
3572, 1649 32484 1 2 3
3581, 1 2 3 4 5
3582, 11122 30318 1637 8575 20334
3583, 1 2 3 4 5
3587, 1 2 3 4 5
3591, 4839 13597 21335 168 11633
3592, 1 2 3 4 5
3596, 1278 11883 1 2 3
3602, 1670 3134 4134 5570 6253
3604, 1 2 3 4 5
3611, 1 2 3 4 5
3616, 1 2 3 4 5
3624, 14756 1 2 3 4
3626, 6266 1 2 3 4
3627, 1 2 3 4 5
3628, 1 2 3 4 5
3634, 1 2 3 4 5
3637, 1252 4774 21801 1 2
3644, 1 2 3 4 5
3645, 1 2 3 4 5
3656, 5416 13941 21106 30200 13662
3662, 1 2 3 4 5
3664, 1 2 3 4 5
3670, 2382 1 2 3 4
3673, 9770 14875 36133 1 2
3674, 1 2 3 4 5
3675, 1 2 3 4 5
3676, 1 2 3 4 5
3677, 25004 30033 36268 2340 3308
3678, 7724 11816 15915 23397 23535
3679, 290 933 1084 1783 2925
3691, 12444 16391 6955 25528 1
3692, 3349 5725 6346 6634 7211
3693, 1 2 3 4 5
3695, 2986 8990 22929 475 23996
3696, 410 2259 2478 11894 17931
3697, 1 2 3 4 5
3698, 6735 1124 3749 4310 4401
3699, 1 2 3 4 5
3707, 1 2 3 4 5
3708, 1 2 3 4 5
3712, 1 2 3 4 5
3715, 28151 3134 6253 10718 14111
3717, 1 2 3 4 5
3721, 1 2 3 4 5
3730, 10449 10772 21784 24185 24319
3749, 1 2 3 4 5
3753, 1 2 3 4 5
3754, 6693 21546 1 2 3
3758, 1 2 3 4 5
3767, 12161 14589 22926 13617 16510
3771, 11947 24214 26180 1 2
3774, 5563 10781 12435 12943 24139
3775, 1 2 3 4 5
3776, 1 2 3 4 5
3781, 1 2 3 4 5
3784, 35983 5181 20848 2333 10900
3790, 14370 2052 6867 10004 15459
3798, 10152 23847 27679 28700 32250
3800, 23126 1 2 3 4
3801, 1 2 3 4 5
3807, 1 2 3 4 5
3812, 19227 23790 4215 1 2
3819, 1 2 3 4 5
3820, 1 2 3 4 5
3828, 1 2 3 4 5
3830, 1 2 3 4 5
3832, 1 2 3 4 5
3837, 1 2 3 4 5
3840, 1 2 3 4 5
3841, 921 1 2 3 4
3844, 1 2 3 4 5
3846, 3580 29997 31956 1 2
3848, 1 2 3 4 5
3861, 1 2 3 4 5
3864, 401 1 2 3 4
3866, 1 2 3 4 5
3868, 12666 17035 21624 22354 30076
3869, 7856 30269 17823 1 2
3871, 1 2 3 4 5
3873, 2119 15168 17616 26519 34424
3875, 5394 1 2 3 4
3877, 498 8505 17976 1097 2092
3878, 1 2 3 4 5
3880, 11948 16542 22876 32901 1
3885, 1 2 3 4 5
3886, 1 2 3 4 5
3888, 12306 18771 33975 1 2
3889, 1 2 3 4 5
3892, 1 2 3 4 5
3899, 1 2 3 4 5
3906, 13631 2 236 288 552
3910, 2019 2185 3201 6891 7573
3913, 4952 11577 3862 6806 28958
3916, 1 2 3 4 5
3917, 1 2 3 4 5
3919, 1 2 3 4 5
3923, 1 2 3 4 5
3929, 6134 16373 29701 11743 12410
3932, 25234 25883 4869 28267 37097
3936, 1 2 3 4 5
3943, 1 2 3 4 5
3955, 1313 1342 6940 11909 15855
3969, 1 2 3 4 5
3971, 1 2 3 4 5
3972, 35637 7529 8592 14834 1
3974, 1 2 3 4 5
3977, 1 2 3 4 5
3979, 1 2 3 4 5
3981, 1 2 3 4 5
3983, 1 2 3 4 5
3989, 1 2 3 4 5
3990, 6129 7297 7539 15435 22252
3992, 1 2 3 4 5
4001, 1 2 3 4 5
4010, 1 2 3 4 5
4015, 21732 31961 37066 1 2
4019, 1 2 3 4 5
4025, 5149 10073 51 4617 5565
4028, 1 2 3 4 5
4035, 1 2 3 4 5
4037, 2588 2847 3966 10711 11337
4041, 1 2 3 4 5
4058, 1 2 3 4 5
4061, 137 3984 16398 32118 1
4066, 1 2 3 4 5
4068, 19903 20249 20775 30364 32978
4069, 1 2 3 4 5
4070, 30792 20897 1 2 3
4074, 30356 36779 1975 3134 6253
4081, 1 2 3 4 5
4084, 1 2 3 4 5
4087, 1 2 3 4 5
4089, 4375 9312 12117 13758 14080
4090, 20798 25400 26833 1 2
4097, 18685 23266 34285 16969 23157
4099, 18531 7724 10604 22809 23535
4106, 1 2 3 4 5
4107, 1 2 3 4 5
4108, 1 2 3 4 5
4110, 8776 15351 24497 23574 27162
4112, 1 2 3 4 5
4119, 2295 22359 1 2 3
4121, 15254 35460 2149 5084 8296
4124, 1 2 3 4 5
4127, 1 2 3 4 5
4132, 592 15047 20520 22319 27511
4134, 2877 1 2 3 4
4139, 1 2 3 4 5
4142, 1 2 3 4 5
4143, 1 2 3 4 5
4144, 1 2 3 4 5
4145, 1 2 3 4 5
4147, 11471 17752 34742 24 4333
4149, 5284 7526 10973 19060 31092
4151, 1283 4075 14837 15266 20346
4152, 23639 246 10531 12393 16342
4153, 1633 8274 288 8302 23270
4158, 1 2 3 4 5
4175, 1 2 3 4 5
4184, 1 2 3 4 5
4187, 3144 6605 7820 12186 12917
4190, 1 2 3 4 5
4194, 1 2 3 4 5
4195, 1 2 3 4 5
4197, 1 2 3 4 5
4199, 1 2 3 4 5
4203, 34028 1 2 3 4
4204, 1 2 3 4 5
4214, 8195 22224 22387 31223 34947
4219, 1 2 3 4 5
4222, 19857 1 2 3 4
4226, 1 2 3 4 5
4233, 1 2 3 4 5
4234, 18696 22444 1 2 3
4254, 9489 20706 24008 26727 34514
4260, 24915 29527 36105 8514 10781
4263, 1 2 3 4 5
4272, 1 2 3 4 5
4275, 1 2 3 4 5
4277, 16586 17128 1 2 3
4278, 5787 7396 10567 10719 18893
4282, 1 2 3 4 5
4284, 7060 8735 20217 24773 30384
4288, 1 2 3 4 5
4291, 1139 10057 18242 12855 13947
4295, 1 2 3 4 5
4300, 1 2 3 4 5
4302, 1 2 3 4 5
4306, 1287 1 2 3 4
4327, 21242 23809 1 2 3
4329, 1 2 3 4 5
4330, 1 2 3 4 5
4331, 1 2 3 4 5
4338, 1 2 3 4 5
4352, 1148 7840 9659 12578 13479
4354, 1 2 3 4 5
4356, 5278 6160 11000 27274 29129
4358, 1 2 3 4 5
4360, 1 2 3 4 5
4364, 5284 5570 7526 7939 10973
4365, 7801 8915 10565 12339 15334
4366, 1 2 3 4 5
4368, 1 2 3 4 5
4369, 30338 14488 17795 31081 8191
4371, 1 2 3 4 5
4373, 10321 31275 34218 1 2
4377, 1 2 3 4 5
4379, 1 2 3 4 5
4386, 18111 26175 34097 85 793
4394, 4427 1 2 3 4
4396, 1 2 3 4 5
4402, 1 2 3 4 5
4417, 1 2 3 4 5
4439, 3056 6453 22228 22531 22574
4447, 1 2 3 4 5
4448, 1 2 3 4 5
4454, 1 2 3 4 5
4455, 3708 34508 35546 20396 20656
4456, 1 2 3 4 5
4460, 5064 5613 10074 11444 14090
4462, 8984 10626 10807 15310 18166
4464, 17729 24704 31551 9004 72
4470, 3370 8046 16329 1 2
4472, 7857 1 2 3 4
4479, 3580 17075 29997 30231 31956
4482, 5170 7495 30745 9266 10176
4484, 1 2 3 4 5
4486, 1 2 3 4 5
4488, 1 2 3 4 5
4492, 1 2 3 4 5
4494, 1 2 3 4 5
4500, 4642 12812 16746 21089 27266
4505, 1 2 3 4 5
4510, 1 2 3 4 5
4518, 8452 9403 14377 15915 17120
4519, 3274 4204 8238 15908 18064
4523, 1 2 3 4 5
4528, 1 2 3 4 5
4530, 2940 15849 21308 14560 18667
4541, 1 2 3 4 5
4543, 30670 2052 6867 10965 15459
4545, 1 2 3 4 5
4553, 26928 1 2 3 4
4565, 27326 1 2 3 4
4566, 1 2 3 4 5
4569, 1 2 3 4 5
4573, 28256 11564 12306 16698 17631
4575, 1 2 3 4 5
4582, 1 2 3 4 5
4585, 1 2 3 4 5
4587, 1105 4913 7813 11417 15580
4588, 1 2 3 4 5
4594, 1 2 3 4 5
4600, 1 2 3 4 5
4601, 1 2 3 4 5
4611, 1 2 3 4 5
4615, 1 2 3 4 5
4616, 1 2 3 4 5
4625, 4945 23048 1 2 3
4634, 10781 12943 24915 29527 34371
4638, 1 2 3 4 5
4639, 4297 6514 27291 6915 10287
4646, 15477 20090 20913 22638 25551
4650, 2019 1468 1778 3284 3463
4656, 2956 25430 1428 8915 10565
4657, 1 2 3 4 5
4658, 1 2 3 4 5
4674, 1 2 3 4 5
4679, 1 2 3 4 5
4687, 1 2 3 4 5
4690, 1 2 3 4 5
4691, 3641 5429 6629 8568 10873
4695, 1 2 3 4 5
4698, 1 2 3 4 5
4699, 1 2 3 4 5
4703, 1 2 3 4 5
4704, 1856 1 2 3 4
4709, 1 2 3 4 5
4726, 1 2 3 4 5
4729, 6458 10621 14023 16579 20326
4731, 26952 31081 31561 33853 33997
4736, 1232 1681 2539 5132 6661
4741, 37116 1 2 3 4
4756, 1 2 3 4 5
4758, 13946 13448 21046 21771 25607
4760, 1 2 3 4 5
4761, 1 2 3 4 5
4763, 1 2 3 4 5
4764, 26952 31561 33853 33997 31468
4773, 3080 11363 26901 28480 32307
4774, 4938 14702 24855 29653 33898
4777, 1 2 3 4 5
4784, 1 2 3 4 5
4785, 1 2 3 4 5
4789, 13318 20763 224 4743 6427
4799, 5891 12141 25701 1 2
4801, 22809 3708 14025 17210 34508
4804, 21331 8238 18509 34155 1
4805, 1 2 3 4 5
4811, 23616 24543 563 2838 7106
4816, 1 2 3 4 5
4819, 4878 2859 16298 21261 31501
4821, 2393 5219 11628 18490 27075
4824, 1 2 3 4 5
4828, 1 2 3 4 5
4829, 18869 26937 27570 28835 31170
4832, 1 2 3 4 5
4835, 1 2 3 4 5
4838, 1 2 3 4 5
4851, 1 2 3 4 5
4853, 7060 24773 34937 15490 21738
4863, 1 2 3 4 5
4865, 1 2 3 4 5
4866, 1 2 3 4 5
4871, 1 2 3 4 5
4877, 7327 8776 11553 15351 24497
4881, 3608 18759 19724 33869 1312
4883, 316 11694 1 2 3
4886, 1 2 3 4 5
4887, 21266 836 1793 4723 9159
4888, 1 2 3 4 5
4889, 1 2 3 4 5
4892, 1 2 3 4 5
4893, 20406 1 2 3 4
4894, 1 2 3 4 5
4897, 1122 1131 13426 15273 17405
4900, 13533 22869 1 2 3
4907, 37116 1 2 3 4
4910, 7922 12496 25766 32056 34682
4919, 3370 8046 16329 1 2
4926, 14603 2356 2393 3848 8522
4933, 23281 14312 1 2 3
4944, 14417 16297 32000 1 2
4946, 4258 1 2 3 4
4947, 4502 1 2 3 4
4949, 1 2 3 4 5
4953, 1 2 3 4 5
4954, 1 2 3 4 5
4960, 7908 9076 34439 11929 15321
4962, 1 2 3 4 5
4967, 1 2 3 4 5
4976, 1 2 3 4 5
4977, 1 2 3 4 5
4979, 1 2 3 4 5
4980, 1 2 3 4 5
4983, 1 2 3 4 5
4987, 1 2 3 4 5
4989, 1 2 3 4 5
4990, 472 699 950 1691 2273
4993, 1 2 3 4 5
4995, 1 2 3 4 5
5000, 1 2 3 4 5
5001, 1 2 3 4 5
5005, 1 2 3 4 5
5009, 4792 5455 5500 26085 26476
5012, 1 2 3 4 5
5013, 1 2 3 4 5
5024, 2986 6765 8990 22929 26180
5026, 1 2 3 4 5
5028, 26937 28835 36099 31170 1
5032, 20406 1 2 3 4
5037, 22348 844 998 2499 4569
5038, 1 2 3 4 5
5041, 1 2 3 4 5
5047, 7871 24143 29594 1 2
5050, 1 2 3 4 5
5051, 1 2 3 4 5
5053, 1 2 3 4 5
5055, 1 2 3 4 5
5056, 1 2 3 4 5
5058, 776 1781 1 2 3
5071, 3579 12556 12609 20523 27375
5075, 1 2 3 4 5
5078, 1 2 3 4 5
5079, 1 2 3 4 5
5080, 1 2 3 4 5
5081, 1 2 3 4 5
5083, 1 2 3 4 5
5086, 26598 1 2 3 4
5087, 14360 14399 14739 32006 1
5088, 1 2 3 4 5
5092, 1 2 3 4 5
5093, 1 2 3 4 5
5098, 3348 3574 3782 4707 7171
5106, 1 2 3 4 5
5108, 8253 10751 28029 36228 1
5109, 1 2 3 4 5
5110, 1 2 3 4 5
5112, 1 2 3 4 5
5113, 1 2 3 4 5
5114, 1 2 3 4 5
5120, 2467 36184 2663 8400 8735
5126, 3083 3585 10124 17163 24061
5131, 1 2 3 4 5
5133, 12104 19608 1 2 3
5135, 1 2 3 4 5
5138, 2916 16465 25930 27937 28504
5140, 1 2 3 4 5
5143, 1 2 3 4 5
5159, 1 2 3 4 5
5160, 1 2 3 4 5
5165, 1 2 3 4 5
5168, 1 2 3 4 5
5171, 4534 33147 14015 14359 17419
5173, 1409 33410 33571 36099 1302
5174, 1 2 3 4 5
5182, 1 2 3 4 5
5185, 1 2 3 4 5
5187, 1 2 3 4 5
5192, 9900 23535 23717 27907 32330
5196, 3120 4082 4448 31253 4658
5197, 36428 1 2 3 4
5199, 8893 1 2 3 4
5204, 15618 16570 1 2 3
5211, 1 2 3 4 5
5212, 1 2 3 4 5
5213, 1 2 3 4 5
5215, 34586 2463 5073 5226 5599
5216, 335 741 4881 6490 7025
5217, 18651 1 2 3 4
5218, 1 2 3 4 5
5226, 13906 14874 35468 16521 1
5229, 1 2 3 4 5
5235, 1 2 3 4 5
5242, 24321 30670 15449 24209 1
5243, 1 2 3 4 5
5245, 1 2 3 4 5
5247, 836 1793 4723 9159 11901
5249, 336 3125 3757 4330 5626
5250, 1 2 3 4 5
5264, 1 2 3 4 5
5266, 8742 11335 1 2 3
5269, 1182 2804 9908 1 2
5274, 1 2 3 4 5
5278, 13218 18869 34346 1 2
5280, 1 2 3 4 5
5281, 11860 1 2 3 4
5282, 1 2 3 4 5
5285, 1 2 3 4 5
5286, 1 2 3 4 5
5290, 10142 23639 246 11471 17752
5294, 7922 12496 17606 32056 34682
5297, 1 2 3 4 5
5299, 1 2 3 4 5
5301, 10931 17505 20409 29667 33314
5302, 1 2 3 4 5
5304, 19666 1935 7849 11017 11310
5308, 4891 13218 14523 7666 19090
5312, 18181 33934 16246 33819 1
5315, 8758 1 2 3 4
5320, 1 2 3 4 5
5330, 1 2 3 4 5
5335, 1 2 3 4 5
5341, 5064 10971 35727 994 26534
5344, 9869 1 2 3 4
5351, 1 2 3 4 5
5358, 9928 12089 18361 24787 25161
5365, 1 2 3 4 5
5373, 12666 17035 21624 22354 29275
5376, 1 2 3 4 5
5377, 5003 26302 29785 2745 3849
5385, 21486 3340 3989 7186 10330
5391, 1 2 3 4 5
5392, 1 2 3 4 5
5393, 1 2 3 4 5
5397, 1 2 3 4 5
5401, 1 2 3 4 5
5402, 4625 8742 17329 26637 31312
5404, 1 2 3 4 5
5405, 1 2 3 4 5
5409, 1 2 3 4 5
5415, 1 2 3 4 5
5417, 13055 29141 29357 30464 17539
5428, 275 7401 9537 10426 14014
5430, 1 2 3 4 5
5434, 12075 18247 25747 32860 1
5435, 1 2 3 4 5
5447, 7624 15462 16506 16649 1
5448, 1 2 3 4 5
5453, 1 2 3 4 5
5458, 1 2 3 4 5
5465, 9751 10512 16011 32256 1
5468, 15787 1 2 3 4
5483, 1 2 3 4 5
5484, 1 2 3 4 5
5487, 29331 4557 7247 11318 14624
5493, 1 2 3 4 5
5495, 34996 21235 29198 1 2
5498, 1 2 3 4 5
5503, 1 2 3 4 5
5504, 1250 4960 5998 6816 10290
5507, 1 2 3 4 5
5517, 1 2 3 4 5
5524, 7226 4872 1 2 3
5525, 1 2 3 4 5
5526, 1 2 3 4 5
5528, 18007 1 2 3 4
5530, 8356 15410 28366 32944 5643
5534, 15477 25613 32437 33381 1
5535, 1 2 3 4 5
5543, 1 2 3 4 5
5544, 1 2 3 4 5
5545, 1 2 3 4 5
5546, 12316 34825 4645 7711 8768
5550, 6229 22327 33299 6447 10152
5552, 1 2 3 4 5
5554, 1 2 3 4 5
5556, 1 2 3 4 5
5559, 3862 6806 28958 1 2
5562, 12306 18771 31566 33975 35194
5563, 1 2 3 4 5
5565, 1 2 3 4 5
5566, 29590 1 2 3 4
5568, 1 2 3 4 5
5569, 8388 18466 27078 1 2
5575, 1 2 3 4 5
5576, 5278 6160 11000 27274 29129
5577, 2896 3539 6107 11561 15910
5580, 996 14489 15161 16182 25878
5584, 1 2 3 4 5
5585, 1 2 3 4 5
5587, 9147 18696 22444 28104 29419
5588, 3491 6339 8287 10122 22510
5593, 2850 9608 10487 14197 16488
5597, 6424 1 2 3 4
5598, 15580 15236 30289 1105 4913
5601, 985 36796 10732 14758 35101
5608, 8911 8919 8938 9551 18191
5610, 31519 4774 11836 13399 15976
5611, 3015 21369 22832 25572 1
5614, 1 2 3 4 5
5615, 1 2 3 4 5
5618, 1 2 3 4 5
5621, 1 2 3 4 5
5630, 1 2 3 4 5
5635, 15994 10118 28695 33934 30912
5637, 1 2 3 4 5
5644, 1 2 3 4 5
5648, 8090 25979 32784 1 2
5654, 1 2 3 4 5
5659, 1 2 3 4 5
5672, 22809 34497 36939 16521 1
5673, 1 2 3 4 5
5675, 1 2 3 4 5
5680, 1 2 3 4 5
5681, 9489 20706 24008 26727 34514
5689, 14955 1 2 3 4
5691, 1 2 3 4 5
5696, 15242 19401 103 1855 2756
5700, 5064 9049 10971 12573 13781
5702, 21571 2048 5510 10602 11205
5703, 1 2 3 4 5
5709, 1 2 3 4 5
5719, 1 2 3 4 5
5720, 2845 7683 10130 12623 14471
5724, 33227 1 2 3 4
5725, 1 2 3 4 5
5731, 1 2 3 4 5
5732, 1 2 3 4 5
5734, 13328 16989 19646 20678 22623
5736, 14312 35801 19314 1 2
5739, 1 2 3 4 5
5741, 1 2 3 4 5
5745, 1 2 3 4 5
5749, 1 2 3 4 5
5750, 15020 22594 25505 30422 1
5758, 1 2 3 4 5
5763, 18771 33975 12306 1 2
5772, 19750 6378 9418 10753 13450
5773, 34370 1 2 3 4
5778, 1 2 3 4 5
5783, 21002 24999 25826 8847 13507
5785, 1 2 3 4 5
5787, 6394 17677 31855 1 2
5790, 1 2 3 4 5
5793, 135 1880 1928 4258 4875
5797, 1 2 3 4 5
5807, 2149 5084 8296 11656 1
5811, 1 2 3 4 5
5813, 1 2 3 4 5
5817, 1 2 3 4 5
5820, 1 2 3 4 5
5822, 3712 20061 1 2 3
5824, 1 2 3 4 5
5827, 1 2 3 4 5
5828, 1 2 3 4 5
5831, 1 2 3 4 5
5837, 15763 22684 29765 1 2
5848, 14312 18657 25845 1 2
5854, 1 2 3 4 5
5855, 20913 1105 4913 9761 12777
5857, 1 2 3 4 5
5858, 1 2 3 4 5
5860, 1 2 3 4 5
5862, 2019 23996 415 2842 2845
5866, 34643 35727 1 2 3
5878, 1 2 3 4 5
5880, 4728 6980 8522 9540 9901
5885, 1 2 3 4 5
5889, 311 1590 3369 11321 18736
5900, 14250 5643 11587 1 2
5906, 5561 17105 17891 19453 23938
5913, 9364 9911 13293 29307 32030
5918, 5430 5711 10638 13308 13646
5921, 12306 18771 33773 33975 2916
5927, 1 2 3 4 5
5930, 1 2 3 4 5
5931, 1 2 3 4 5
5936, 1 2 3 4 5
5939, 1 2 3 4 5
5941, 1 2 3 4 5
5942, 1 2 3 4 5
5946, 1 2 3 4 5
5947, 2439 14153 28939 34189 1
5948, 12487 32610 1 2 3
5951, 1 2 3 4 5
5953, 1 2 3 4 5
5956, 1 2 3 4 5
5957, 1 2 3 4 5
5959, 7879 13205 19559 24481 30561
5968, 26234 1 2 3 4
5977, 1291 8848 9882 13086 24060
5978, 1 2 3 4 5
5981, 1 2 3 4 5
5991, 1 2 3 4 5
5992, 12686 28505 32064 34627 7541
5993, 1 2 3 4 5
6000, 1 2 3 4 5
6002, 29364 4502 1 2 3
6007, 1 2 3 4 5
6009, 1 2 3 4 5
6012, 1 2 3 4 5
6019, 18156 17998 10531 12393 16342
6023, 1 2 3 4 5
6026, 25768 34238 35980 1132 2413
6030, 6503 1 2 3 4
6031, 1 2 3 4 5
6032, 6384 19838 21592 3280 4687
6039, 1 2 3 4 5
6043, 1 2 3 4 5
6045, 8984 10626 10807 15310 18166
6046, 1 2 3 4 5
6047, 1 2 3 4 5
6048, 1 2 3 4 5
6060, 1 2 3 4 5
6065, 35435 1 2 3 4
6067, 1 2 3 4 5
6075, 1 2 3 4 5
6076, 1 2 3 4 5
6078, 14000 18247 32860 1 2
6080, 1 2 3 4 5
6088, 1 2 3 4 5
6094, 7528 11271 34119 3092 1
6099, 1 2 3 4 5
6100, 1 2 3 4 5
6102, 1 2 3 4 5
6105, 1 2 3 4 5
6106, 1 2 3 4 5
6107, 5903 17563 14543 32949 33469
6111, 9447 12274 326 6693 21546
6119, 1 2 3 4 5
6120, 734 3010 4297 11478 24348
6126, 1 2 3 4 5
6129, 1 2 3 4 5
6133, 8139 4952 11577 5074 7691
6140, 1 2 3 4 5
6143, 1 2 3 4 5
6146, 1 2 3 4 5
6148, 21183 34256 20913 360 1276
6155, 1 2 3 4 5
6156, 475 23996 29774 15465 1
6165, 1 2 3 4 5
6167, 1 2 3 4 5
6173, 15249 22439 26811 66 2422
6183, 1 2 3 4 5
6186, 1 2 3 4 5
6187, 1 2 3 4 5
6188, 1 2 3 4 5
6191, 1 2 3 4 5
6193, 3580 23703 29997 31956 1
6194, 11409 30953 1 2 3
6196, 31630 16969 23157 26780 2916
6197, 1 2 3 4 5
6199, 11634 1048 1117 21362 32983
6202, 27837 23047 1410 10882 11492
6212, 1 2 3 4 5
6224, 1 2 3 4 5
6228, 1 2 3 4 5
6229, 1 2 3 4 5
6230, 4919 10597 10773 13303 20143
6233, 1 2 3 4 5
6234, 34979 1 2 3 4
6241, 1 2 3 4 5
6247, 12366 1 2 3 4
6249, 13060 1 2 3 4
6253, 34909 2210 31392 1 2
6256, 17421 36605 1 2 3
6257, 1 2 3 4 5
6264, 1 2 3 4 5
6270, 1 2 3 4 5
6273, 23112 25439 639 7732 13540
6274, 2401 3331 16877 34995 37028
6277, 3198 3429 5994 8654 8692
6281, 1 2 3 4 5
6284, 1 2 3 4 5
6286, 1 2 3 4 5
6287, 443 588 1960 4813 5882
6288, 1 2 3 4 5
6289, 1 2 3 4 5
6292, 1 2 3 4 5
6296, 1 2 3 4 5
6302, 20273 36465 7617 59 6428
6306, 1 2 3 4 5
6308, 1 2 3 4 5
6314, 1 2 3 4 5
6316, 1 2 3 4 5
6319, 20511 1 2 3 4
6325, 1 2 3 4 5
6326, 30658 1 2 3 4
6329, 1 2 3 4 5
6331, 1 2 3 4 5
6334, 85 8657 13303 20047 21136
6341, 29775 522 13253 15860 18841
6342, 2382 12523 14603 33004 35198
6354, 1 2 3 4 5
6355, 1 2 3 4 5
6357, 3312 7108 19437 21877 21947
6358, 1 2 3 4 5
6361, 33365 4035 9532 12744 15581
6364, 1 2 3 4 5
6365, 1 2 3 4 5
6367, 6977 10889 1392 8185 18350
6370, 1 2 3 4 5
6372, 1 2 3 4 5
6374, 1 2 3 4 5
6377, 6503 1 2 3 4
6378, 5062 6118 8457 12924 16166
6384, 1 2 3 4 5
6385, 15359 1 2 3 4
6386, 18087 14111 18492 28151 31784
6393, 1 2 3 4 5
6395, 25545 1 2 3 4
6397, 1 2 3 4 5
6398, 1 2 3 4 5
6405, 21089 23285 36201 5416 2392
6406, 8309 25558 1 2 3
6412, 1 2 3 4 5
6422, 22484 29423 33591 802 7049
6423, 1 2 3 4 5
6427, 1 2 3 4 5
6429, 7407 1 2 3 4
6431, 1 2 3 4 5
6437, 1 2 3 4 5
6441, 1 2 3 4 5
6446, 26392 1 2 3 4
6455, 1 2 3 4 5
6457, 10213 27036 1 2 3
6461, 1 2 3 4 5
6462, 3818 1 2 3 4
6477, 2943 5378 7214 7769 8204
6484, 1 2 3 4 5
6493, 1 2 3 4 5
6495, 1 2 3 4 5
6496, 1 2 3 4 5
6497, 1 2 3 4 5
6498, 1 2 3 4 5
6501, 5903 20832 29628 14856 2065
6502, 1 2 3 4 5
6503, 1 2 3 4 5
6504, 1 2 3 4 5
6505, 1 2 3 4 5
6509, 1 2 3 4 5
6520, 17451 1 2 3 4
6522, 1477 20353 27958 8376 16485
6524, 1 2 3 4 5
6527, 1 2 3 4 5
6536, 1 2 3 4 5
6538, 4273 21586 28268 901 2467
6546, 1 2 3 4 5
6548, 1 2 3 4 5
6553, 1 2 3 4 5
6555, 1 2 3 4 5
6559, 8365 13973 15472 19444 1
6562, 1 2 3 4 5
6567, 1 2 3 4 5
6573, 18010 25505 18691 901 22554
6576, 19713 27591 1 2 3
6579, 24643 3894 11931 32288 33832
6585, 1 2 3 4 5
6586, 2896 15910 18946 21881 23142
6588, 12547 5114 15106 16432 14310
6589, 1 2 3 4 5
6590, 1 2 3 4 5
6591, 1 2 3 4 5
6593, 21002 24999 25826 7283 4839
6596, 1 2 3 4 5
6598, 21011 36605 13951 3319 5350
6603, 25922 33433 1 2 3
6605, 1312 6545 13871 18934 19103
6607, 1 2 3 4 5
6608, 7060 5211 24773 34937 3635
6615, 1 2 3 4 5
6618, 13272 23695 31292 1 2
6628, 18005 1114 1299 3080 3136
6629, 1 2 3 4 5
6630, 1 2 3 4 5
6632, 1 2 3 4 5
6636, 2393 1882 7336 9211 9312
6637, 1 2 3 4 5
6642, 1 2 3 4 5
6644, 1 2 3 4 5
6645, 1 2 3 4 5
6653, 739 5939 14552 16298 20466
6654, 4297 27291 27435 436 1302
6657, 1 2 3 4 5
6666, 6980 8522 16852 18896 23940
6671, 1 2 3 4 5
6674, 984 1097 1527 1661 2564
6676, 1 2 3 4 5
6678, 1 2 3 4 5
6684, 1 2 3 4 5
6687, 11947 24214 6266 1 2
6688, 1 2 3 4 5
6698, 8604 2065 12262 28204 29491
6699, 1 2 3 4 5
6700, 1 2 3 4 5
6701, 1 2 3 4 5
6703, 1 2 3 4 5
6707, 20273 11595 132 658 5456
6708, 14312 1 2 3 4
6710, 1012 1100 1951 3664 5862
6716, 1 2 3 4 5
6717, 1 2 3 4 5
6728, 22477 35609 6570 11379 16545
6732, 1719 33290 1 2 3
6735, 683 21086 32552 34836 1
6738, 1296 3424 7178 18022 28035
6739, 24110 26164 2890 1 2
6742, 1 2 3 4 5
6751, 27050 3056 6453 20135 22228
6763, 14486 32330 33483 33918 1674
6777, 1 2 3 4 5
6784, 24935 1 2 3 4
6795, 13635 1 2 3 4
6797, 156 522 1086 2475 6434
6798, 4150 8365 13973 14345 15132
6799, 1 2 3 4 5
6802, 1 2 3 4 5
6804, 18181 34900 36099 10350 14782
6807, 15165 21177 28418 36137 31637
6808, 16225 18218 30378 31453 6545
6817, 1 2 3 4 5
6818, 1307 6085 8916 12608 18247
6819, 1 2 3 4 5
6826, 1 2 3 4 5
6827, 3849 11523 2243 2496 4617
6828, 1 2 3 4 5
6832, 19664 23022 1 2 3
6833, 1 2 3 4 5
6834, 1 2 3 4 5
6836, 1347 1 2 3 4
6844, 1 2 3 4 5
6846, 31042 12034 1 2 3
6851, 1 2 3 4 5
6854, 1 2 3 4 5
6858, 1 2 3 4 5
6860, 1 2 3 4 5
6866, 1754 13240 1 2 3
6867, 1 2 3 4 5
6869, 1 2 3 4 5
6870, 1 2 3 4 5
6874, 1 2 3 4 5
6879, 2845 3231 7683 10130 12377
6882, 1 2 3 4 5
6887, 35895 1207 2425 4225 9817
6889, 17131 1 2 3 4
6890, 2964 4616 4622 7709 8970
6893, 1 2 3 4 5
6897, 1 2 3 4 5
6907, 1072 25594 25818 34234 35899
6910, 1 2 3 4 5
6914, 1 2 3 4 5
6922, 1 2 3 4 5
6932, 1 2 3 4 5
6937, 1302 12834 13419 17451 1
6939, 1 2 3 4 5
6941, 18516 1 2 3 4
6950, 1 2 3 4 5
6951, 21817 24545 33786 34751 224
6952, 108 1485 6099 6493 9817
6958, 2890 26164 13560 27391 1311
6961, 1 2 3 4 5
6963, 29771 32640 37086 3123 6099
6966, 2941 1 2 3 4
6969, 14377 17120 19213 20538 23419
6972, 9 1596 2779 4895 8118
6982, 1 2 3 4 5
6985, 18471 2301 3886 4769 4834
6986, 1 2 3 4 5
6987, 1 2 3 4 5
6988, 1 2 3 4 5
6992, 1 2 3 4 5
6999, 26792 1 2 3 4
7003, 1 2 3 4 5
7004, 31734 37012 3745 14435 18041
7005, 1 2 3 4 5
7006, 1 2 3 4 5
7008, 1 2 3 4 5
7010, 15367 558 1058 1177 1510
7012, 34601 1 2 3 4
7014, 1 2 3 4 5
7015, 1 2 3 4 5
7018, 1 2 3 4 5
7022, 4649 331 2427 5985 9048
7026, 20316 1 2 3 4
7030, 1 2 3 4 5
7031, 1366 2588 9665 10350 11354
7036, 4493 14117 34909 35898 27146
7043, 1 2 3 4 5
7049, 1 2 3 4 5
7050, 85 3399 8657 13303 20047
7053, 8952 18286 1 2 3
7057, 1 2 3 4 5
7060, 1 2 3 4 5
7063, 1 2 3 4 5
7069, 5284 7526 10973 31092 183
7074, 1 2 3 4 5
7078, 1 2 3 4 5
7085, 1 2 3 4 5
7090, 1 2 3 4 5
7091, 1 2 3 4 5
7093, 1 2 3 4 5
7095, 6236 9460 10904 13071 15528
7096, 739 5939 14552 16298 20466
7098, 2340 3308 14292 24921 25004
7099, 1 2 3 4 5
7100, 1 2 3 4 5
7103, 1 2 3 4 5
7106, 5416 13941 21106 30200 1
7114, 5813 14876 15429 15702 29180
7124, 3818 11684 20020 20096 1452
7125, 1 2 3 4 5
7128, 1 2 3 4 5
7132, 14554 1 2 3 4
7139, 25016 33306 1 2 3
7143, 1 2 3 4 5
7145, 1 2 3 4 5
7146, 1 2 3 4 5
7147, 2891 25179 36695 37074 1
7152, 1 2 3 4 5
7153, 2896 3539 11561 15910 21881
7154, 1 2 3 4 5
7157, 1 2 3 4 5
7160, 12570 13884 4371 28797 19980
7161, 1 2 3 4 5
7163, 7973 32376 1 2 3
7166, 1 2 3 4 5
7170, 5551 20121 21368 25067 1
7171, 1 2 3 4 5
7172, 15763 22684 27212 28881 29765
7173, 1 2 3 4 5
7174, 4371 1 2 3 4
7176, 1 2 3 4 5
7179, 1 2 3 4 5
7180, 7155 22827 1 2 3
7182, 1 2 3 4 5
7187, 1564 2407 8968 10629 16363
7197, 1 2 3 4 5
7202, 1 2 3 4 5
7203, 1 2 3 4 5
7204, 1772 2326 6999 8023 9046
7230, 3473 3644 11430 16082 31251
7236, 8359 13884 1627 1 2
7242, 2149 3900 5084 8296 11656
7246, 1 2 3 4 5
7253, 1256 1 2 3 4
7258, 1006 36108 1 2 3
7259, 1564 2407 8968 10629 16363
7260, 13989 14918 1 2 3
7261, 11 22156 31653 3664 14954
7263, 1 2 3 4 5
7267, 34460 619 2508 3252 8262
7274, 1182 2804 9908 1 2
7282, 1 2 3 4 5
7285, 1 2 3 4 5
7286, 26952 31216 31561 33853 33997
7293, 4321 5281 14270 14943 16546
7297, 12860 15102 17751 19333 20799
7298, 36334 911 4969 9658 20851
7302, 27925 1 2 3 4
7308, 2356 2357 3775 3848 4196
7311, 12306 18771 33975 4697 10926
7318, 1 2 3 4 5
7321, 1 2 3 4 5
7327, 1 2 3 4 5
7328, 1 2 3 4 5
7330, 5281 10791 23332 23337 23977
7331, 13102 36405 10248 15878 23548
7332, 1 2 3 4 5
7350, 671 10746 15324 15808 18537
7352, 596 21231 25458 331 3473
7356, 1 2 3 4 5
7358, 1 2 3 4 5
7359, 12686 28505 32064 1 2
7360, 1 2 3 4 5
7361, 1 2 3 4 5
7362, 7011 6642 13937 19480 27763
7363, 1 2 3 4 5
7366, 1 2 3 4 5
7370, 19847 1 2 3 4
7377, 7630 1 2 3 4
7381, 1 2 3 4 5
7384, 1 2 3 4 5
7385, 3104 9525 14483 1 2
7389, 17155 6086 13201 34901 1
7391, 5805 31333 7477 26013 7358
7392, 18411 28728 28751 26309 34496
7393, 998 1670 2021 4134 4569
7396, 7235 17022 18669 22430 31117
7404, 1882 7336 9211 12594 15070
7405, 1 2 3 4 5
7412, 1 2 3 4 5
7420, 5202 14485 15616 1 2
7421, 1 2 3 4 5
7422, 14027 14592 34851 36051 2159
7426, 11 3619 22156 29105 1
7433, 1 2 3 4 5
7435, 72 7453 11876 12802 13736
7439, 1 2 3 4 5
7444, 12306 18771 33975 19417 22885
7445, 14554 1 2 3 4
7450, 1 2 3 4 5
7452, 1 2 3 4 5
7454, 1 2 3 4 5
7455, 8919 13622 14575 18191 20680
7461, 1 2 3 4 5
7472, 1 2 3 4 5
7475, 9944 15419 16140 23274 23472
7479, 1 2 3 4 5
7480, 1 2 3 4 5
7490, 21478 36289 1 2 3
7501, 9853 1 2 3 4
7512, 1 2 3 4 5
7513, 1 2 3 4 5
7514, 1 2 3 4 5
7517, 24032 176 2964 7709 14893
7522, 1 2 3 4 5
7523, 545 5798 9849 12099 24359
7525, 1 2 3 4 5
7531, 5552 11703 16760 16966 18080
7534, 1564 2407 8968 10629 11307
7544, 336 1080 3125 3365 3757
7545, 1 2 3 4 5
7546, 1 2 3 4 5
7547, 143 581 1993 6159 7426
7552, 1 2 3 4 5
7556, 1 2 3 4 5
7558, 1 2 3 4 5
7561, 1 2 3 4 5
7566, 1 2 3 4 5
7567, 1 2 3 4 5
7571, 7867 8804 30738 3478 15224
7572, 10574 5239 6990 14086 20503
7574, 1975 8303 9663 12588 14022
7576, 1 2 3 4 5
7578, 18934 19103 3862 6806 8195
7580, 5296 11680 15436 21980 23659
7581, 706 1278 2119 2878 3446
7584, 6163 7549 26036 26099 27404
7585, 11713 16296 1 2 3
7586, 20090 22638 32065 1 2
7587, 27793 1 2 3 4
7588, 9494 11725 12737 15051 24940
7592, 1 2 3 4 5
7593, 34591 8833 16046 30750 31696
7595, 1 2 3 4 5
7604, 1 2 3 4 5
7606, 1 2 3 4 5
7618, 4869 28267 37097 6099 11471
7625, 23262 6187 29343 1 2
7630, 1 2 3 4 5
7639, 9241 23510 35000 1 2
7643, 7141 9494 11725 12737 15051
7644, 1 2 3 4 5
7648, 1 2 3 4 5
7654, 1 2 3 4 5
7655, 1 2 3 4 5
7659, 352 16387 19831 198 475
7661, 1 2 3 4 5
7665, 10528 11897 12228 14333 17184
7667, 2298 7500 23574 8643 8776
7672, 2764 8486 12703 26490 27558
7674, 1 2 3 4 5
7676, 1 2 3 4 5
7695, 1122 1131 15273 17405 26140
7697, 1 2 3 4 5
7698, 1 2 3 4 5
7700, 1 2 3 4 5
7711, 1 2 3 4 5
7712, 18867 34880 1 2 3
7715, 1 2 3 4 5
7718, 1122 1131 1670 4134 15273
7721, 1 2 3 4 5
7722, 1 2 3 4 5
7730, 1 2 3 4 5
7740, 1 2 3 4 5
7742, 11409 30953 1 2 3
7745, 27841 2264 6856 36317 1
7747, 4938 6394 12154 14702 24855
7748, 13140 24242 30916 33022 22037
7749, 1 2 3 4 5
7756, 1 2 3 4 5
7757, 1 2 3 4 5
7759, 1 2 3 4 5
7760, 1 2 3 4 5
7764, 9958 378 10857 17554 18818
7767, 14345 1 2 3 4
7773, 1 2 3 4 5
7776, 1 2 3 4 5
7781, 1 2 3 4 5
7782, 34221 5813 6414 7867 8804
7790, 1 2 3 4 5
7791, 1 2 3 4 5
7793, 34422 1 2 3 4
7794, 1 2 3 4 5
7796, 1 2 3 4 5
7798, 15533 16139 19666 30392 34455
7799, 24247 1 2 3 4
7801, 1 2 3 4 5
7802, 1 2 3 4 5
7804, 1 2 3 4 5
7807, 1 2 3 4 5
7808, 1757 4875 7258 7783 9880
7809, 18759 19724 33869 958 10497
7810, 1 2 3 4 5
7815, 4502 34879 35978 3274 4204
7816, 34499 1440 26531 31479 1
7817, 6076 8234 11122 11690 13651
7818, 1 2 3 4 5
7822, 6072 7275 13626 13738 27197
7830, 1 2 3 4 5
7834, 1 2 3 4 5
7836, 1751 19635 20735 1 2
7837, 1 2 3 4 5
7839, 1 2 3 4 5
7850, 1630 11061 28608 29761 658
7853, 2224 8674 16893 30681 2210
7854, 1 2 3 4 5
7857, 1 2 3 4 5
7861, 1 2 3 4 5
7863, 9785 32997 1 2 3
7869, 1 2 3 4 5
7874, 1 2 3 4 5
7878, 15904 1 2 3 4
7879, 1 2 3 4 5
7881, 1 2 3 4 5
7883, 1 2 3 4 5
7884, 1 2 3 4 5
7885, 1 2 3 4 5
7886, 10739 10870 20189 20323 31392
7903, 1 2 3 4 5
7905, 18471 25768 34238 35980 5511
7906, 7469 33666 14312 19417 29992
7907, 11849 13207 15752 22437 25862
7909, 1452 11684 11728 20096 23250
7910, 284 3931 12816 18287 18441
7911, 1 2 3 4 5
7913, 8827 14327 33245 10154 739
7915, 10500 2512 4188 7408 7757
7919, 1 2 3 4 5
7935, 13859 1 2 3 4
7936, 32898 16777 1 2 3
7947, 14318 34530 3467 7115 1
7951, 8710 24321 12366 1 2
7954, 1 2 3 4 5
7958, 1 2 3 4 5
7965, 15915 24683 28218 35219 24601
7974, 1 2 3 4 5
7976, 4322 15724 6536 9036 12726
7979, 21794 34551 1 2 3
7981, 1 2 3 4 5
7983, 4869 20897 28267 37097 24935
7987, 3473 3644 11430 31251 33386
7990, 1 2 3 4 5
7998, 1 2 3 4 5
8001, 1 2 3 4 5
8002, 1 2 3 4 5
8006, 1 2 3 4 5
8009, 1 2 3 4 5
8014, 13580 1 2 3 4
8017, 564 2141 2647 3696 4849
8019, 8269 15805 24246 28981 33020
8020, 1 2 3 4 5
8021, 94 1296 2338 3523 6000
8023, 1 2 3 4 5
8029, 1 2 3 4 5
8032, 1 2 3 4 5
8037, 1 2 3 4 5
8040, 3494 2079 26505 1 2
8042, 613 639 8524 11203 16804
8050, 1 2 3 4 5
8051, 7407 1 2 3 4
8052, 1 2 3 4 5
8055, 1 2 3 4 5
8056, 1 2 3 4 5
8061, 1 2 3 4 5
8070, 1 2 3 4 5
8071, 11172 17314 18157 19580 8952
8074, 1510 7101 13697 16515 28675
8075, 1 2 3 4 5
8076, 20671 935 2321 5552 7428
8082, 1 2 3 4 5
8083, 1 2 3 4 5
8085, 1 2 3 4 5
8086, 5643 10057 18242 1 2
8087, 1 2 3 4 5
8088, 1 2 3 4 5
8090, 25179 36695 4502 17539 29141
8094, 1 2 3 4 5
8097, 8498 32353 1 2 3
8104, 1 2 3 4 5
8109, 15540 8938 19055 20575 13633
8110, 11947 24214 7655 14044 23429
8122, 8104 16834 8424 8891 13384
8124, 1 2 3 4 5
8127, 1 2 3 4 5
8128, 31919 1 2 3 4
8129, 1 2 3 4 5
8130, 2627 3331 7256 11588 31915
8132, 1 2 3 4 5
8138, 3394 19847 26950 32711 1
8139, 1 2 3 4 5
8140, 1 2 3 4 5
8141, 1 2 3 4 5
8144, 31170 8316 9369 12640 22789
8149, 1 2 3 4 5
8150, 2514 13303 21136 21275 24956
8155, 458 33101 1 2 3
8161, 1 2 3 4 5
8164, 1 2 3 4 5
8165, 14327 1437 14079 17443 1
8174, 1637 8575 20334 26225 35018
8177, 1 2 3 4 5
8179, 1 2 3 4 5
8180, 1 2 3 4 5
8182, 22809 1 2 3 4
8186, 4137 6371 7745 11381 13827
8187, 4427 7710 12639 16468 1
8190, 30320 1 2 3 4
8194, 1 2 3 4 5
8195, 27762 1 2 3 4
8198, 1 2 3 4 5
8205, 1 2 3 4 5
8206, 1 2 3 4 5
8224, 2730 27790 1 2 3
8225, 1 2 3 4 5
8228, 15208 16246 21212 33819 36475
8233, 4115 9711 12316 12532 12772
8237, 1 2 3 4 5
8238, 1 2 3 4 5
8254, 1 2 3 4 5
8258, 1 2 3 4 5
8259, 1 2 3 4 5
8262, 1 2 3 4 5
8266, 3460 7935 10932 16487 20273
8268, 1 2 3 4 5
8272, 1 2 3 4 5
8275, 1 2 3 4 5
8280, 1 2 3 4 5
8286, 3898 13140 22037 22422 24242
8287, 21837 24824 1 2 3
8292, 6414 13654 15208 18912 19460
8296, 793 10458 13335 14791 16764
8301, 3870 20312 23620 28539 37129
8304, 1 2 3 4 5
8305, 1 2 3 4 5
8311, 1 2 3 4 5
8312, 3862 6806 24139 24384 28958
8313, 1 2 3 4 5
8314, 1 2 3 4 5
8316, 1 2 3 4 5
8329, 168 26729 1 2 3
8331, 5724 1 2 3 4
8334, 1 2 3 4 5
8338, 1 2 3 4 5
8341, 12623 7922 12496 13884 32056
8347, 25558 1 2 3 4
8348, 1 2 3 4 5
8349, 2410 12254 1219 2710 13951
8363, 9 2149 5084 8296 8400
8367, 11411 22785 26175 34097 1
8368, 1 2 3 4 5
8370, 2331 4264 9261 32385 1
8374, 1 2 3 4 5
8376, 6414 7155 12366 13654 15208
8377, 18704 21837 24824 21537 1
8380, 1 2 3 4 5
8385, 1 2 3 4 5
8392, 24300 10605 32097 24925 10373
8393, 18048 1 2 3 4
8394, 11172 17314 18157 19580 5136
8396, 103 1855 5959 9623 10173
8403, 1 2 3 4 5
8406, 21349 1232 1681 2539 5132
8417, 3285 30862 1 2 3
8419, 2352 6286 6399 6880 8854
8424, 1 2 3 4 5
8426, 1 2 3 4 5
8434, 1 2 3 4 5
8435, 22864 34370 8540 1 2
8444, 1 2 3 4 5
8446, 1 2 3 4 5
8450, 1 2 3 4 5
8455, 1 2 3 4 5
8456, 6677 8267 20671 6 3532
8458, 4617 5074 8638 14312 15865
8461, 18516 1 2 3 4
8463, 1 2 3 4 5
8469, 2393 1 2 3 4
8471, 26284 1523 5180 7374 8474
8475, 12294 1 2 3 4
8476, 16298 18067 21261 31501 1
8481, 5630 7467 19110 24340 26256
8485, 1855 3478 27789 1 2
8487, 5459 16211 19494 25085 36605
8488, 1 2 3 4 5
8496, 1630 11061 28608 29761 28104
8499, 1 2 3 4 5
8506, 1 2 3 4 5
8512, 15038 9 4960 6816 10290
8513, 85 8657 20047 29477 30703
8516, 1 2 3 4 5
8517, 1 2 3 4 5
8519, 1 2 3 4 5
8523, 28680 6044 12792 14756 15989
8528, 1 2 3 4 5
8530, 19937 21239 10101 1975 3134
8534, 2628 4988 19871 1 2
8538, 15254 1523 7374 10138 10931
8541, 1 2 3 4 5
8543, 1965 15618 20901 1 2
8545, 20189 31873 1 2 3
8548, 5643 18867 1 2 3
8549, 1 2 3 4 5
8552, 1 2 3 4 5
8557, 1 2 3 4 5
8559, 14377 17120 19213 20465 20538
8562, 677 10248 15878 23548 36007
8564, 15907 24866 415 2842 3309
8569, 33187 9512 12375 16103 16896
8573, 254 6908 8923 14807 17109
8578, 1 2 3 4 5
8580, 1 2 3 4 5
8582, 1 2 3 4 5
8586, 3123 34586 5370 7452 7626
8589, 1674 4938 14702 17742 24855
8591, 13603 16298 19606 21261 29630
8594, 9658 22213 29838 34020 36334
8595, 36420 1 2 3 4
8600, 5182 6229 7789 11883 17258
8601, 1 2 3 4 5
8611, 23575 25052 25431 28953 36962
8613, 3820 19979 36003 6585 7004
8614, 1 2 3 4 5
8618, 36360 1 2 3 4
8619, 1 2 3 4 5
8620, 1 2 3 4 5
8621, 8057 8462 8468 8734 11213
8622, 7198 18275 33346 15578 16300
8628, 5401 12674 14057 14344 17838
8630, 12623 1 2 3 4
8634, 5074 27728 32687 32937 1
8636, 2916 3478 16465 25930 27937
8638, 7141 11633 15022 17342 25511
8639, 4617 15865 18296 22275 1
8645, 29176 5241 36585 1 2
8646, 1 2 3 4 5
8648, 1 2 3 4 5
8651, 1 2 3 4 5
8653, 1 2 3 4 5
8655, 1 2 3 4 5
8666, 1 2 3 4 5
8667, 1 2 3 4 5
8671, 1034 1217 6012 6133 8492
8674, 1 2 3 4 5
8677, 1 2 3 4 5
8682, 1 2 3 4 5
8684, 5412 9072 15179 1 2
8687, 11836 13399 15976 33502 36639
8696, 1 2 3 4 5
8697, 15260 6577 22460 6752 16020
8702, 9025 17209 17823 19039 19238
8707, 1 2 3 4 5
8709, 1 2 3 4 5
8711, 4434 16583 16665 17601 9489
8712, 1 2 3 4 5
8720, 1 2 3 4 5
8724, 1 2 3 4 5
8732, 34909 17063 1 2 3
8733, 1 2 3 4 5
8737, 2759 2764 8486 12703 13303
8738, 1 2 3 4 5
8742, 16300 16602 7198 18275 26287
8743, 1 2 3 4 5
8748, 1 2 3 4 5
8753, 1 2 3 4 5
8754, 3857 7186 17105 17891 19453
8756, 1 2 3 4 5
8760, 1 2 3 4 5
8766, 1 2 3 4 5
8769, 23616 24543 529 13743 17735
8771, 6514 11947 24214 1 2
8784, 7563 12512 5725 18202 28556
8786, 787 2643 3372 10405 15167
8787, 1 2 3 4 5
8792, 1 2 3 4 5
8794, 6621 34320 1 2 3
8805, 7849 1 2 3 4
8806, 1 2 3 4 5
8809, 2896 15910 18946 21881 28894
8812, 1 2 3 4 5
8817, 1 2 3 4 5
8819, 1 2 3 4 5
8822, 1 2 3 4 5
8830, 1 2 3 4 5
8836, 668 22820 1 2 3
8840, 1 2 3 4 5
8850, 1 2 3 4 5
8851, 21689 23488 1 2 3
8859, 1 2 3 4 5
8861, 1 2 3 4 5
8862, 2349 5177 5542 6436 12284
8869, 1 2 3 4 5
8870, 1 2 3 4 5
8873, 1374 7266 9447 9537 11120
8875, 23648 31566 2467 12306 12937
8888, 1 2 3 4 5
8889, 24321 11587 1 2 3
8891, 3862 6806 19435 28958 1
8895, 1 2 3 4 5
8896, 1 2 3 4 5
8897, 8735 11675 20217 1 2
8898, 1 2 3 4 5
8907, 14312 35212 1670 4134 19877
8916, 34754 9058 12692 18773 23725
8917, 2861 85 8657 12339 20047
8919, 1 2 3 4 5
8926, 8481 31630 12079 639 5449
8927, 1 2 3 4 5
8929, 1 2 3 4 5
8934, 1 2 3 4 5
8936, 31105 4502 29364 1 2
8937, 1 2 3 4 5
8938, 8883 33759 1 2 3
8940, 1 2 3 4 5
8943, 246 18156 23639 1 2
8944, 1 2 3 4 5
8948, 1 2 3 4 5
8951, 4824 11540 3870 14487 15942
8954, 1 2 3 4 5
8965, 1 2 3 4 5
8966, 15772 17353 24538 4073 4603
8967, 1 2 3 4 5
8975, 1 2 3 4 5
8992, 14019 1 2 3 4
8993, 658 11341 14550 21556 28511
8995, 1 2 3 4 5
8998, 26330 35887 1 2 3
8999, 1 2 3 4 5
9000, 1281 1481 2063 5262 7032
9005, 1 2 3 4 5
9006, 2512 24478 24733 28638 12140
9010, 1 2 3 4 5
9013, 1 2 3 4 5
9014, 1 2 3 4 5
9021, 1 2 3 4 5
9027, 496 29998 1 2 3
9029, 1 2 3 4 5
9041, 1 2 3 4 5
9045, 12260 1 2 3 4
9048, 1 2 3 4 5
9053, 7400 7728 1 2 3
9054, 1098 1852 7878 10875 16277
9057, 6375 18649 27195 28256 3479
9058, 1 2 3 4 5
9063, 1 2 3 4 5
9066, 1 2 3 4 5
9067, 4570 6105 17595 18924 25394
9069, 1 2 3 4 5
9078, 21571 830 11000 11621 27274
9087, 13607 19215 183 1882 3435
9090, 739 1620 2845 3120 4082
9094, 1 2 3 4 5
9095, 24641 10248 15878 23548 36007
9100, 17499 18098 20191 24960 26734
9102, 1 2 3 4 5
9106, 1 2 3 4 5
9108, 20189 1 2 3 4
9109, 17258 1 2 3 4
9111, 13951 1 2 3 4
9121, 18757 20105 23798 26869 7283
9125, 1 2 3 4 5
9138, 3394 4692 11394 19948 22805
9139, 1 2 3 4 5
9147, 1 2 3 4 5
9155, 1 2 3 4 5
9156, 1 2 3 4 5
9158, 246 23639 3225 9181 1
9160, 1 2 3 4 5
9161, 29347 12249 446 869 11415
9162, 1 2 3 4 5
9167, 1 2 3 4 5
9168, 10981 21414 24278 33604 1
9170, 34497 5891 12141 25701 2896
9171, 1676 1949 4645 7711 12316
9176, 1 2 3 4 5
9178, 9161 24800 30912 32470 20740
9183, 1 2 3 4 5
9186, 7735 18795 32409 12306 18771
9189, 7375 8460 12244 18639 24605
9192, 1 2 3 4 5
9214, 1 2 3 4 5
9216, 1 2 3 4 5
9219, 21217 16197 1 2 3
9220, 1 2 3 4 5
9222, 25130 32559 34179 14250 9403
9225, 5284 7526 10973 31092 1
9228, 1118 5799 6546 9359 17226
9232, 1 2 3 4 5
9236, 1 2 3 4 5
9245, 32423 1754 24060 10709 11762
9249, 18458 1 2 3 4
9250, 1 2 3 4 5
9253, 3573 13097 14294 21458 33230
9258, 14403 18738 20355 30188 31300
9260, 2439 14153 20301 24615 28939
9263, 224 4792 5455 5500 6514
9267, 1 2 3 4 5
9268, 340 1016 8791 9598 12511
9273, 2144 3118 10816 16879 28248
9275, 1 2 3 4 5
9277, 183 4917 15974 17026 17879
9278, 12984 13218 18691 21180 673
9281, 1 2 3 4 5
9282, 1 2 3 4 5
9284, 1 2 3 4 5
9289, 24787 35272 1 2 3
9290, 1 2 3 4 5
9299, 1 2 3 4 5
9303, 10118 11555 28695 1 2
9304, 29725 1 2 3 4
9310, 1 2 3 4 5
9312, 1 2 3 4 5
9322, 1 2 3 4 5
9331, 14312 35801 2175 5797 6043
9332, 3034 4452 7559 7604 11101
9337, 495 1 2 3 4
9340, 31223 1 2 3 4
9345, 1 2 3 4 5
9347, 2376 16722 21759 23698 24555
9364, 5837 10529 14005 22811 25870
9365, 650 5666 8626 9271 9485
9366, 1 2 3 4 5
9368, 1 2 3 4 5
9369, 1 2 3 4 5
9372, 1 2 3 4 5
9375, 1025 2289 4260 7329 8202
9382, 1 2 3 4 5
9383, 1 2 3 4 5
9388, 2520 15995 26964 27830 29323
9390, 14341 16978 25143 32706 35161
9395, 13931 14027 14592 34851 5067
9396, 1 2 3 4 5
9399, 11245 12306 18247 18771 32860
9401, 1 2 3 4 5
9406, 1 2 3 4 5
9409, 9512 12375 16103 16896 30732
9413, 10181 14345 21177 28418 36137
9416, 1 2 3 4 5
9418, 8908 11644 22726 31228 4736
9420, 1804 25298 2917 13729 28767
9433, 2741 4970 5587 14364 14769
9440, 3089 3241 3948 6956 7000
9441, 5814 1 2 3 4
9448, 5378 7214 7769 8204 8668
9454, 6130 1241 6915 9991 10287
9461, 1 2 3 4 5
9473, 1 2 3 4 5
9474, 1 2 3 4 5
9475, 14920 29347 35194 1997 173
9476, 27594 191 2175 6043 8506
9478, 1 2 3 4 5
9488, 1 2 3 4 5
9491, 9764 1551 2576 2699 5217
9492, 1 2 3 4 5
9495, 4086 8004 1 2 3
9497, 5032 21396 1 2 3
9498, 1 2 3 4 5
9499, 1 2 3 4 5
9503, 1 2 3 4 5
9510, 1 2 3 4 5
9511, 13533 22869 1 2 3
9512, 1690 1932 2180 3368 4144
9513, 29469 1 2 3 4
9514, 7186 3989 17105 17891 19453
9515, 15907 24866 19203 25071 3321
9523, 2321 2764 8486 12703 13445
9533, 5108 9260 9815 22658 24367
9541, 1223 2840 3154 8531 12764
9543, 1 2 3 4 5
9545, 2123 2914 3805 8434 23680
9553, 30582 8919 14432 18191 20680
9554, 5003 17331 19177 22009 26302
9563, 1 2 3 4 5
9569, 3745 10959 11698 14435 18041
9573, 1 2 3 4 5
9574, 1 2 3 4 5
9578, 1 2 3 4 5
9586, 2165 9136 11806 13267 33034
9595, 3862 6231 6806 19435 28958
9596, 1 2 3 4 5
9597, 3331 1 2 3 4
9598, 35950 33396 3896 5087 14276
9606, 5643 18867 1 2 3
9607, 1 2 3 4 5
9608, 4330 14377 17120 19213 20538
9610, 20406 1 2 3 4
9612, 1 2 3 4 5
9615, 1 2 3 4 5
9620, 1 2 3 4 5
9626, 1 2 3 4 5
9631, 1 2 3 4 5
9634, 1 2 3 4 5
9635, 1 2 3 4 5
9636, 35848 4869 28267 37097 1296
9638, 1 2 3 4 5
9640, 1 2 3 4 5
9641, 1 2 3 4 5
9664, 27594 1 2 3 4
9666, 1 2 3 4 5
9669, 1 2 3 4 5
9673, 1 2 3 4 5
9675, 6163 7549 20347 20392 24631
9679, 8842 30256 1596 2779 11236
9683, 1 2 3 4 5
9686, 3058 10408 17223 32507 34816
9689, 1 2 3 4 5
9690, 7327 8776 11553 15351 24497
9693, 1 2 3 4 5
9701, 1 2 3 4 5
9702, 1 2 3 4 5
9708, 30096 2845 4642 6023 6198
9712, 1 2 3 4 5
9714, 6977 10889 13978 21225 23220
9716, 1 2 3 4 5
9722, 15995 27014 16969 23157 26780
9731, 1 2 3 4 5
9740, 4775 6414 7222 13654 15208
9742, 1 2 3 4 5
9744, 1 2 3 4 5
9755, 27925 1 2 3 4
9766, 1 2 3 4 5
9770, 1 2 3 4 5
9771, 1 2 3 4 5
9783, 1 2 3 4 5
9785, 8118 21972 16799 35584 1
9788, 4939 11038 12703 15577 17093
9790, 1 2 3 4 5
9791, 196 946 8792 12510 14972
9792, 13973 19444 8365 15472 17251
9795, 1 2 3 4 5
9802, 1 2 3 4 5
9803, 1 2 3 4 5
9805, 1 2 3 4 5
9806, 1 2 3 4 5
9807, 5449 7391 11014 12883 13821
9808, 1312 3862 6545 6806 10809
9814, 1 2 3 4 5
9815, 238 302 1068 1468 1778
9818, 26937 28835 31170 18196 18084
9822, 17451 4646 29959 33122 35611
9823, 9507 15270 1 2 3
9825, 1 2 3 4 5
9827, 10978 12484 26863 7528 11271
9831, 1 2 3 4 5
9832, 96 802 5265 7049 9795
9833, 20897 1 2 3 4
9835, 1 2 3 4 5
9838, 1 2 3 4 5
9842, 7238 10781 12943 33934 34371
9850, 15254 25997 31178 32196 6415
9854, 1 2 3 4 5
9860, 415 1551 2576 2842 3309
9866, 6044 12792 14756 29775 34324
9868, 1 2 3 4 5
9874, 1 2 3 4 5
9875, 1 2 3 4 5
9880, 79 660 5593 7938 9416
9882, 1 2 3 4 5
9886, 16623 4792 5455 5500 26085
9888, 9013 6087 6439 12812 14285
9889, 1 2 3 4 5
9894, 55 23562 24429 25644 27005
9895, 15193 17432 19424 31948 1296
9907, 6077 21794 29462 1 2
9919, 1 2 3 4 5
9921, 1 2 3 4 5
9923, 1 2 3 4 5
9928, 943 3658 7677 11166 14244
9932, 5067 25147 25268 30606 6545
9935, 12366 1 2 3 4
9936, 1 2 3 4 5
9941, 1 2 3 4 5
9948, 1 2 3 4 5
9950, 1 2 3 4 5
9951, 639 7732 11814 13540 18329
9961, 1 2 3 4 5
9970, 1 2 3 4 5
9979, 1 2 3 4 5
9985, 1 2 3 4 5
9987, 1 2 3 4 5
9995, 1 2 3 4 5
9997, 737 9288 17534 26132 4586
10001, 1856 8735 20217 1 2
10003, 1556 6901 7157 12417 13306
10011, 11324 15849 21308 1 2
10013, 1 2 3 4 5
10020, 1312 6545 13871 18934 19103
10023, 1 2 3 4 5
10024, 1 2 3 4 5
10030, 1 2 3 4 5
10035, 6642 19480 31528 35043 1
10046, 1 2 3 4 5
10050, 4502 1 2 3 4
10056, 6297 12430 3325 6517 9596
10057, 1 2 3 4 5
10062, 1 2 3 4 5
10065, 1 2 3 4 5
10074, 1 2 3 4 5
10086, 965 6791 7141 11130 12691
10093, 2827 7140 10943 15940 20493
10094, 2410 29669 12254 1 2
10096, 1 2 3 4 5
10098, 2512 3848 13603 19606 24733
10108, 2861 1 2 3 4
10109, 2373 2393 4644 5284 7526
10111, 14859 7185 13569 16892 21321
10114, 1 2 3 4 5
10119, 4728 5284 7526 9540 10973
10120, 1 2 3 4 5
10126, 1 2 3 4 5
10127, 1 2 3 4 5
10132, 2159 4591 7399 10900 13669
10134, 1 2 3 4 5
10137, 1 2 3 4 5
10138, 1 2 3 4 5
10145, 1 2 3 4 5
10146, 1 2 3 4 5
10148, 2357 3775 4196 6985 7835
10166, 1 2 3 4 5
10169, 11000 27048 27274 29129 29179
10171, 508 1466 1743 3526 6404
10175, 14684 16599 1 2 3
10183, 4988 475 2941 19871 30051
10189, 1 2 3 4 5
10190, 415 2842 3309 6059 9424
10205, 10571 28719 35227 3109 3467
10207, 15462 16506 1 2 3
10215, 9025 17209 19039 19238 23392
10216, 1 2 3 4 5
10221, 658 1312 6545 11341 13871
10222, 28180 168 1 2 3
10226, 9024 22317 12972 20897 1
10227, 9247 11412 1086 1281 1481
10228, 4938 14702 24855 29653 33898
10232, 1806 4087 4368 4924 9678
10234, 1 2 3 4 5
10244, 1 2 3 4 5
10245, 1 2 3 4 5
10251, 2473 5269 8655 1 2
10252, 1 2 3 4 5
10259, 1 2 3 4 5
10263, 6895 1 2 3 4
10268, 1 2 3 4 5
10270, 23943 1 2 3 4
10276, 2771 16284 1 2 3
10279, 31431 1 2 3 4
10280, 1 2 3 4 5
10289, 11245 12306 18247 18771 32860
10292, 1 2 3 4 5
10293, 18057 2393 27813 30787 1
10295, 84 5878 10267 12743 12913
10297, 1 2 3 4 5
10302, 30670 5643 1 2 3
10305, 1 2 3 4 5
10307, 6900 8857 17525 31429 34221
10308, 9654 26188 27457 1 2
10309, 1 2 3 4 5
10311, 1 2 3 4 5
10312, 1 2 3 4 5
10313, 1 2 3 4 5
10314, 2706 5100 5125 7195 7510
10318, 3467 7115 1 2 3
10325, 22311 9049 12573 13781 14310
10326, 12366 2574 3386 6054 7015
10330, 4137 11381 13827 23275 26176
10340, 1 2 3 4 5
10346, 1 2 3 4 5
10353, 11471 17752 19668 34742 1
10363, 1 2 3 4 5
10364, 1 2 3 4 5
10371, 1 2 3 4 5
10378, 1 2 3 4 5
10380, 31403 34139 29889 1508 1956
10383, 1 2 3 4 5
10384, 739 4202 4445 5939 6305
10386, 1 2 3 4 5
10391, 1 2 3 4 5
10399, 1 2 3 4 5
10402, 1 2 3 4 5
10404, 1 2 3 4 5
10405, 1 2 3 4 5
10406, 563 2838 7106 16639 18698
10407, 1 2 3 4 5
10408, 1 2 3 4 5
10416, 1 2 3 4 5
10418, 1 2 3 4 5
10419, 8668 13802 21571 1 2
10423, 1 2 3 4 5
10424, 1 2 3 4 5
10438, 18431 7900 12782 25426 36881
10439, 6414 13654 15208 18912 19460
10443, 18247 32860 36064 5554 10622
10445, 19052 19275 28019 1 2
10450, 1 2 3 4 5
10452, 1 2 3 4 5
10454, 1 2 3 4 5
10455, 11092 13257 22087 25180 28928
10456, 985 9187 10998 28379 29394
10459, 1 2 3 4 5
10465, 2403 6544 13949 26554 27156
10466, 1 2 3 4 5
10468, 3298 26632 1 2 3
10474, 1 2 3 4 5
10482, 1 2 3 4 5
10491, 1 2 3 4 5
10496, 1 2 3 4 5
10503, 1 2 3 4 5
10504, 1 2 3 4 5
10511, 1 2 3 4 5
10515, 1 2 3 4 5
10516, 11553 15351 24497 27770 31292
10518, 29025 6433 15518 23325 24406
10519, 1 2 3 4 5
10521, 1 2 3 4 5
10522, 6514 7181 31243 190 1
10525, 6029 6400 11566 15343 24727
10527, 13388 18735 6828 13503 15897
10533, 27027 396 5789 22103 36190
10542, 1 2 3 4 5
10544, 1 2 3 4 5
10547, 545 5798 9849 24359 31190
10548, 1 2 3 4 5
10550, 4863 26013 17131 23739 7682
10553, 31057 1 2 3 4
10560, 1 2 3 4 5
10565, 12597 2906 8316 9369 31615
10570, 1 2 3 4 5
10573, 35536 214 719 793 1248
10580, 1 2 3 4 5
10582, 1 2 3 4 5
10584, 9788 1523 1676 1949 2149
10589, 1 2 3 4 5
10596, 1 2 3 4 5
10600, 1 2 3 4 5
10601, 1 2 3 4 5
10602, 1 2 3 4 5
10613, 1 2 3 4 5
10622, 134 4651 29237 1 2
10625, 1 2 3 4 5
10630, 15606 686 1690 7077 9033
10633, 1 2 3 4 5
10636, 1 2 3 4 5
10638, 1 2 3 4 5
10646, 5739 5764 6863 11106 15905
10649, 1 2 3 4 5
10652, 1 2 3 4 5
10654, 9022 9182 9201 9284 9988
10656, 1 2 3 4 5
10659, 30792 3339 19160 3878 11250
10665, 5874 6266 14164 18019 18493
10672, 1 2 3 4 5
10675, 1 2 3 4 5
10676, 1 2 3 4 5
10679, 1 2 3 4 5
10682, 31392 8857 31429 36805 1
10683, 1 2 3 4 5
10685, 580 16152 16347 17722 20632
10690, 35371 1 2 3 4
10691, 1 2 3 4 5
10697, 1 2 3 4 5
10699, 1 2 3 4 5
10704, 1 2 3 4 5
10715, 1 2 3 4 5
10719, 1 2 3 4 5
10721, 585 8310 14794 18030 18977
10722, 1 2 3 4 5
10723, 1 2 3 4 5
10728, 1 2 3 4 5
10733, 1 2 3 4 5
10734, 2726 6610 9278 36202 1
10735, 1 2 3 4 5
10742, 9436 16521 25769 31396 33955
10744, 1 2 3 4 5
10747, 7283 1 2 3 4
10748, 25854 415 2321 2842 3309
10749, 1 2 3 4 5
10750, 1 2 3 4 5
10752, 464 36929 6130 21360 1
10755, 1 2 3 4 5
10759, 1 2 3 4 5
10761, 3586 30030 31934 1 2
10763, 5230 15461 911 4969 6298
10764, 237 12732 15866 18779 27999
10765, 1 2 3 4 5
10772, 1 2 3 4 5
10775, 1 2 3 4 5
10778, 1 2 3 4 5
10784, 1 2 3 4 5
10790, 5820 25184 28662 35463 1
10794, 1122 1131 5820 11331 15273
10799, 9853 1 2 3 4
10800, 4869 21404 28267 37097 25130
10809, 1 2 3 4 5
10813, 1 2 3 4 5
10815, 1 2 3 4 5
10818, 1 2 3 4 5
10820, 5724 36250 3747 12474 13115
10821, 1012 14469 28542 1 2
10822, 3434 3966 10711 19016 19657
10823, 1 2 3 4 5
10827, 537 1 2 3 4
10830, 1 2 3 4 5
10833, 3446 4242 17842 19357 22088
10834, 1302 8376 21001 21357 25748
10838, 22224 22387 31223 34947 1
10840, 1 2 3 4 5
10841, 1 2 3 4 5
10842, 6652 14808 16801 28202 28233
10843, 8716 14129 32997 1 2
10846, 5643 1 2 3 4
10851, 1 2 3 4 5
10852, 1 2 3 4 5
10858, 1 2 3 4 5
10861, 512 729 1213 4696 14557
10862, 1 2 3 4 5
10865, 14246 25737 1 2 3
10867, 673 2159 3473 3644 4591
10868, 1 2 3 4 5
10873, 2609 5874 6922 11119 13578
10874, 1 2 3 4 5
10880, 1 2 3 4 5
10881, 11398 5032 21396 33974 13515
10884, 7060 24773 34937 1 2
10892, 26476 34507 36193 1 2
10896, 1 2 3 4 5
10897, 1 2 3 4 5
10898, 1 2 3 4 5
10917, 9241 23510 35000 1 2
10919, 1 2 3 4 5
10921, 1 2 3 4 5
10923, 34815 2042 10296 32569 33895
10924, 7913 1 2 3 4
10925, 1 2 3 4 5
10926, 1 2 3 4 5
10928, 20467 31606 32838 1099 1522
10931, 8264 29694 6582 7566 7626
10932, 2255 19019 1 2 3
10941, 26928 11206 15369 23779 36965
10958, 5327 1 2 3 4
10962, 20396 20656 5134 5337 8263
10965, 1 2 3 4 5
10966, 1 2 3 4 5
10967, 1791 22484 29423 33591 13818
10970, 1 2 3 4 5
10972, 14488 17795 26952 31561 33853
10974, 1 2 3 4 5
10975, 1 2 3 4 5
10976, 28255 1 2 3 4
10977, 1 2 3 4 5
10978, 6414 13654 18912 19460 15224
10979, 1 2 3 4 5
10980, 4617 14312 14950 15865 18296
10982, 246 23639 1 2 3
10983, 4683 26655 31374 11947 24214
10986, 1 2 3 4 5
10987, 5062 6118 12924 15745 16166
10989, 1 2 3 4 5
10994, 3321 5492 13926 15367 19971
10999, 22006 35675 1 1265 3714
11002, 1 2 3 4 5
11005, 1 2 3 4 5
11012, 32290 31396 10419 16521 25635
11016, 1 2 3 4 5
11027, 1 2 3 4 5
11031, 1 2 3 4 5
11033, 1 2 3 4 5
11034, 1 2 3 4 5
11037, 1 2 3 4 5
11042, 21610 26471 28281 33394 1
11045, 16846 1627 1296 7178 18022
11047, 427 5193 11792 13351 16848
11062, 30222 1 2 3 4
11064, 36217 17499 18098 18410 20191
11066, 7852 5010 7005 8562 16269
11067, 8827 10846 13407 15571 29096
11068, 1 2 3 4 5
11072, 1 2 3 4 5
11077, 1 2 3 4 5
11078, 1 2 3 4 5
11081, 34979 1 2 3 4
11083, 1 2 3 4 5
11090, 1 2 3 4 5
11094, 19342 36803 1 2 3
11103, 1 2 3 4 5
11105, 9512 12375 16103 16896 30732
11111, 7724 16524 19325 2042 15236
11113, 1 2 3 4 5
11114, 1 2 3 4 5
11120, 238 20177 1 2 3
11124, 1 2 3 4 5
11126, 4130 36259 1651 2174 5570
11127, 1 2 3 4 5
11129, 1 2 3 4 5
11130, 1 2 3 4 5
11132, 1 2 3 4 5
11133, 18946 35551 1 2 3
11134, 18407 26952 31561 33853 33997
11135, 1 2 3 4 5
11137, 11594 29044 8919 18191 20680
11138, 15250 18858 28015 30914 15354
11142, 1 2 3 4 5
11152, 1 2 3 4 5
11160, 1 2 3 4 5
11161, 1 2 3 4 5
11166, 1 2 3 4 5
11172, 4535 4613 5904 6241 6518
11174, 1 2 3 4 5
11178, 6955 12444 16391 25528 1
11179, 1 2 3 4 5
11183, 1 2 3 4 5
11185, 4200 19002 32520 33209 1
11186, 1 2 3 4 5
11187, 1 2 3 4 5
11197, 1 2 3 4 5
11199, 354 1370 12749 16589 17599
11202, 1 2 3 4 5
11203, 1 2 3 4 5
11213, 1 2 3 4 5
11214, 5961 21908 2217 5122 26955
11215, 16777 1 2 3 4
11228, 3192 15304 15381 22306 29627
11229, 1 2 3 4 5
11235, 28020 1 2 3 4
11236, 19666 1 2 3 4
11240, 1 2 3 4 5
11243, 2478 17931 103 5457 7723
11244, 1 2 3 4 5
11255, 1 2 3 4 5
11264, 1 2 3 4 5
11265, 3101 7239 8175 11895 29830
11273, 1 2 3 4 5
11288, 1 2 3 4 5
11294, 1 2 3 4 5
11299, 1 2 3 4 5
11303, 3312 7108 19437 21877 21947
11308, 15787 1 2 3 4
11313, 1 2 3 4 5
11321, 1 2 3 4 5
11326, 4952 11577 15843 7524 29152
11329, 5284 7526 8453 10973 31092
11330, 3573 13097 14294 21458 33230
11332, 1 2 3 4 5
11333, 1 2 3 4 5
11340, 27850 34854 9713 1 2
11344, 3088 3129 2165 2335 3101
11347, 1 2 3 4 5
11350, 17589 1 2 3 4
11352, 453 11206 15369 1025 1880
11353, 3331 2352 6286 6399 9981
11355, 1932 4353 24338 55 1534
11359, 2333 16554 19639 20210 22673
11365, 1921 4305 6209 7640 8107
11369, 1 2 3 4 5
11373, 1 2 3 4 5
11374, 600 16473 30020 36381 25997
11379, 18218 30378 31453 4143 8353
11381, 1 2 3 4 5
11383, 7101 22109 30962 1 2
11385, 1 2 3 4 5
11398, 28189 1 2 3 4
11400, 1 2 3 4 5
11404, 1 2 3 4 5
11408, 1 2 3 4 5
11425, 1 2 3 4 5
11430, 1 2 3 4 5
11431, 3487 4854 13242 15771 22908
11434, 16291 35117 1 2 3
11435, 1 2 3 4 5
11436, 22809 35212 16798 8714 31335
11441, 29694 1 2 3 4
11448, 1 2 3 4 5
11449, 20321 1 2 3 4
11452, 5510 7742 15982 30188 31551
11453, 2861 1 2 3 4
11458, 25496 21738 35511 1 2
11466, 1 2 3 4 5
11468, 12306 18771 33975 1 2
11482, 1 2 3 4 5
11494, 1840 3754 8091 8144 11957
11496, 1 2 3 4 5
11499, 14195 31431 18597 1564 2407
11503, 1 2 3 4 5
11504, 1235 18940 5180 757 8098
11505, 354 1370 12749 16589 17599
11507, 1 2 3 4 5
11508, 1 2 3 4 5
11510, 415 2842 3309 9424 9839
11511, 85 3399 8657 13303 20047
11517, 1 2 3 4 5
11522, 1 2 3 4 5
11525, 1 2 3 4 5
11526, 1 2 3 4 5
11527, 19126 25818 275 1213 3420
11528, 11000 11621 12366 27274 29129
11537, 1 2 3 4 5
11538, 1 2 3 4 5
11539, 4581 4852 7962 8830 9791
11541, 1 2 3 4 5
11543, 1 2 3 4 5
11544, 1 2 3 4 5
11549, 20897 1 2 3 4
11552, 1 2 3 4 5
11553, 26598 1 2 3 4
11560, 1 2 3 4 5
11569, 1 2 3 4 5
11578, 1 2 3 4 5
11579, 6557 20685 33657 1 2
11587, 2511 776 12205 1 2
11588, 21087 1 2 3 4
11591, 1 2 3 4 5
11594, 35298 1 2 3 4
11597, 1 2 3 4 5
11598, 1 2 3 4 5
11600, 1 2 3 4 5
11602, 19753 23535 27907 6086 25480
11609, 21900 34672 557 2349 2646
11619, 1 2 3 4 5
11622, 9786 24622 29823 1564 2407
11623, 394 1537 2271 11306 19668
11625, 1 2 3 4 5
11631, 1 2 3 4 5
11632, 1 2 3 4 5
11635, 1 2 3 4 5
11636, 5891 12141 25701 1 2
11638, 1 2 3 4 5
11641, 1 2 3 4 5
11642, 9446 14888 15102 17751 19333
11655, 2321 25896 21478 30303 36289
11656, 1 2 3 4 5
11657, 658 1312 6545 11341 13871
11658, 1 2 3 4 5
11659, 9 1984 6514 9882 12474
11665, 13027 36750 29176 17978 1
11669, 1 2 3 4 5
11670, 15842 15954 16869 18266 25308
11676, 1 2 3 4 5
11678, 1312 6545 10809 13871 20404
11679, 1 2 3 4 5
11689, 6414 13654 15208 18912 19460
11697, 1 2 3 4 5
11700, 4562 14708 1 2 3
11701, 1 2 3 4 5
11707, 1 2 3 4 5
11708, 2439 14153 28939 34189 8735
11711, 5613 10074 11444 14090 30786
11713, 1 2 3 4 5
11728, 1 2 3 4 5
11729, 739 5939 14552 17530 21681
11731, 1 2 3 4 5
11735, 1 2 3 4 5
11736, 1 2 3 4 5
11737, 1 2 3 4 5
11739, 31134 3585 10124 17163 24061
11740, 1 2 3 4 5
11750, 6130 1066 3580 4023 13247
11751, 1 2 3 4 5
11755, 26152 1 2 3 4
11757, 1 2 3 4 5
11759, 14837 15266 1 2 3
11760, 1 2 3 4 5
11763, 8742 5027 10354 12351 33151
11770, 1 2 3 4 5
11782, 1670 4134 19877 22466 30181
11783, 20511 1 2 3 4
11791, 4869 28267 37097 1086 2475
11793, 1 2 3 4 5
11803, 1 2 3 4 5
11805, 27155 1 2 3 4
11812, 1 2 3 4 5
11820, 596 19038 21231 25458 32432
11828, 9429 30375 31723 1 2
11836, 29596 161 10821 19328 810
11847, 1 2 3 4 5
11849, 1 2 3 4 5
11850, 1 2 3 4 5
11854, 1 2 3 4 5
11858, 1 2 3 4 5
11859, 8634 23393 1 2 3
11863, 1 2 3 4 5
11867, 8195 12389 27701 31312 19675
11869, 1000 1459 5251 8397 13610
11873, 686 1857 7077 11635 17709
11878, 1 2 3 4 5
11881, 1 2 3 4 5
11884, 1 2 3 4 5
11888, 1 2 3 4 5
11890, 26952 31561 33853 33997 12836
11894, 3192 7536 9956 15304 15381
11897, 1 2 3 4 5
11900, 1 2 3 4 5
11901, 10658 15609 22323 31403 1066
11902, 1 2 3 4 5
11905, 249 7755 13657 1 2
11907, 12161 1 2 3 4
11908, 1 2 3 4 5
11911, 1 2 3 4 5
11914, 1 2 3 4 5
11918, 1 2 3 4 5
11920, 4869 28267 37097 2627 8301
11922, 1 2 3 4 5
11924, 31422 452 9167 12243 21886
11929, 2764 8486 12703 26490 29942
11932, 1 2 3 4 5
11936, 1 2 3 4 5
11948, 1 2 3 4 5
11957, 1 2 3 4 5
11959, 36193 26476 1 2 3
11961, 36397 27137 209 1122 1131
11965, 1 2 3 4 5
11966, 1 2 3 4 5
11967, 988 7288 8115 11152 29462
11972, 7088 1114 7175 10407 13577
11976, 9512 12375 16103 16896 30732
11980, 1 2 3 4 5
11983, 1 2 3 4 5
11986, 1 2 3 4 5
11990, 737 1028 2707 9288 11127
11991, 34370 1 2 3 4
11994, 1 2 3 4 5
12004, 7583 10498 17341 25548 36776
12005, 1 2 3 4 5
12006, 1 2 3 4 5
12008, 1 2 3 4 5
12012, 1 2 3 4 5
12013, 2539 14993 3862 6806 11265
12018, 1 2 3 4 5
12024, 15942 36591 36722 8063 16137
12029, 1 2 3 4 5
12031, 1 2 3 4 5
12035, 1 2 3 4 5
12036, 1 2 3 4 5
12038, 1 2 3 4 5
12041, 21185 1 2 3 4
12050, 17499 18098 20191 24960 26734
12051, 1 2 3 4 5
12057, 18181 34900 36099 12366 1
12058, 1 2 3 4 5
12061, 1 2 3 4 5
12063, 1152 1 2 3 4
12065, 1 2 3 4 5
12068, 1 2 3 4 5
12069, 1943 10694 14703 24872 25125
12070, 20743 1 2 3 4
12072, 2149 5084 8296 11656 29204
12081, 4618 8131 19716 27032 28378
12091, 13226 14015 14359 17419 27688
12102, 6362 22584 1 2 3
12106, 1 2 3 4 5
12107, 1 2 3 4 5
12110, 19275 28019 15359 16969 23157
12113, 1 2 3 4 5
12117, 11250 23734 36904 3339 3878
12119, 1 2 3 4 5
12123, 1 2 3 4 5
12125, 1 2 3 4 5
12128, 1 2 3 4 5
12129, 5278 29204 1882 7336 9211
12130, 9073 1 2 3 4
12132, 3989 5378 7186 7214 7769
12139, 23993 27966 29950 1 2
12142, 1 2 3 4 5
12143, 1 2 3 4 5
12146, 6605 33814 2957 6085 16240
12157, 15772 17353 1 2 3
12158, 1 2 3 4 5
12161, 1 2 3 4 5
12164, 1 2 3 4 5
12166, 12249 28259 11659 13487 16088
12174, 1 2 3 4 5
12179, 12583 2847 11337 16284 1
12180, 1 2 3 4 5
12183, 1 2 3 4 5
12184, 1 2 3 4 5
12188, 1 2 3 4 5
12189, 4619 5643 5778 32796 34976
12191, 1 2 3 4 5
12192, 794 14733 16788 20423 22557
12200, 1 2 3 4 5
12210, 1 2 3 4 5
12212, 27599 1564 2407 4596 5576
12219, 1 2 3 4 5
12227, 12323 18087 10248 15878 23548
12229, 10118 13183 13951 15650 28695
12230, 1 2 3 4 5
12239, 13566 3233 1 2 3
12250, 3420 3536 4771 11149 19126
12256, 1 2 3 4 5
12258, 1 2 3 4 5
12264, 2046 3434 18952 24346 28329
12265, 1 2 3 4 5
12270, 11713 16296 14119 23798 25501
12273, 1 2 3 4 5
12276, 1 2 3 4 5
12278, 1 2 3 4 5
12281, 609 22687 1 2 3
12284, 3424 1 2 3 4
12289, 1 2 3 4 5
12293, 1 2 3 4 5
12295, 1 2 3 4 5
12296, 1505 11491 16561 19313 19703
12298, 4573 6751 6993 12476 12831
12307, 6339 25411 32438 10986 26852
12311, 1 2 3 4 5
12312, 1 2 3 4 5
12317, 25536 9073 12782 25426 32374
12321, 1 2 3 4 5
12327, 1 2 3 4 5
12333, 4151 4831 10309 21315 37100
12335, 1 2 3 4 5
12337, 21689 1 2 3 4
12340, 1 2 3 4 5
12344, 34221 1 2 3 4
12346, 5891 12141 25701 1 2
12348, 8938 17477 21110 1 2
12349, 1 2 3 4 5
12350, 21610 26471 28281 33394 1
12353, 1 2 3 4 5
12357, 1093 1935 2957 8414 11310
12358, 1 2 3 4 5
12359, 1 2 3 4 5
12362, 1 2 3 4 5
12365, 1 2 3 4 5
12369, 821 1278 5368 11883 16783
12374, 1 2 3 4 5
12379, 1 2 3 4 5
12384, 1 2 3 4 5
12396, 1 2 3 4 5
12403, 1 2 3 4 5
12406, 1 2 3 4 5
12407, 3434 5009 20414 17258 1
12410, 1 2 3 4 5
12414, 1880 1928 11866 16039 18780
12417, 1 2 3 4 5
12422, 1 2 3 4 5
12423, 9817 15289 20033 20265 20987
12429, 1 2 3 4 5
12433, 1122 1131 15273 17405 26140
12438, 1 2 3 4 5
12445, 2268 10582 13993 3565 3530
12447, 1 2 3 4 5
12448, 21571 1 2 3 4
12450, 1 2 3 4 5
12453, 1 2 3 4 5
12454, 6099 11471 17752 19456 34742
12457, 31560 430 13399 15976 1
12458, 1 2 3 4 5
12466, 5416 27022 23328 296 1943
12470, 1 2 3 4 5
12471, 1 2 3 4 5
12472, 1 2 3 4 5
12474, 51 5074 5565 13302 27728
12477, 1 2 3 4 5
12485, 6006 12138 12477 13753 13997
12487, 1 2 3 4 5
12488, 171 2159 3162 4591 7248
12496, 5973 10942 21114 24285 1
12502, 1 2 3 4 5
12512, 6392 9926 12394 14745 17103
12513, 1 2 3 4 5
12518, 823 7007 30056 30850 31648
12527, 1 2 3 4 5
12530, 1 2 3 4 5
12532, 1 2 3 4 5
12536, 1 2 3 4 5
12540, 28376 1455 4355 10819 14213
12542, 1 2 3 4 5
12543, 1 2 3 4 5
12546, 1139 5643 5959 9623 14575
12551, 1 2 3 4 5
12553, 14341 16978 25143 32706 35161
12555, 1 2 3 4 5
12556, 552 35796 36708 1 2
12560, 1 2 3 4 5
12561, 1 2 3 4 5
12562, 10243 10618 1 2 3
12567, 3331 21489 24085 35703 196
12569, 36805 5268 9235 1 2
12570, 1 2 3 4 5
12573, 1 2 3 4 5
12576, 1 2 3 4 5
12582, 1 2 3 4 5
12586, 1 2 3 4 5
12587, 21433 1 2 3 4
12592, 1 2 3 4 5
12595, 1571 1649 32484 25368 1
12600, 1 2 3 4 5
12602, 30710 32215 276 1621 2476
12604, 1 2 3 4 5
12612, 1 2 3 4 5
12622, 2253 4743 23535 24056 27907
12623, 1 2 3 4 5
12628, 975 11727 23045 29052 30702
12630, 1 2 3 4 5
12633, 1 2 3 4 5
12636, 1 2 3 4 5
12637, 1 2 3 4 5
12641, 1 2 3 4 5
12642, 1 2 3 4 5
12643, 3120 4082 4448 4658 10846
12649, 3025 23843 11573 35057 12249
12651, 1 2 3 4 5
12652, 1 2 3 4 5
12662, 9281 22281 11484 20321 1
12668, 1 2 3 4 5
12670, 1097 2092 8474 14554 11948
12674, 1825 6307 6714 10707 15778
12682, 5787 7396 10567 10719 18893
12685, 1 2 3 4 5
12686, 1 2 3 4 5
12689, 1 2 3 4 5
12695, 1118 2393 5799 6546 9359
12696, 1 2 3 4 5
12697, 1 2 3 4 5
12699, 1 2 3 4 5
12705, 1 2 3 4 5
12707, 6639 15937 1 2 3
12708, 31416 1343 21185 5173 6786
12709, 1 2 3 4 5
12710, 1 2 3 4 5
12713, 1 2 3 4 5
12714, 1 2 3 4 5
12720, 475 23996 1 2 3
12722, 5891 12141 25701 34909 1
12726, 1 2 3 4 5
12728, 1 2 3 4 5
12736, 1 2 3 4 5
12738, 1 2 3 4 5
12739, 4363 1 2 3 4
12744, 1 2 3 4 5
12747, 3134 6253 10718 14111 18492
12749, 9512 12375 16103 16896 30732
12752, 2845 4637 6418 7407 7683
12755, 1 2 3 4 5
12757, 1 2 3 4 5
12759, 7060 24773 34937 18691 21180
12763, 16521 1 2 3 4
12764, 1 2 3 4 5
12767, 1 2 3 4 5
12769, 2799 6980 8234 8522 10846
12770, 1 2 3 4 5
12773, 3478 1 2 3 4
12775, 1 2 3 4 5
12778, 1 2 3 4 5
12779, 1 2 3 4 5
12781, 1 2 3 4 5
12795, 1 2 3 4 5
12796, 1 2 3 4 5
12797, 1 2 3 4 5
12798, 1 2 3 4 5
12799, 18695 21528 9817 15289 28295
12800, 1 2 3 4 5
12801, 3651 11245 12392 18247 31634
12814, 1 2 3 4 5
12818, 27813 1 2 3 4
12819, 1 2 3 4 5
12820, 1 2 3 4 5
12826, 4706 7695 8783 13511 17691
12827, 1 2 3 4 5
12829, 1 2 3 4 5
12830, 1 2 3 4 5
12832, 1 2 3 4 5
12836, 22751 13418 33147 4534 23881
12837, 1 2 3 4 5
12839, 2136 4728 9540 20897 1034
12847, 1 2 3 4 5
12849, 1 2 3 4 5
12850, 1 2 3 4 5
12852, 1 2 3 4 5
12855, 1 2 3 4 5
12858, 3939 6698 18646 26084 1
12859, 1 2 3 4 5
12861, 9004 17729 24704 1 2
12862, 4460 5180 24968 27797 32776
12863, 1 2 3 4 5
12872, 1 2 3 4 5
12882, 4150 4625 15132 17329 26637
12883, 1997 27623 29911 1 2
12886, 1 2 3 4 5
12887, 1 2 3 4 5
12888, 720 9364 9911 22386 23024
12892, 1 2 3 4 5
12895, 26598 1 2 3 4
12898, 1 2 3 4 5
12900, 1 2 3 4 5
12901, 2941 1 2 3 4
12908, 13303 21136 21275 24956 26698
12916, 1 2 3 4 5
12917, 592 12796 15047 19442 19631
12928, 1 2 3 4 5
12929, 1 2 3 4 5
12932, 369 11169 17318 23667 26244
12934, 29394 30110 1 2 3
12936, 1 2 3 4 5
12942, 30111 8383 10846 11240 13407
12948, 21433 1 2 3 4
12949, 1 2 3 4 5
12950, 1 2 3 4 5
12956, 1 2 3 4 5
12958, 34557 1 2 3 4
12966, 2480 3806 5326 9755 12207
12968, 13866 26952 31561 33853 33997
12974, 1 2 3 4 5
12975, 2255 4534 13418 19019 33147
12978, 1 2 3 4 5
12980, 1 2 3 4 5
12981, 1 2 3 4 5
12985, 7222 4581 4852 7962 8830
12986, 13937 27763 29438 34053 1
12992, 26152 1 2 3 4
12996, 293 1493 4682 4775 5367
12999, 1956 1 2 3 4
13001, 5557 15165 21177 28418 31637
13003, 1 2 3 4 5
13004, 1 2 3 4 5
13005, 2602 4297 4760 7288 8115
13009, 1 2 3 4 5
13010, 3580 5787 7898 10567 10719
13012, 35212 1 2 3 4
13018, 2637 7227 13486 23592 25958
13019, 17723 1 2 3 4
13020, 1 2 3 4 5
13023, 1 2 3 4 5
13025, 16123 1 2 3 4
13030, 1 2 3 4 5
13031, 1 2 3 4 5
13037, 1 2 3 4 5
13039, 1 2 3 4 5
13040, 1 2 3 4 5
13043, 6133 7869 19121 1034 6012
13044, 28255 1 2 3 4
13048, 1 2 3 4 5
13049, 933 7506 1 2 3
13065, 1 2 3 4 5
13068, 1 2 3 4 5
13073, 7677 943 25761 36050 1
13075, 1 2 3 4 5
13076, 1 2 3 4 5
13090, 32302 1 2 3 4
13097, 1 2 3 4 5
13104, 1 2 3 4 5
13105, 1514 4706 7695 8783 10297
13110, 1 2 3 4 5
13113, 1 2 3 4 5
13114, 28939 2439 14153 34189 1
13124, 1 2 3 4 5
13125, 1 2 3 4 5
13129, 3517 7798 8041 11811 12215
13131, 1 2 3 4 5
13138, 1 2 3 4 5
13144, 1 2 3 4 5
13145, 1 2 3 4 5
13157, 640 4094 6131 9739 14205
13161, 81 2179 4330 11450 12126
13162, 1 2 3 4 5
13163, 18247 23535 27907 32860 36368
13173, 3538 3819 33890 1 2
13176, 2663 8400 12213 14730 23863
13177, 683 21086 32552 34836 1
13182, 21183 3062 6493 9817 15289
13184, 3807 8316 9369 28487 31615
13187, 11250 23734 36904 3339 3878
13190, 1 2 3 4 5
13194, 1 2 3 4 5
13195, 9474 11124 36438 2180 4971
13201, 1 2 3 4 5
13204, 1 2 3 4 5
13205, 17902 1 2 3 4
13208, 1 2 3 4 5
13211, 1 2 3 4 5
13212, 8848 5284 7526 10973 12225
13214, 1 2 3 4 5
13215, 2439 14153 28939 34189 1
13216, 1 2 3 4 5
13217, 1 2 3 4 5
13226, 18134 4869 14856 20832 22454
13228, 1 2 3 4 5
13230, 3467 7115 23925 16810 25616
13236, 5459 16211 16647 29365 34703
13249, 1 2 3 4 5
13252, 15838 33795 1 2 3
13258, 1 2 3 4 5
13261, 739 5939 14552 20466 21681
13264, 1 2 3 4 5
13268, 2202 3938 8806 10665 11491
13273, 26254 1 2 3 4
13274, 1 2 3 4 5
13277, 3015 21369 22832 25572 1
13278, 1 2 3 4 5
13280, 1 2 3 4 5
13281, 1 2 3 4 5
13283, 1 2 3 4 5
13284, 2065 12262 15032 21576 28204
13285, 1 2 3 4 5
13286, 3580 17075 29997 30231 31956
13287, 1 2 3 4 5
13289, 1 2 3 4 5
13290, 22770 1 2 3 4
13294, 1 2 3 4 5
13295, 1000 1453 1459 3473 3644
13303, 1 2 3 4 5
13304, 1 2 3 4 5
13308, 29153 19139 35018 1 2
13310, 30447 1 2 3 4
13316, 3424 1 2 3 4
13317, 22477 1 2 3 4
13319, 1 2 3 4 5
13322, 1564 2407 6439 8968 9013
13326, 1 2 3 4 5
13328, 3966 6433 8365 10711 13973
13332, 1 2 3 4 5
13336, 1 2 3 4 5
13338, 34460 3370 6077 7563 8046
13347, 4697 10926 11241 12837 36631
13352, 587 5470 35310 5642 27933
13355, 1 2 3 4 5
13357, 2975 14492 3866 26589 33840
13364, 1 2 3 4 5
13368, 4229 15281 21360 1 2
13371, 5180 29095 7399 8073 15533
13373, 11178 1 2 3 4
13374, 5643 18867 1 2 3
13376, 2445 30940 1 2 3
13377, 1 2 3 4 5
13388, 1 2 3 4 5
13391, 7088 1114 33895 10781 12943
13402, 1 2 3 4 5
13404, 1 2 3 4 5
13406, 1 2 3 4 5
13409, 18293 20263 1 2 3
13410, 12703 26490 28376 29942 31009
13420, 689 1235 6605 13651 21373
13425, 12470 12966 25532 1 2
13426, 1 2 3 4 5
13432, 1 2 3 4 5
13438, 446 11415 11834 17642 33488
13439, 1 2 3 4 5
13440, 3080 4297 11363 23561 27291
13449, 1 2 3 4 5
13451, 1 2 3 4 5
13452, 1 2 3 4 5
13456, 1 2 3 4 5
13457, 1 2 3 4 5
13458, 15098 26278 30446 331 1937
13459, 1 2 3 4 5
13460, 1407 4582 5127 6679 14219
13463, 1 2 3 4 5
13464, 1 2 3 4 5
13466, 23695 2866 26096 1 2
13467, 35 1514 13475 13872 14569
13468, 1 2 3 4 5
13471, 5551 1 2 3 4
13473, 1 2 3 4 5
13488, 305 11316 12051 20802 22639
13489, 1 2 3 4 5
13490, 25705 31468 1 2 3
13493, 31995 2243 2496 10605 14842
13495, 1122 1131 8923 15273 17405
13505, 1527 1661 7686 10651 12757
13512, 529 23021 901 989 13743
13513, 6977 10889 191 1596 2703
13514, 1012 14469 28542 6094 6515
13515, 1 2 3 4 5
13517, 31323 1 2 3 4
13519, 1 2 3 4 5
13520, 1 2 3 4 5
13529, 5814 1 2 3 4
13542, 1 2 3 4 5
13545, 2711 1 2 3 4
13549, 3046 6608 9165 3263 10297
13555, 1 2 3 4 5
13557, 1 2 3 4 5
13559, 446 11415 11834 17642 33488
13567, 20798 25400 26833 1 2
13569, 6412 7105 14070 15235 17337
13573, 596 922 1296 2456 5169
13574, 1 2 3 4 5
13576, 1472 13206 23052 1 2
13580, 8316 9369 31615 1 2
13590, 1 2 3 4 5
13591, 2159 3162 4591 7248 10900
13592, 1 2 3 4 5
13595, 1670 4134 19877 22466 30639
13598, 868 908 3932 6216 8024
13603, 1 2 3 4 5
13607, 11684 18085 19384 20020 20096
13615, 1 2 3 4 5
13624, 3870 20312 23620 27310 28539
13625, 1 2 3 4 5
13635, 1 2 3 4 5
13641, 9529 21709 6415 1 2
13644, 1 2 3 4 5
13649, 10248 12316 15832 15878 18087
13650, 1 2 3 4 5
13651, 1 2 3 4 5
13652, 427 5193 13351 16848 19205
13655, 1 2 3 4 5
13657, 15945 30286 1 2 3
13662, 5082 11125 13869 15755 31084
13665, 1 2 3 4 5
13668, 1 2 3 4 5
13670, 2048 10602 5412 6241 9072
13674, 1 2 3 4 5
13676, 26362 94 1869 2338 3349
13679, 1 2 3 4 5
13681, 3101 5163 7239 8175 11895
13692, 1637 4526 7615 8575 13084
13710, 1 2 3 4 5
13723, 2144 3118 4812 10816 16015
13736, 1 2 3 4 5
13740, 1122 6791 17059 29733 1131
13741, 1 2 3 4 5
13744, 20811 30392 17432 19424 26851
13752, 1 2 3 4 5
13754, 1508 1956 2025 2810 3081
13764, 1 2 3 4 5
13765, 1281 1481 2063 5262 7032
13778, 1 2 3 4 5
13779, 19118 19735 23139 26952 31561
13781, 15292 15929 23805 66 2422
13783, 1 2 3 4 5
13786, 1 2 3 4 5
13788, 1 2 3 4 5
13794, 32820 36064 3651 12306 18247
13796, 1 2 3 4 5
13800, 1 2 3 4 5
13801, 1 2 3 4 5
13814, 12161 1242 17062 26027 26610
13817, 6378 9418 10753 13450 15560
13820, 1 2 3 4 5
13821, 33227 1 2 3 4
13824, 24110 26164 1 2 3
13834, 1 2 3 4 5
13835, 1 2 3 4 5
13836, 1 2 3 4 5
13838, 1 2 3 4 5
13839, 1 2 3 4 5
13855, 1 2 3 4 5
13858, 1 2 3 4 5
13863, 1 2 3 4 5
13869, 1 2 3 4 5
13873, 36939 1 2 3 4
13876, 1 2 3 4 5
13883, 1 2 3 4 5
13886, 1 2 3 4 5
13890, 3634 23535 24056 27907 1
13892, 1 2 3 4 5
13895, 1 2 3 4 5
13899, 1 2 3 4 5
13908, 1 2 3 4 5
13918, 1 2 3 4 5
13919, 1 2 3 4 5
13920, 1 2 3 4 5
13921, 1 2 3 4 5
13922, 1564 2407 8968 10629 16363
13924, 13060 4845 31976 1023 1409
13925, 6961 31733 1 2 3
13928, 31995 2427 4649 15861 18391
13935, 6947 29532 1 2 3
13936, 1 2 3 4 5
13940, 1 2 3 4 5
13942, 9341 9803 11535 17791 19074
13951, 1 2 3 4 5
13956, 1 2 3 4 5
13957, 2439 14153 28939 34189 1
13961, 22046 5457 9834 22132 23215
13963, 1 2 3 4 5
13964, 1 2 3 4 5
13969, 1 2 3 4 5
13970, 2119 3708 4144 5576 7964
13972, 1 2 3 4 5
13975, 10605 410 2259 2478 11894
13979, 1 2 3 4 5
13982, 1 2 3 4 5
13983, 1 2 3 4 5
13984, 1 2 3 4 5
13987, 1 2 3 4 5
13988, 1 2 3 4 5
13994, 1 2 3 4 5
14002, 1 2 3 4 5
14006, 1374 7266 11120 34166 1
14009, 5891 6570 11379 12141 19045
14010, 1 2 3 4 5
14013, 1 2 3 4 5
14014, 2637 7227 25958 29644 34395
14016, 1 2 3 4 5
14017, 1 2 3 4 5
14018, 1 2 3 4 5
14031, 1 2 3 4 5
14037, 1 2 3 4 5
14043, 1 2 3 4 5
14048, 1 2 3 4 5
14054, 1 2 3 4 5
14055, 3898 10154 1 2 3
14059, 6977 10889 36285 1 2
14061, 1 2 3 4 5
14064, 7630 1 2 3 4
14067, 25705 739 4938 5939 14552
14071, 96 5265 21696 22484 29423
14078, 1366 7898 11354 13674 17621
14080, 1 2 3 4 5
14088, 1 2 3 4 5
14096, 1 2 3 4 5
14105, 33245 178 847 1719 2216
14108, 1 2 3 4 5
14115, 13503 1 2 3 4
14116, 1 2 3 4 5
14123, 5630 8308 24340 26256 12639
14129, 1 2 3 4 5
14132, 1 2 3 4 5
14141, 1 2 3 4 5
14142, 1 2 3 4 5
14143, 13399 15976 28770 29140 77
14147, 4137 6371 11381 13827 23275
14151, 1070 1682 6412 7105 14218
14154, 1 2 3 4 5
14164, 1 2 3 4 5
14168, 4640 7011 25943 1 2
14169, 7408 7757 10500 1 2
14171, 1 2 3 4 5
14172, 1366 3580 11354 13674 17621
14180, 1 2 3 4 5
14182, 1 2 3 4 5
14183, 17276 27326 36391 10816 276
14186, 1 2 3 4 5
14193, 1 2 3 4 5
14194, 18419 23486 10791 31903 26928
14195, 4502 1 2 3 4
14196, 7400 7728 14536 28338 8758
14199, 1 2 3 4 5
14204, 1 2 3 4 5
14208, 156 1086 2475 6927 14279
14209, 1 2 3 4 5
14212, 1 2 3 4 5
14214, 1 2 3 4 5
14219, 1840 3754 8091 18894 19605
14223, 2628 4988 7021 12366 18591
14227, 1 2 3 4 5
14231, 787 2643 3372 6913 7970
14234, 1 2 3 4 5
14243, 1278 5643 11883 1 2
14244, 1 2 3 4 5
14245, 23639 33773 246 5510 12306
14252, 401 1 2 3 4
14253, 7522 2026 7024 8870 13980
14259, 1 2 3 4 5
14267, 1 2 3 4 5
14270, 1 2 3 4 5
14275, 1 2 3 4 5
14277, 1 2 3 4 5
14280, 1 2 3 4 5
14283, 1 2 3 4 5
14285, 1 2 3 4 5
14289, 9494 11725 12737 15051 24940
14293, 1 2 3 4 5
14294, 1 2 3 4 5
14297, 1 2 3 4 5
14299, 1 2 3 4 5
14307, 5879 26476 34507 36193 1
14309, 1 2 3 4 5
14312, 5820 25184 28662 35463 1
14317, 1 2 3 4 5
14321, 1 2 3 4 5
14322, 1 2 3 4 5
14327, 1 2 3 4 5
14331, 1 2 3 4 5
14336, 7060 22226 24773 34937 1
14337, 1 2 3 4 5
14345, 1 2 3 4 5
14348, 1 2 3 4 5
14353, 1 2 3 4 5
14356, 1 2 3 4 5
14361, 18921 288 3168 8302 10176
14364, 13242 15771 27752 31710 13328
14370, 1 2 3 4 5
14372, 25080 33527 37105 27601 3966
14376, 1 2 3 4 5
14377, 1 2 3 4 5
14379, 1 2 3 4 5
14381, 1 2 3 4 5
14386, 920 4119 7117 9432 25050
14391, 1 2 3 4 5
14393, 1 2 3 4 5
14394, 1 2 3 4 5
14400, 1 2 3 4 5
14410, 2439 14153 34189 28939 25368
14412, 10152 23847 32250 1 2
14424, 1216 3275 4645 7711 10112
14441, 5114 15106 16432 12725 14956
14442, 3966 4570 6105 10711 17595
14443, 1 2 3 4 5
14448, 16638 20197 22157 26236 31677
14453, 3095 11638 20826 29257 35735
14455, 1 2 3 4 5
14462, 1 2 3 4 5
14463, 1 2 3 4 5
14465, 1 2 3 4 5
14471, 31218 1549 20717 2013 6360
14472, 9991 17977 23748 34997 1
14475, 3517 8041 12215 16250 21946
14476, 1 2 3 4 5
14478, 1 2 3 4 5
14479, 1 2 3 4 5
14480, 1 2 3 4 5
14486, 1 2 3 4 5
14493, 377 1392 1469 2119 12577
14495, 13448 13946 17742 21046 21771
14500, 4401 9524 29305 33419 1
14502, 170 6936 19972 24950 3027
14504, 13218 18869 34346 1 2
14513, 1 2 3 4 5
14518, 1943 14703 23184 24872 25125
14524, 16662 17336 1 2 3
14526, 444 23591 34395 1 2
14530, 1 2 3 4 5
14533, 190 1514 14297 13426 25411
14534, 1 2 3 4 5
14535, 998 4569 6345 7586 21915
14536, 1 2 3 4 5
14537, 1 2 3 4 5
14541, 16578 800 958 3394 4692
14549, 580 17722 20632 3062 4012
14556, 1 2 3 4 5
14558, 1 2 3 4 5
14561, 1 2 3 4 5
14564, 1 2 3 4 5
14570, 6895 9512 12375 16103 16896
14577, 30382 2964 4616 14893 18090
14579, 1 2 3 4 5
14582, 18582 23064 29856 1475 1
14583, 8883 33759 1 2 3
14585, 616 8842 11634 12188 13800
14587, 2081 3651 12306 14489 18771
14591, 1 2 3 4 5
14592, 1 2 3 4 5
14596, 5268 9058 9235 12692 18773
14599, 1 2 3 4 5
14601, 9761 10170 12777 28041 31402
14602, 1 2 3 4 5
14605, 1034 6012 6133 8492 22853
14607, 26175 34097 11411 4297 27291
14608, 4514 4792 5071 5455 5500
14609, 1 2 3 4 5
14612, 2177 11982 2337 3678 23791
14613, 1 2 3 4 5
14617, 1 2 3 4 5
14619, 1 2 3 4 5
14621, 1 2 3 4 5
14622, 1 2 3 4 5
14624, 1 2 3 4 5
14627, 1 2 3 4 5
14634, 19644 1 2 3 4
14638, 1 2 3 4 5
14642, 1 2 3 4 5
14643, 965 7141 9459 11130 12691
14648, 1 2 3 4 5
14654, 1493 5367 5396 9658 15499
14657, 191 739 5939 11684 14552
14661, 10528 11897 12228 17184 23343
14663, 1 2 3 4 5
14664, 1 2 3 4 5
14668, 1 2 3 4 5
14677, 1 2 3 4 5
14680, 1 2 3 4 5
14681, 28322 2 2703 4202 4369
14682, 1 2 3 4 5
14687, 1 2 3 4 5
14692, 1 2 3 4 5
14700, 12715 1 2 3 4
14703, 1 2 3 4 5
14708, 1 2 3 4 5
14709, 1 2 3 4 5
14715, 1 2 3 4 5
14716, 1 2 3 4 5
14718, 7857 2656 3365 6984 8000
14720, 31541 33965 34120 1 2
14723, 1 2 3 4 5
14726, 27920 34085 13084 31028 27850
14727, 1 2 3 4 5
14728, 1564 2407 8968 10629 16363
14730, 1 2 3 4 5
14733, 1 2 3 4 5
14737, 14730 25997 31178 32196 12220
14738, 1 2 3 4 5
14740, 1 2 3 4 5
14749, 1 2 3 4 5
14750, 1 2 3 4 5
14751, 1 2 3 4 5
14752, 1 2 3 4 5
14756, 1 2 3 4 5
14757, 1 2 3 4 5
14760, 1 2 3 4 5
14766, 24721 1 2 3 4
14769, 14297 18937 1 2 3
14773, 1 2 3 4 5
14775, 1 2 3 4 5
14780, 1 2 3 4 5
14781, 31081 3579 5716 5866 9914
14785, 1 2 3 4 5
14787, 33624 35908 8984 10626 10807
14788, 1 2 3 4 5
14789, 6660 13818 23800 1 2
14792, 1 2 3 4 5
14794, 378 901 1213 1551 2576
14798, 14981 25451 31063 32825 34311
14801, 1 2 3 4 5
14803, 1152 1 2 3 4
14809, 1 2 3 4 5
14813, 31097 1 2 3 4
14815, 1 2 3 4 5
14821, 5716 1 2 3 4
14833, 1 2 3 4 5
14835, 22099 739 5939 14552 20466
14843, 1207 2295 2854 4123 6778
14846, 1 2 3 4 5
14851, 22224 34947 28585 1 2
14852, 1 2 3 4 5
14854, 14484 1 6788 8045 22006
14856, 3096 12952 19636 21400 22288
14859, 4996 5032 8078 18345 21396
14863, 1 2 3 4 5
14864, 15098 26278 27138 30446 34525
14866, 1 2 3 4 5
14869, 14554 1 2 3 4
14870, 935 2321 17727 25896 26964
14873, 1 2 3 4 5
14874, 11836 13399 14403 15976 18738
14876, 1 2 3 4 5
14879, 1 2 3 4 5
14883, 1 2 3 4 5
14884, 28104 29419 1 2 3
14890, 25826 24999 1 2 3
14891, 1 2 3 4 5
14893, 1 2 3 4 5
14899, 1 2 3 4 5
14908, 1 2 3 4 5
14910, 1 2 3 4 5
14911, 4047 1409 33410 36099 1
14915, 1 2 3 4 5
14917, 1 2 3 4 5
14923, 3745 10959 11698 14435 18041
14926, 1 2 3 4 5
14928, 11395 34507 5959 9623 13077
14930, 1 2 3 4 5
14937, 1 2 3 4 5
14939, 1 2 3 4 5
14943, 19550 30869 32543 1 2
14947, 2427 13607 15861 18391 20173
14949, 5413 1 2 3 4
14950, 1 2 3 4 5
14951, 9512 12375 16103 16896 30732
14952, 3101 7239 8175 11895 14991
14953, 1 2 3 4 5
14955, 1 2 3 4 5
14960, 2916 16465 27937 28504 25930
14970, 1 2 3 4 5
14973, 1 2 3 4 5
14978, 1 2 3 4 5
14980, 1 2 3 4 5
14985, 369 13719 15098 23667 25450
14987, 1 2 3 4 5
14988, 7117 9432 16510 25050 32885
14991, 1 2 3 4 5
14993, 1 2 3 4 5
14998, 13206 23052 2764 8486 12703
14999, 4460 19505 32776 1 2
15003, 1 2 3 4 5
15008, 6392 9926 12394 14745 17103
15011, 4218 34518 1 2 3
15012, 1 2 3 4 5
15015, 1 2 3 4 5
15017, 1 2 3 4 5
15021, 1 2 3 4 5
15026, 1 2 3 4 5
15027, 1 2 3 4 5
15028, 2052 6867 15459 15913 22363
15030, 1 2 3 4 5
15031, 1 2 3 4 5
15034, 1 2 3 4 5
15035, 1 2 3 4 5
15036, 20090 21371 22638 32065 2301
15040, 1 2 3 4 5
15048, 10118 13183 13951 15650 28695
15053, 22422 1 2 3 4
15057, 2891 25179 36695 37074 6763
15059, 1 2 3 4 5
15064, 25180 30759 1 2 3
15076, 1 2 3 4 5
15082, 1 2 3 4 5
15089, 12536 27504 85 1649 8657
15090, 8735 20217 20461 1 2
15091, 1 2 3 4 5
15096, 1 2 3 4 5
15100, 1 2 3 4 5
15103, 1 2 3 4 5
15108, 1 2 3 4 5
15109, 1 2 3 4 5
15111, 1 2 3 4 5
15112, 1 2 3 4 5
15113, 1181 8960 20273 29268 33551
15114, 1 2 3 4 5
15115, 1 2 3 4 5
15116, 1072 25594 25818 34234 35899
15118, 1 2 3 4 5
15125, 10213 27036 2850 6917 7925
15126, 1 2 3 4 5
15127, 1343 23270 25450 614 799
15130, 26928 1 2 3 4
15139, 1 2 3 4 5
15149, 4023 13247 15267 30637 30908
15155, 1 2 3 4 5
15158, 5643 18867 1 2 3
15161, 1 2 3 4 5
15162, 1 2 3 4 5
15164, 4156 5045 5052 7141 8898
15168, 4811 13633 28800 31416 4736
15176, 2065 28204 29491 1 2
15180, 741 6490 9082 10417 13043
15183, 1 2 3 4 5
15184, 13483 1 2 3 4
15187, 436 28833 30874 1 2
15193, 545 4375 5798 9312 9849
15194, 20189 1 2 3 4
15195, 17807 12249 14320 22885 28259
15198, 12981 16960 16975 1 2
15215, 1 2 3 4 5
15217, 1 2 3 4 5
15218, 2963 3738 12474 13418 17334
15219, 1 2 3 4 5
15221, 14124 25178 29344 33029 33276
15224, 1 2 3 4 5
15226, 1 2 3 4 5
15228, 1 2 3 4 5
15230, 1 2 3 4 5
15243, 2627 8229 17531 18792 1
15246, 1 2 3 4 5
15248, 5891 12141 25701 1 2
15250, 596 19038 21231 25458 32432
15251, 1 2 3 4 5
15269, 1 2 3 4 5
15270, 2617 29841 1 2 3
15273, 35890 1529 2745 4863 5805
15275, 5036 25630 36381 1 2
15276, 1 2 3 4 5
15278, 1 2 3 4 5
15289, 1 2 3 4 5
15297, 1 2 3 4 5
15299, 12984 13218 26788 26937 28835
15303, 21633 16888 27606 30451 1
15309, 1 2 3 4 5
15313, 5230 5396 15461 27942 29333
15316, 2916 7011 14460 16465 25930
15320, 1 2 3 4 5
15328, 1 2 3 4 5
15329, 1 2 3 4 5
15330, 1 2 3 4 5
15331, 1 2 3 4 5
15332, 1 2 3 4 5
15334, 1 2 3 4 5
15337, 595 1 2 3 4
15338, 7407 16246 33819 1 2
15350, 1 2 3 4 5
15352, 1 2 3 4 5
15360, 6099 13098 16027 23663 11471
15364, 7049 9795 22882 23054 28969
