3126, 573 2053 3745 7069 10959
36, 8447 17856 18911 31992 32479
13762, 8233 9607 17676 21765 33475
15310, 2988 6249 6708 14414 25421
4217, 3821 6375 6829 14416 22634
863, 54 4102 5524 6699 7342
10732, 2988 5161 7771 9577 10082
14126, 4698 11261 13820 17696 20964
7269, 759 960 1141 2911 5111
3171, 615 2464 2671 5038 5054
10027, 7342 23481 23589 26349 27132
4154, 171 269 551 709 1695
14126, 4698 11261 13820 17696 20964
4136, 7162 11528 22254 25382 36109
9502, 1343 2078 2523 2755 5550
15079, 1272 2143 3841 4732 6314
3767, 843 7558 7876 8549 10305
6667, 562 718 6773 13451 23516
1341, 5578 5691 6337 6595 11557
9117, 573 6476 10546 12034 17463
3708, 2108 2284 2614 3674 4020
10512, 1120 1748 3412 7146 7999
392, 8983 9723 9750 18355 18418
10472, 9433 10485 10802 12160 15551
13774, 10063 16048 17943 23500 27753
6872, 8295 13533 19107 21601 22869
2957, 942 1147 4785 6442 8559
5377, 133 1543 2447 2468 2578
828, 13389 16330 19294 28736 29594
15261, 345 424 962 1209 1873
3499, 4228 5225 9684 11126 11366
13300, 7619 10110 18480 24155 27402
10472, 9433 10485 10802 12160 15551
6459, 5488 12492 14636 20635 20955
6968, 2978 8599 10193 11733 18970
4386, 52 184 344 579 636
7838, 3587 14852 15204 16614 19975
300, 4207 5550 8042 8989 10703
12762, 5250 10528 11897 12228 15724
4141, 876 1076 2522 2911 8035
9376, 9420 11688 18389 20939 23507
14779, 86 4701 9054 28973 32152
5289, 1289 2108 3077 4762 5578
9648, 2554 3564 4038 5525 6436
11511, 7992 8549 14904 17782 19852
12187, 9148 9684 15195 17813 17982
11138, 1304 3156 7421 7937 7948
9591, 1668 4677 5762 7947 9056
4934, 6627 13023 17463 20757 21880
3576, 775 2098 6699 18719 24375
6396, 886 6314 8394 22915 25244
7124, 2464 7880 7984 12516 21099
13229, 1815 5425 7784 9458 9555
12394, 5848 13627 19143 19445 19561
3876, 5849 26473 29650 32117 32341
7748, 4922 16818 17723 18790 28814
14323, 6482 10722 13373 14968 15119
7195, 1757 2990 7480 9765 11846
11065, 553 824 2522 3277 4173
791, 1033 4626 10705 16103 18512
12725, 505 579 909 1153 1209
6898, 1397 1730 7555 18027 19725
13598, 2049 8759 11366 17389 23949
13126, 6853 16257 17813 18791 23802
5572, 9946 13020 21661 25670 33298
11246, 13473 18791 28102 29115 31144
1, 3527 3864 3920 5248 6111
13027, 2041 6627 12354 18099 23293
11477, 76 107 786 960 1338
5152, 56 146 366 535 692
11715, 1153 17034 17287 20256 23831
5711, 75 946 8191 8792 18105
5597, 10200 12362 13886 14841 15417
9504, 184 562 1141 1495 2143
14219, 76 2441 8426 25618 27015
10070, 8035 10446 21589 22975 26340
9898, 912 5785 6784 7292 7296
1551, 963 2578 6552 9684 15803
12838, 9 327 946 956 1289
4881, 103 238 424 711 786
4400, 759 2209 3920 7693 18546
7976, 13360 14878 16367 20642 24758
9708, 104 713 960 1103 1149
4847, 9913 10193 12320 14767 17328
4303, 1041 1335 5096 9183 16272
8402, 579 6876 11259 32916 33574
11868, 753 877 3974 6271 6272
13488, 4687 5227 11787 13593 14616
496, 5562 9338 15442 20992 21970
11533, 1558 4719 5002 19072 19495
11659, 1259 3295 4495 4783 4814
11527, 228 377 476 1392 1678
12367, 4994 6481 7473 10333 10603
11738, 2642 5647 8877 10825 11921
5489, 1498 2407 6503 8049 8968
11686, 603 1617 1853 3007 3584
12909, 1397 4762 6461 7585 7614
1611, 4735 17696 23850 25656 27612
7542, 7504 16001 28514 30910 31268
10677, 553 8547 8966 9183 9718
3735, 10022 12454 13490 22945 34195
10432, 603 1858 2464 3992 4386
9705, 4708 13746 14553 14616 18694
6775, 893 9897 14239 17389 18057
11788, 2708 13094 14705 16256 20699
11603, 5292 21372 27660 28431 30595
15023, 2518 10074 12635 17821 18062
6941, 1076 1447 8519 11012 12354
11065, 553 824 2522 3277 4173
11950, 530 1952 2667 8324 8415
5198, 444 4407 15765 20179 22975
702, 5947 9684 18303 18791 26477
13817, 2234 8549 10059 13726 16571
12004, 8013 12997 17936 18178 23089
3284, 4228 6595 8504 9420 11872
7778, 405 2715 4490 20279 23598
11346, 9223 9548 11570 13415 18196
8544, 2497 2709 2824 3661 5304
2889, 7696 8720 19732 20065 21169
3625, 1030 5889 9986 17122 18484
12932, 370 1290 1490 1904 1977
8625, 54 322 445 775 2625
11071, 1520 2614 3496 6627 7370
13924, 1469 4800 5312 21340 25493
6401, 3216 6595 7919 15280 17936
13492, 1360 1569 2041 9669 12697
549, 1074 1485 3220 3419 6826
12745, 39 347 522 582 1378
8613, 8259 18026 18233 18456 19104
1973, 934 3077 6413 6580 6760
9433, 909 1611 4041 4578 4768
8080, 9159 10305 14462 20909 21644
1781, 626 2143 3974 4722 5157
147, 1652 4381 4909 5082 7098
12648, 5861 13754 22813 25286 26726
9512, 669 740 845 2304 2567
10064, 3216 4105 7114 9537 9554
8856, 4235 4244 5318 5619 5822
2002, 21221 22963 23222 28318 30464
10128, 45 556 960 1069 1124
9898, 912 5785 6784 7292 7296
10169, 5111 18453 24342 25446 32260
3743, 366 6294 6461 7984 8096
4335, 1289 7555 13064 13220 13727
5062, 506 2234 10701 12295 14486
5783, 228 4532 11871 20539 33500
6405, 7150 15928 16499 18012 27139
10693, 1695 3398 4475 13659 23188
14717, 8394 15280 27569 32888 34567
4926, 372 579 628 689 1447
13924, 1469 4800 5312 21340 25493
4196, 993 2781 5578 13752 14366
15298, 1267 5818 11811 17696 19618
14276, 5128 12102 14771 21945 26454
4380, 1444 1652 4800 5002 6461
6738, 579 1904 2164 2792 3431
10102, 3661 12866 13701 17207 18383
13493, 6542 8284 11787 12270 13069
12723, 1289 2919 3174 3431 3527
435, 1335 19111 20951 21875 22455
13297, 1289 12362 12502 13776 14616
11370, 7643 8216 9893 14616 17648
11510, 1447 6111 9577 10644 27650
11283, 4295 10446 15971 16571 16585
3928, 4807 14697 14767 17207 17833
8560, 7585 11505 11966 13746 16544
3647, 194 473 1498 2447 2836
3639, 5202 9084 13354 14485 15616
10388, 640 9739 10274 11051 20840
3710, 1452 1797 2597 5861 6294
6198, 3670 6258 8015 11392 12442
14117, 228 612 1289 2129 2143
4119, 547 4853 12001 16396 18164
9971, 6334 15139 17815 26889 34763
14451, 3972 6111 7480 7592 7923
14188, 1335 1456 4563 5947 12595
4011, 2049 7393 11210 12866 14738
6179, 1873 8216 14101 14714 17152
13629, 4340 13643 16884 25984 30379
6952, 220 13947 15975 17626 22054
5869, 559 562 579 909 1005
11223, 4652 6461 9415 11237 18025
9168, 9119 12097 16741 16903 16959
6634, 2578 6699 9920 13323 19785
3171, 615 2464 2671 5038 5054
4199, 6561 7179 12163 13886 14636
127, 52 912 3366 12720 13101
8208, 5304 6592 19022 27502 30653
10162, 11323 13585 15687 15831 22384
7560, 3937 7537 20559 26799 29162
12323, 6 52 194 347 573
8897, 366 6473 10685 17683 18791
13862, 1510 4373 7101 12599 13697
1594, 6430 7083 9669 15222 19314
12105, 10859 17558 17633 20293 27322
4720, 2090 10231 15222 25304 26745
4244, 370 1456 1977 2532 7415
8080, 9159 10305 14462 20909 21644
4483, 2781 7822 18190 21304 25500
8470, 9784 16566 16958 19188 22209
13845, 2731 3663 6592 9484 10612
14437, 5137 5224 7107 12695 13507
12463, 3456 4315 6848 6871 7260
12909, 1397 4762 6461 7585 7614
15337, 7364 14537 14770 26440 26472
10499, 15086 17597 20914 22029 24266
12244, 11109 14133 16702 16974 25016
8520, 551 5352 13510 17943 30909
13424, 5261 5729 11579 16491 17246
9009, 18025 18970 19188 25938 28688
700, 1730 7342 13094 17463 21038
525, 1447 1498 2953 4039 5292
3533, 52 9404 13547 16597 16730
11844, 1652 6637 9415 11648 13530
14512, 8426 13016 14357 16271 16425
9059, 4955 5575 15732 18170 23089
14887, 6390 10069 14651 26346 28220
15190, 6266 9856 16599 17656 22212
8273, 12900 15993 16858 27973 29711
5862, 2101 2329 2481 3797 3897
13909, 133 2692 3751 3963 4216
8392, 4122 9354 10415 10542 16356
3684, 922 1448 4752 5169 14135
6347, 269 1853 2284 17730 18193
4450, 4554 5054 10200 11005 14381
693, 4105 6422 18060 22272 24021
8538, 184 2623 11327 17011 17756
5634, 7704 8426 15735 17389 25887
9199, 10495 21714 23988 29141 29760
5974, 269 1153 1306 1447 2447
11292, 10452 13061 17515 27322 27419
6363, 7168 8207 17911 22963 24495
9949, 1076 3674 10452 16653 17648
3736, 316 11694 12422 14367 15980
13229, 1815 5425 7784 9458 9555
2677, 7657 10514 16958 18167 24345
7057, 9577 12897 24034 24450 25442
5649, 269 8504 10446 14118 17463
8402, 579 6876 11259 32916 33574
10745, 3937 3980 8763 10824 11041
7003, 3456 12866 17494 17676 18200
7866, 7555 8716 14129 30019 31830
846, 2580 3209 3367 3667 5408
11477, 76 107 786 960 1338
2695, 2157 3587 5146 10879 14841
8232, 1997 4560 7156 27623 29816
11961, 10200 12814 16766 17389 17679
1793, 612 1192 1448 3413 4105
5855, 2320 2792 5632 7937 7967
15036, 1360 1622 2327 6592 9913
9442, 2711 3958 17205 34078 34739
6401, 3216 6595 7919 15280 17936
2899, 19843 28203 32479 33173 34774
2660, 5290 7560 14556 21676 22049
5800, 4732 8572 25513 29448 33463
14067, 49 6992 8199 9113 10126
9430, 1057 11774 16730 17862 20569
2436, 13701 16571 16803 19858 22932
13179, 5945 6853 7704 11210 11868
4881, 103 238 424 711 786
13169, 171 194 747 960 2108
7487, 5427 6727 11089 26223 31454
14144, 1502 3276 4273 6014 6871
2124, 5184 6627 7380 9420 10098
9068, 2943 3974 5221 5378 7214
3728, 2049 2911 3431 16451 16571
4547, 1285 8754 14671 15816 22338
3159, 6155 22982 26605 26846 28431
2476, 15687 17352 18546 20955 23123
11405, 1652 3066 11448 15452 15599
8042, 76 899 1460 1544 1942
7965, 39 269 553 1076 2041
13010, 1618 9893 17717 20836 23388
2707, 6616 11998 14823 18162 19578
10105, 7064 8233 12328 12492 15781
3277, 79 7938 9416 9467 10258
4603, 6112 12512 19536 21101 22629
5042, 2125 2202 2322 3220 9191
6182, 1415 3875 12994 13917 15662
5986, 2559 3438 8336 10837 11683
2662, 6990 9018 11542 11828 12271
10409, 4380 10569 17732 24171 27409
12815, 12 612 2424 5589 10754
1600, 1267 4491 4792 5048 5065
8827, 876 3048 15735 27358 27890
14175, 8205 14767 19622 21412 24626
15042, 612 3431 6193 8536 9639
780, 392 395 3007 3826 6112
6342, 2578 3598 4381 4800 5779
14065, 4886 5331 6725 8609 9415
852, 344 1729 2108 4327 5945
2699, 418 6552 14211 21336 30898
3053, 10665 15743 16367 18973 24608
3344, 10030 15705 20418 31883 32933
12865, 1616 9637 11624 13422 14001
3126, 573 2053 3745 7069 10959
5289, 1289 2108 3077 4762 5578
1359, 2389 4807 9824 27078 32573
671, 4020 6111 6821 18116 26951
1434, 13101 13223 15803 19592 20608
14219, 76 2441 8426 25618 27015
15159, 4310 10134 10663 22553 23213
10205, 551 5138 7481 8156 9607
7798, 3634 8394 13720 14933 19162
4861, 912 1258 3974 15119 30014
5767, 526 2088 2814 4475 4577
12275, 121 3661 3974 5216 6461
694, 2464 4804 6893 12491 27836
4020, 3398 6281 18945 30387 34801
5291, 2120 11165 13478 19636 19654
839, 11259 14829 15089 16959 22806
3645, 1190 2522 7342 14872 16646
7907, 3787 10200 14518 18389 18551
8402, 579 6876 11259 32916 33574
547, 2868 2911 3545 4381 5655
3433, 5945 10514 21765 25506 26468
2122, 269 598 876 7579 17850
12048, 1232 3587 4348 4467 5132
11831, 2270 7854 9271 9485 11570
11018, 3975 4144 15930 17240 25331
13317, 17272 20985 28199 30910 34351
3680, 11512 14956 15142 22364 32030
6624, 919 1447 13301 23756 29781
10948, 6334 8361 12866 17676 25421
3735, 10022 12454 13490 22945 34195
11862, 1912 4441 7785 9134 12372
1063, 4181 16131 21128 24248 24706
11694, 1632 1652 2320 6703 13884
989, 445 1447 3985 6760 7274
14727, 7733 13367 19426 21101 27856
9170, 2580 3431 5279 11781 12897
5345, 549 3398 11488 14174 15971
2717, 3841 6301 10059 17644 26951
4653, 1627 8872 17240 21996 28153
11392, 194 1074 2569 3216 3366
14260, 5293 8848 15165 16716 20941
7124, 2464 7880 7984 12516 21099
13179, 5945 6853 7704 11210 11868
6695, 52 7480 13260 26468 27343
6715, 228 1289 3077 4105 5926
10460, 1397 3704 5292 5361 7585
2558, 8756 14043 18099 22331 26547
11892, 723 2971 13889 14101 14796
5508, 4504 4833 6405 15826 28704
5098, 3511 8108 10289 13957 15488
10604, 5623 6183 15687 22211 22272
8629, 3102 3943 5525 6255 8413
11665, 4532 4546 10073 21589 22807
15313, 579 3407 7592 17696 23030
11319, 2406 5184 17272 19887 26658
5151, 4740 8541 9793 12516 14239
4136, 7162 11528 22254 25382 36109
1666, 9302 13198 13752 14537 20977
8776, 184 2852 3671 4525 5161
8815, 5208 6412 6708 7105 13782
1687, 5578 6314 11259 15280 24918
927, 3674 5220 7555 11776 14351
6166, 7759 10059 13782 15917 16484
9393, 15081 15604 18273 18665 21807
6101, 1725 2870 11914 11936 13422
11196, 759 4768 7635 9404 10278
9099, 2234 4373 10446 14372 19813
14546, 322 2148 4796 5164 5834
10332, 6773 7402 10511 13061 27502
7062, 1184 1447 2522 4823 4904
14451, 3972 6111 7480 7592 7923
194, 2290 3242 3263 4077 4402
8510, 989 9326 12346 20859 22572
5845, 2464 4295 7592 9577 10963
8905, 6871 14328 17781 17782 18027
14472, 18 1057 1729 6892 7592
1705, 3674 6461 10059 14709 15737
12933, 14631 16690 25920 26713 29452
11986, 3223 8146 11264 15593 18099
13295, 1074 5504 6482 6701 6821
12822, 680 773 1103 1782 1934
1997, 446 869 10712 11415 11834
3502, 379 411 755 856 892
11084, 6701 8924 17138 17679 33056
9168, 9119 12097 16741 16903 16959
3399, 5806 8892 15031 21263 24226
13607, 2686 3753 5054 5447 8278
2619, 1480 2644 4228 4407 9186
8769, 9735 14644 17717 24838 27675
12040, 4800 19125 22209 23506 24768
7315, 4137 7771 8035 8599 9116
14705, 2234 3980 4096 4441 8873
5737, 428 1952 2450 4373 5346
10662, 2989 18303 19803 26743 27727
2882, 224 2408 2958 4743 5729
9325, 146 17645 25645 26106 26454
2677, 7657 10514 16958 18167 24345
15110, 976 2523 4036 4195 4543
573, 7274 8643 10468 13876 14059
2801, 1729 4020 5578 14480 23089
111, 269 2911 6703 8035 11366
3153, 9607 14715 16959 17529 20620
7560, 3937 7537 20559 26799 29162
7272, 561 9934 19242 19887 23692
3502, 379 411 755 856 892
11920, 52 775 5128 7999 15530
10719, 2671 12734 15508 17089 20776
87, 6405 6446 13249 23598 27836
11572, 1656 2422 16554 20613 24335
10332, 6773 7402 10511 13061 27502
839, 11259 14829 15089 16959 22806
14779, 86 4701 9054 28973 32152
15298, 1267 5818 11811 17696 19618
14404, 12 2339 2561 3841 5850
13098, 100 693 775 1321 1904
3564, 963 4685 5951 12441 13401
8815, 5208 6412 6708 7105 13782
14846, 4373 23014 25515 27885 32916
9860, 52 1024 1388 1603 1904
11771, 14319 19565 21108 26473 31239
1941, 8519 8630 13376 13899 17975
9790, 2911 4833 7704 7903 8426
2695, 2157 3587 5146 10879 14841
11084, 6701 8924 17138 17679 33056
1824, 2420 6732 8220 11623 22478
8203, 2911 4851 5054 7393 10701
1230, 8368 14686 17030 21812 28592
9333, 4105 6627 9735 15566 27131
8942, 7811 7923 12255 17207 28199
5592, 5208 6245 6871 14599 14872
9420, 4200 10373 11252 14956 15971
14246, 75 149 4077 11458 12632
6972, 314 5767 7788 8039 9833
6680, 6821 12180 13425 17207 22347
6551, 3431 15076 17696 18546 19478
10027, 7342 23481 23589 26349 27132
827, 2041 6552 8035 9793 18546
13126, 6853 16257 17813 18791 23802
2155, 4280 5747 6773 8205 9893
4619, 184 13726 18201 20635 26197
12215, 3176 11595 15183 17724 21484
935, 18200 22976 23516 25887 27562
4613, 15917 16586 17097 17128 19010
10089, 5403 7248 8846 14793 16051
1132, 2143 4228 8496 14734 16902
9303, 6821 12653 15971 21913 25670
7236, 2339 11891 12635 16753 25967
11787, 5176 6699 7923 8519 9420
11572, 1656 2422 16554 20613 24335
5335, 1289 9012 13502 17644 26762
2762, 2623 5945 11323 17389 21780
10996, 5227 6111 6773 12029 25982
2977, 970 6461 12160 15232 19618
1294, 1605 2361 2403 4923 6804
13607, 2686 3753 5054 5447 8278
3778, 6254 10200 18662 25257 25363
2660, 5290 7560 14556 21676 22049
13062, 5578 14532 18615 19345 22552
4460, 1436 9913 27206 28030 29485
2420, 6821 8093 10739 12241 13245
3959, 8394 11579 17383 21673 21761
4934, 6627 13023 17463 20757 21880
7662, 5713 6461 8035 8361 10576
6226, 1904 7421 8216 8671 19622
4208, 102 5292 6197 8549 9626
11097, 3972 7287 7393 22457 25940
1721, 1149 1253 2247 5734 7815
10646, 603 2050 2580 5496 15638
1611, 4735 17696 23850 25656 27612
1325, 2566 7353 8999 14960 16510
2866, 7974 10206 14234 19127 23589
4005, 24786 27322 28083 31085 31250
5899, 4 8181 9607 16425 17383
1431, 1194 2417 4584 6767 14239
11432, 2339 2371 3609 3778 5619
14701, 2695 11259 12454 15345 16153
15351, 52 1184 1977 2523 3515
10349, 855 2991 6214 23466 30901
3255, 2003 11556 11688 23286 25967
10341, 2578 3431 13451 23363 33173
2346, 417 861 909 1009 1447
11359, 66 562 1836 2143 2422
5650, 1447 7274 8717 9607 10082
13717, 4785 6893 8156 17815 18484
3610, 214 7510 15174 19079 25934
11795, 2836 7498 11631 16825 17856
8507, 3213 12124 26391 30982 33250
11890, 54 526 3066 6241 8519
3778, 6254 10200 18662 25257 25363
9160, 1076 2227 4039 6592 13373
12126, 703 2814 3995 6187 12873
9556, 6537 17240 27294 30982 34157
14981, 4 2781 3519 4847 6314
4970, 473 1841 3835 3974 4173
13747, 909 1304 1617 2453 2623
147, 1652 4381 4909 5082 7098
13299, 3985 4737 8170 11385 16850
1352, 17700 17908 17947 20332 22391
5098, 3511 8108 10289 13957 15488
4926, 372 579 628 689 1447
8776, 184 2852 3671 4525 5161
12211, 4202 4445 5301 6305 15809
9427, 5928 6374 14630 19332 30453
14073, 361 12062 16511 18001 20748
10776, 2364 6953 7504 9045 9713
12063, 2161 7402 15086 17278 19525
3929, 4070 4879 7675 15052 16106
2294, 873 2424 3456 6405 15732
1365, 3662 10758 22040 27943 30796
9325, 146 17645 25645 26106 26454
7747, 3640 21750 23650 31855 33392
5260, 1397 1447 2803 3315 3387
9686, 3223 4315 5137 5970 8844
9820, 4853 12566 23938 26396 30797
5814, 373 1272 2427 3989 4649
6414, 269 1221 3006 10246 11081
11041, 269 1076 2049 6552 10446
10507, 6527 8068 9645 10165 10985
3127, 76 1015 5620 6206 7065
6675, 2911 3735 4578 4753 5504
14196, 6552 8216 17266 24786 27502
14152, 1785 2576 5013 13400 26754
11933, 346 1303 1690 8589 9033
948, 1480 3456 10200 26681 34419
6541, 7301 13464 19338 23514 25502
7932, 3385 5469 8962 10402 14616
1212, 7342 11042 14669 15973 17781
12909, 1397 4762 6461 7585 7614
11818, 722 11922 12867 16367 20965
8349, 2227 6254 6258 6421 28575
2624, 269 1447 14599 28341 35100
5692, 5447 6363 7380 11846 12944
7160, 1412 1518 8359 14804 15222
1620, 103 626 2508 3593 3663
4560, 17732 18970 28030 30252 34223
6084, 474 1073 1074 1543 2580
4919, 6442 8358 16484 18316 21101
8470, 9784 16566 16958 19188 22209
13243, 2108 4787 6461 14644 14839
1471, 5226 6059 11922 12503 14960
8371, 17207 17272 33298 34765 35100
8281, 1397 4475 6152 10601 17782
5398, 4727 9429 17653 21330 27240
8038, 4283 6530 9134 14762 26428
9424, 5360 6319 8966 11237 17690
14451, 3972 6111 7480 7592 7923
11087, 2836 3674 4020 4150 6123
1246, 9121 9577 18717 22272 23188
13870, 266 423 691 1149 1732
5967, 4485 5157 12029 12313 14207
4053, 2033 6699 7985 9178 13164
12126, 703 2814 3995 6187 12873
4832, 12997 15743 18717 22254 23507
4881, 103 238 424 711 786
11423, 2519 10262 11624 18170 22330
6687, 11900 14707 24488 26743 27339
7031, 1618 2459 3951 7147 7898
10453, 366 7585 9577 11147 14738
3659, 9349 10599 16724 20948 21912
330, 1977 5360 7147 11624 11648
13560, 3515 7967 18192 22254 23030
14595, 14270 14623 16269 16397 16877
11359, 66 562 1836 2143 2422
12461, 6637 9655 13595 25938 27727
8874, 1817 4478 7314 8967 12185
6363, 7168 8207 17911 22963 24495
4197, 4228 5589 6363 8752 9420
8246, 100 14174 14506 23569 34429
13845, 2731 3663 6592 9484 10612
11258, 441 522 626 1053 1073
13694, 1447 2108 2339 8170 10546
12212, 162 8049 14229 17826 26625
6531, 4735 6476 6627 7759 9012
2815, 245 7341 16721 22629 27485
13634, 1606 2284 2406 2622 3262
7265, 180 912 2050 2631 5179
10092, 6580 10059 19803 20975 25136
6540, 3446 4242 8294 8728 9676
12486, 15094 19725 24407 27352 29815
7829, 345 3717 8629 10919 13372
10372, 1320 3207 4663 6931 10771
7124, 2464 7880 7984 12516 21099
11660, 10514 19478 25696 26117 28199
15365, 2464 6769 7274 7705 17483
7976, 13360 14878 16367 20642 24758
4149, 252 3527 8039 9793 10546
7967, 562 4228 7824 7886 8145
15013, 2821 8590 11332 14101 17681
12984, 14775 17573 17648 23374 26197
10460, 1397 3704 5292 5361 7585
7748, 4922 16818 17723 18790 28814
15293, 260 4423 10304 17590 18648
10089, 5403 7248 8846 14793 16051
4560, 17732 18970 28030 30252 34223
7341, 21478 26925 31544 31794 36289
3077, 2682 10514 13367 14498 18576
4881, 103 238 424 711 786
5198, 444 4407 15765 20179 22975
12857, 252 824 5425 5562 8205
4188, 3609 5050 5578 5879 9607
298, 3457 7393 10514 12866 14026
14110, 2339 3564 3674 3704 4020
13431, 4618 5227 11262 15139 16314
7907, 3787 10200 14518 18389 18551
13944, 18595 19931 20121 20580 21108
2561, 2820 3456 12454 29901 29915
7122, 5834 8758 11581 12806 16830
7571, 2446 2715 19460 25476 27836
13977, 180 3764 4752 5827 7659
4453, 1500 3847 4796 5511 6821
5071, 562 3937 7368 8519 8796
4286, 843 3978 22859 25496 27132
1051, 2108 25286 25629 31633 32308
14886, 5184 7625 18828 22774 25257
4826, 1576 2016 9730 11624 27388
6847, 11673 14351 14636 16790 18891
8100, 1989 2687 3196 4892 8242
8478, 208 273 500 551 1430
10500, 4968 5035 7733 10301 11652
13298, 1 76 418 956 1030
10901, 7343 7733 9735 26951 28648
4764, 6155 6446 11707 17656 22254
11524, 3609 3954 4467 4468 4532
3904, 6917 7337 7887 7925 10160
6182, 1415 3875 12994 13917 15662
7752, 8420 8907 13657 26649 32943
7380, 8504 10446 13257 14260 17676
3705, 14664 15509 15789 20120 24236
5102, 600 9349 9942 14762 16142
4248, 7064 7705 8665 13988 16577
8471, 373 1304 1474 1841 2364
13161, 213 2925 4681 8501 8536
9819, 3924 9354 10685 13886 15452
10748, 2192 4423 8274 11486 13237
13940, 1447 4327 7086 18170 21505
4901, 3594 6442 10200 12354 14572
10162, 11323 13585 15687 15831 22384
11231, 253 7287 8648 10573 11871
3748, 269 579 718 1184 1543
6407, 17383 17732 19396 22272 24515
3452, 6623 7614 8555 13249 13385
7987, 6500 7851 8113 11544 20063
7352, 562 2090 3587 4732 7992
11974, 8846 11157 17583 18200 30904
13297, 1289 12362 12502 13776 14616
5676, 1074 4077 5211 6510 6705
14826, 1290 4030 9831 12029 12160
11077, 6111 6773 8205 9735 18099
14073, 361 12062 16511 18001 20748
9799, 353 1824 2049 6592 8447
4210, 909 1905 2050 7876 9684
9505, 1460 8472 11868 19868 24786
267, 4853 9222 17763 19478 22813
11361, 1447 1774 6643 11921 13201
3375, 1397 2911 3163 3398 3972
5967, 4485 5157 12029 12313 14207
14641, 3841 4861 6627 17934 19034
9853, 6281 6537 10115 29005 32347
7393, 3 6 32 100 194
14246, 75 149 4077 11458 12632
10662, 2989 18303 19803 26743 27727
14717, 8394 15280 27569 32888 34567
1848, 20255 22075 29654 30131 35300
10100, 2675 8156 9173 17463 17756
3674, 4020 6699 16571 18178 20213
4646, 11558 13035 14381 14636 26084
2358, 1623 1638 5220 5819 6112
12945, 6773 8638 9613 10330 13852
419, 2417 2924 3497 5713 7811
2332, 2561 3216 12409 18105 27610
7680, 7520 7921 16141 19991 26276
6826, 7597 12841 15687 26401 28067
11755, 11366 13502 17463 18389 24512
6047, 6552 8170 8630 9415 16825
12716, 4020 8878 12376 12641 17030
5704, 100 347 512 579 1289
5922, 6111 6592 6773 8519 9420
13169, 171 194 747 960 2108
8891, 1709 5156 7501 11160 14599
11084, 6701 8924 17138 17679 33056
8676, 1203 12102 18260 24195 26769
11465, 2041 2464 2569 2983 3456
14823, 228 697 1977 2041 3236
13970, 49 114 146 252 499
1880, 8177 21758 21939 23578 25519
4826, 1576 2016 9730 11624 27388
12695, 1289 2294 4194 7354 9793
9297, 39 1335 4244 5713 7585
152, 867 909 938 976 1264
5767, 526 2088 2814 4475 4577
13826, 3431 8752 14854 15082 16544
5759, 1074 2227 2580 2644 3835
1344, 184 5089 13701 18222 19073
1366, 3609 4862 4956 9420 11526
5668, 1617 1798 4735 5292 7585
13762, 8233 9607 17676 21765 33475
2873, 5633 7498 7537 10200 10241
12799, 2939 3282 11835 16636 19622
10684, 1873 2578 9009 13368 19837
12642, 1762 2623 6699 12023 22976
13297, 1289 12362 12502 13776 14616
5208, 108 220 9243 17881 20620
12788, 2824 7280 7301 9415 10203
3951, 8519 9476 14734 17207 17529
8873, 4925 9420 10426 12305 20041
13868, 2836 9495 11781 13216 19554
13498, 6027 6699 11492 16372 18170
12167, 2219 3181 3503 4849 8846
3206, 2049 2522 6111 6773 10469
10354, 17266 20645 20784 23476 24345
1352, 17700 17908 17947 20332 22391
14548, 2227 5889 8394 12023 13035
3126, 573 2053 3745 7069 10959
834, 473 3674 6837 7903 28199
6405, 7150 15928 16499 18012 27139
12004, 8013 12997 17936 18178 23089
820, 1732 1759 4925 6454 7966
1978, 1611 10446 11261 14322 18966
14475, 2320 17380 26346 27135 28587
11845, 11962 23967 24408 27360 28639
13394, 8759 10082 12866 14076 16845
15298, 1267 5818 11811 17696 19618
2243, 7806 8006 12761 17206 23830
9272, 15623 21661 23326 30508 32308
7198, 4319 12651 16403 17557 19798
14073, 361 12062 16511 18001 20748
1365, 3662 10758 22040 27943 30796
11800, 8013 13750 22229 23760 31633
9818, 1080 1871 3431 16367 22814
5338, 282 3050 3207 3473 3644
743, 2464 6773 7811 10514 11966
2334, 7287 7824 21913 24716 27343
827, 2041 6552 8035 9793 18546
1239, 2541 11005 12689 14800 15014
10168, 1694 4356 5849 12869 13961
13649, 1191 7771 17243 24560 28503
2811, 2911 4762 7657 8788 14599
5251, 1908 7421 10765 11809 23932
14826, 1290 4030 9831 12029 12160
11527, 228 377 476 1392 1678
206, 2712 3216 3527 16687 24479
13010, 1618 9893 17717 20836 23388
4630, 2755 3414 10231 13390 15772
927, 3674 5220 7555 11776 14351
6650, 2459 4787 7130 10459 11081
4020, 3398 6281 18945 30387 34801
15219, 3680 3841 7824 10645 14239
11623, 333 3237 6032 8543 8982
6253, 1686 4096 10193 12384 12866
7215, 1043 1948 4128 4518 5486
13587, 1057 2911 3853 6592 6699
11832, 7544 8266 9505 16916 18559
6888, 1686 1904 2143 2569 4327
1853, 100 114 254 2012 6039
15206, 2108 6871 11081 17696 18200
13878, 269 1289 2911 3398 4796
14273, 3841 4554 4961 7141 8606
13814, 13468 13701 18070 19532 21211
801, 2453 3272 3578 3599 3638
5141, 5482 6050 6587 8941 9474
7465, 1456 4904 7967 15280 19956
11246, 13473 18791 28102 29115 31144
6367, 1056 2186 5729 7417 20753
4380, 1444 1652 4800 5002 6461
1175, 3283 4762 6208 11264 13939
5986, 2559 3438 8336 10837 11683
617, 6903 9864 18249 20534 28102
8406, 121 696 1730 2320 2759
2838, 13726 14457 22591 35308 36872
10291, 1487 4639 13388 18735 21137
5006, 1340 2579 6473 8394 9186
5815, 6637 7118 18170 19725 28575
10881, 4955 6561 7992 16956 17207
3266, 5225 5578 15180 15917 17493
14350, 4596 6496 8137 14229 21117
4653, 1627 8872 17240 21996 28153
11291, 497 637 1623 2164 3281
5039, 5945 9735 21505 22579 29383
14093, 5292 6623 15971 16571 18060
2360, 2892 6314 6478 7406 7415
9160, 1076 2227 4039 6592 13373
11664, 1873 4532 4955 5176 6699
7972, 5292 5926 6773 7937 14001
625, 1574 3457 5699 7481 12122
5070, 88 761 852 925 956
8995, 7903 9833 13130 13977 14697
8232, 1997 4560 7156 27623 29816
6407, 17383 17732 19396 22272 24515
10587, 2217 5122 26955 29629 29850
50, 8549 10059 10546 13502 14264
3659, 9349 10599 16724 20948 21912
3054, 1192 3951 5644 6204 10927
7341, 21478 26925 31544 31794 36289
12823, 2098 3434 3865 17157 20389
5932, 11010 14931 16016 29059 30815
10662, 2989 18303 19803 26743 27727
1193, 149 925 1904 2769 3067
9393, 15081 15604 18273 18665 21807
12394, 5848 13627 19143 19445 19561
523, 1192 2911 13361 23777 26372
6179, 1873 8216 14101 14714 17152
5992, 1981 6839 7903 9847 26486
4533, 306 1141 22029 22300 23516
6407, 17383 17732 19396 22272 24515
14178, 7740 8394 8668 8721 9420
5869, 559 562 579 909 1005
6977, 690 3444 17266 19578 20647
10439, 1289 2143 5589 6627 6876
4921, 1755 2872 3497 4284 5530
9329, 1538 7696 9213 12550 20144
88, 250 3120 4082 4658 13490
5210, 6491 10443 14645 18256 18720
4141, 876 1076 2522 2911 8035
1065, 7032 9189 10300 12974 12996
3342, 2003 4525 6069 9119 11133
11494, 197 1008 1378 1411 2228
4665, 4247 4814 7498 8447 9831
827, 2041 6552 8035 9793 18546
14957, 988 7517 18217 19991 25533
14846, 4373 23014 25515 27885 32916
3340, 4328 7221 9255 12778 33334
12845, 3398 5647 9084 9840 23224
8197, 2234 2911 3223 6839 21197
7105, 3456 12654 15853 19725 23188
10587, 2217 5122 26955 29629 29850
3772, 7624 8869 11403 14968 18383
15298, 1267 5818 11811 17696 19618
7906, 2391 2556 6704 10466 10859
8052, 5884 7903 9420 14351 26020
14717, 8394 15280 27569 32888 34567
4560, 17732 18970 28030 30252 34223
6469, 4 445 722 1289 1900
7352, 562 2090 3587 4732 7992
11933, 346 1303 1690 8589 9033
1467, 373 1318 1442 2583 2860
13730, 360 773 1276 3732 4084
9453, 3398 5360 13502 24512 28030
5540, 8519 14932 22341 25823 28932
11344, 1113 1798 5331 10059 12446
6418, 6111 6405 7287 8146 9913
9331, 114 1730 3281 5293 6122
14014, 52 130 184 373 713
9280, 1053 3704 4922 7498 15253
7542, 7504 16001 28514 30910 31268
1612, 7086 7342 9052 11693 12180
14464, 14709 17198 17207 19036 25382
5141, 5482 6050 6587 8941 9474
1906, 697 4605 8145 19201 25694
7736, 11528 14535 17878 25304 29664
4261, 2143 2490 5785 9233 9796
12063, 2161 7402 15086 17278 19525
4716, 133 228 233 372 765
10512, 1120 1748 3412 7146 7999
9798, 366 3302 4228 6197 6258
7122, 5834 8758 11581 12806 16830
7288, 3785 22837 24217 27521 29261
12480, 781 942 1290 1306 1728
4340, 2677 5575 6773 8411 12102
3463, 366 2464 8962 10452 30019
3602, 775 4796 7923 9178 11392
8862, 1421 22232 27512 29851 31366
1963, 876 4787 4955 7393 8426
12057, 344 345 1141 1397 1904
957, 2364 9552 10085 16426 21825
12134, 5156 6773 8216 28753 29848
11924, 2536 11144 12853 14707 30278
14727, 7733 13367 19426 21101 27856
10275, 1477 16747 16988 20353 25672
1348, 1652 3066 18662 21045 25257
11075, 1498 6561 6627 10262 17380
12860, 464 535 1289 3431 6130
7566, 4398 5058 8536 18200 24450
1565, 2151 8549 14351 14629 17380
11837, 722 3103 4019 8420 8519
4530, 3048 3497 10644 12372 13300
11241, 1447 2164 5578 6132 6699
477, 107 562 718 1009 1725
14589, 8297 8875 25642 27464 32301
1460, 1502 4955 5425 7937 25513
13370, 1447 2049 3662 3920 4406
2743, 4557 7247 7265 9807 11318
5251, 1908 7421 10765 11809 23932
12817, 3707 5225 8205 12362 17381
2627, 2338 3523 8720 16949 18566
1385, 598 2612 8109 20933 23167
14118, 1289 2070 5578 5885 6595
3625, 1030 5889 9986 17122 18484
13484, 70 100 3366 3431 4030
4539, 3304 5089 11314 25569 28980
12463, 3456 4315 6848 6871 7260
3635, 1335 2041 2125 3137 3514
3951, 8519 9476 14734 17207 17529
10515, 2781 8216 12866 15687 25286
14219, 76 2441 8426 25618 27015
13720, 7759 10415 11624 13659 16571
14093, 5292 6623 15971 16571 18060
7566, 4398 5058 8536 18200 24450
12988, 15762 16220 17221 18446 18588
7935, 1144 3077 10415 17193 17607
2707, 6616 11998 14823 18162 19578
330, 1977 5360 7147 11624 11648
10804, 2134 5421 6263 11210 12030
5592, 5208 6245 6871 14599 14872
5377, 133 1543 2447 2468 2578
12745, 39 347 522 582 1378
9938, 1397 1438 10448 14514 20827
11773, 7614 9164 12354 14598 16153
10539, 13726 15292 19847 27923 31515
7899, 2143 12102 16345 16687 20255
7253, 1447 9577 13142 15662 18389
7215, 1043 1948 4128 4518 5486
11917, 11366 12384 20011 21913 23030
10664, 5655 6951 8541 11624 13148
3845, 5292 5722 9998 12540 24342
11245, 1141 4104 4783 5352 20262
2646, 7287 9783 10082 10483 11556
3818, 2468 4107 4440 6699 7184
12211, 4202 4445 5301 6305 15809
2644, 4863 6120 12160 22632 23365
219, 387 617 909 1292 2451
6634, 2578 6699 9920 13323 19785
6419, 306 2709 16677 20569 28590
14922, 3751 7879 19156 19559 30561
13656, 2523 6047 12422 14414 15205
12838, 9 327 946 956 1289
729, 8932 9781 21557 23704 24698
13010, 1618 9893 17717 20836 23388
11589, 7618 7693 10262 11857 12330
11845, 11962 23967 24408 27360 28639
3645, 1190 2522 7342 14872 16646
13084, 5676 8108 18013 20201 20898
13645, 775 6343 16272 30653 33562
6008, 54 1023 1409 2051 11181
15242, 9123 10628 12281 12651 17030
4042, 58 129 233 418 420
672, 5846 6343 6446 6595 6699
435, 1335 19111 20951 21875 22455
13546, 2271 5559 11306 11812 14931
15299, 3665 8235 14308 21247 23012
5672, 2049 5578 10206 16694 19693
13493, 6542 8284 11787 12270 13069
2140, 1384 6463 8927 17830 18803
12249, 4173 5408 13711 15482 22335
11665, 4532 4546 10073 21589 22807
14206, 347 7930 9266 11366 13197
9398, 13355 13401 15803 17524 18167
14851, 1498 2309 2634 8930 18605
14208, 1600 2041 2441 2442 2569
454, 876 1448 2339 11752 13659
7910, 445 1055 1289 1498 1531
2107, 530 573 637 1141 1264
6657, 1185 1289 3007 3665 3841
3017, 372 1204 1289 1577 1977
6654, 3456 6454 7130 13054 14076
9643, 128 187 434 525 1059
14781, 3954 6166 17486 17795 22393
4335, 1289 7555 13064 13220 13727
989, 445 1447 3985 6760 7274
6650, 2459 4787 7130 10459 11081
11051, 2817 3972 4605 6068 11131
9915, 2464 3826 5578 8216 25940
1876, 3985 13367 17387 17597 17821
14427, 11259 13886 26529 26743 30964
9708, 104 713 960 1103 1149
4165, 779 10173 18099 19748 25758
6941, 1076 1447 8519 11012 12354
9398, 13355 13401 15803 17524 18167
1198, 1317 6314 7421 14465 22813
9798, 366 3302 4228 6197 6258
2438, 5430 5711 10638 11104 13281
15114, 1076 2578 9577 10446 11366
15346, 4341 9902 12084 18077 20964
12461, 6637 9655 13595 25938 27727
10198, 75 2227 3974 4381 5945
6385, 2339 8590 20484 21851 22341
4350, 3208 5361 9047 16845 17648
5522, 1153 1397 2262 2447 3928
7562, 391 1250 5233 7518 10359
6087, 1853 5713 7076 8606 9233
9682, 4762 7415 12305 18049 19785
9297, 39 1335 4244 5713 7585
6342, 2578 3598 4381 4800 5779
2854, 12 637 1240 1272 1730
12395, 4 156 339 522 1009
10604, 5623 6183 15687 22211 22272
10439, 1289 2143 5589 6627 6876
773, 5675 9498 13618 17384 19292
13950, 589 693 2562 2953 3214
14144, 1502 3276 4273 6014 6871
2780, 1362 4307 5899 6206 8484
12473, 260 2912 3083 3532 3585
11665, 4532 4546 10073 21589 22807
8873, 4925 9420 10426 12305 20041
12220, 2898 3474 6343 8599 16753
12463, 3456 4315 6848 6871 7260
10610, 2803 5296 5707 5899 7481
6541, 7301 13464 19338 23514 25502
4620, 3665 8096 9855 14738 15469
4182, 345 1141 1858 2143 2424
7365, 3529 10979 15391 19095 22495
1278, 10546 12504 12669 13699 14932
10365, 2339 2519 2623 3398 3680
11375, 5949 9831 12348 15584 18830
9199, 10495 21714 23988 29141 29760
5142, 1146 1677 9585 10787 11494
8349, 2227 6254 6258 6421 28575
6087, 1853 5713 7076 8606 9233
6222, 3432 3661 9831 12019 13913
7976, 13360 14878 16367 20642 24758
11085, 626 6491 16367 19565 20919
13062, 5578 14532 18615 19345 22552
1781, 626 2143 3974 4722 5157
1654, 13142 15086 19022 27684 29781
9512, 669 740 845 2304 2567
15313, 579 3407 7592 17696 23030
13488, 4687 5227 11787 13593 14616
13643, 1289 5292 8736 8937 14195
3692, 2003 2938 5536 7842 8674
11810, 569 1675 2050 2143 3115
9534, 2049 2227 23949 25421 25938
6972, 314 5767 7788 8039 9833
12273, 3077 9535 15971 16425 17782
11304, 3985 6871 8447 9576 9893
10086, 3497 4244 5184 5292 5360
7628, 3499 5453 11872 12384 19404
4042, 58 129 233 418 420
7236, 2339 11891 12635 16753 25967
8418, 1207 1832 2024 4171 4225
13573, 1729 2561 3751 4105 6552
1188, 603 5389 6330 9480 12998
10810, 4 29 91 627 1074
10294, 4 104 1576 2447 2556
12075, 562 775 876 1574 2417
12888, 1678 3066 7421 8519 9535
11660, 10514 19478 25696 26117 28199
6654, 3456 6454 7130 13054 14076
14356, 3077 3387 11754 15372 16826
1056, 283 2289 12634 15105 29030
6090, 1979 2622 3963 7925 9123
9303, 6821 12653 15971 21913 25670
6246, 49 5578 6353 9794 14366
1162, 13061 14636 15687 25196 26104
9467, 3453 11261 12866 18220 22002
5111, 986 2870 3285 4489 6871
11481, 8496 13502 16425 17782 22439
13817, 2234 8549 10059 13726 16571
9976, 986 1591 2143 2667 3599
1065, 7032 9189 10300 12974 12996
3881, 3787 7880 11849 15752 22437
5018, 942 2569 3236 3245 3564
4020, 3398 6281 18945 30387 34801
4570, 3545 5327 6245 7555 8717
2977, 970 6461 12160 15232 19618
1051, 2108 25286 25629 31633 32308
6741, 3974 5018 8933 13015 13489
5977, 418 2677 3245 4688 5058
9565, 12614 12866 27352 28076 31759
8286, 626 1289 3742 4923 6637
15008, 2227 3077 6132 6281 7597
1426, 2339 3865 5945 8609 9535
1490, 4833 4976 7498 8630 14738
14065, 4886 5331 6725 8609 9415
4165, 779 10173 18099 19748 25758
8538, 184 2623 11327 17011 17756
4720, 2090 10231 15222 25304 26745
834, 473 3674 6837 7903 28199
915, 45 400 960 1221 1509
1721, 1149 1253 2247 5734 7815
1467, 373 1318 1442 2583 2860
11458, 445 2386 4605 6314 7461
13317, 17272 20985 28199 30910 34351
12444, 528 658 3176 8229 8931
320, 7417 15680 16501 17339 20517
4009, 1447 6262 6773 19020 25568
322, 4605 10672 14734 21116 23213
122, 100 876 1289 1592 4532
8598, 9300 19642 24034 27943 32291
13297, 1289 12362 12502 13776 14616
7239, 2320 3341 7438 17607 20950
8862, 1421 22232 27512 29851 31366
9962, 2822 7520 7592 14507 16155
1782, 1841 4138 5198 5677 7280
11945, 1289 7625 17513 17534 17813
11667, 1466 2272 3714 3751 6155
12679, 3276 8939 12102 17060 19637
3409, 52 2578 4652 5945 6343
12425, 585 5041 8310 14794 18977
6775, 893 9897 14239 17389 18057
7078, 7597 15213 27241 30453 30898
10616, 5572 8205 10546 13276 13885
10947, 2858 2924 5926 6254 6708
7670, 6182 10511 15089 19578 20798
14818, 4495 4659 5137 15402 15609
11917, 11366 12384 20011 21913 23030
7083, 1015 2049 3004 4496 4708
3705, 14664 15509 15789 20120 24236
11692, 6193 12160 21691 22180 24452
1460, 1502 4955 5425 7937 25513
8575, 4105 7992 10059 15971 20213
13474, 1448 8233 9114 9257 20255
7470, 176 6876 8721 8897 9415
36, 8447 17856 18911 31992 32479
10175, 6473 9853 16090 16724 27497
842, 146 445 1158 1442 1456
7583, 6363 9117 9794 17943 28607
15018, 909 2031 3704 4228 5656
13747, 909 1304 1617 2453 2623
14009, 883 909 3853 9366 9730
14781, 3954 6166 17486 17795 22393
1726, 228 1650 1836 2136 2167
5572, 9946 13020 21661 25670 33298
1875, 294 749 1083 1211 1805
14541, 3759 5002 5889 6014 6997
8025, 9380 10546 24257 26010 27132
3519, 5612 8504 10262 11758 13305
2957, 942 1147 4785 6442 8559
2301, 366 873 2143 2597 2844
11986, 3223 8146 11264 15593 18099
2434, 476 1574 10265 12100 17937
2026, 4972 7850 13142 16176 19095
6592, 2743 15917 21216 24547 25730
11489, 559 2712 11131 11477 22272
12353, 6892 10446 21099 23886 25209
662, 14747 15396 16694 17235 17380
27, 10059 11237 13782 16571 19987
11735, 8472 11147 13142 15593 19156
242, 1141 13069 14932 18383 19112
9090, 250 3840 6125 7814 10189
7628, 3499 5453 11872 12384 19404
11868, 753 877 3974 6271 6272
4445, 2133 4563 16030 19271 19973
11245, 1141 4104 4783 5352 20262
5859, 2971 4020 5279 7811 8187
1313, 2911 8548 8978 9978 11315
1071, 1605 8579 9556 14968 20262
10520, 627 6603 26468 28391 29157
1611, 4735 17696 23850 25656 27612
9229, 445 3431 3681 4262 6865
4955, 3156 3609 16955 22600 26131
1978, 1611 10446 11261 14322 18966
633, 1438 6038 8134 17529 17597
14601, 16923 21760 22875 23360 23836
11592, 2286 13530 15737 17380 17781
4932, 2523 3638 6699 7923 11259
7122, 5834 8758 11581 12806 16830
12788, 2824 7280 7301 9415 10203
6923, 3527 4819 4895 5767 6821
10275, 1477 16747 16988 20353 25672
2772, 345 420 1289 2627 3077
11650, 14630 23154 28189 28237 28817
8042, 76 899 1460 1544 1942
4319, 9130 12229 13489 17256 19093
6911, 775 3991 7562 11592 13516
927, 3674 5220 7555 11776 14351
6827, 353 963 1289 1617 1652
15175, 266 1814 3398 11579 12454
14826, 1290 4030 9831 12029 12160
3876, 5849 26473 29650 32117 32341
11800, 8013 13750 22229 23760 31633
1239, 2541 11005 12689 14800 15014
5154, 1397 6111 10907 15764 17648
10664, 5655 6951 8541 11624 13148
7146, 15677 18175 18900 19719 21834
7336, 2320 2339 2953 5292 7342
1325, 2566 7353 8999 14960 16510
14957, 988 7517 18217 19991 25533
8349, 2227 6254 6258 6421 28575
6044, 4626 5456 11097 17341 20937
888, 353 3922 5945 10018 14758
5986, 2559 3438 8336 10837 11683
14451, 3972 6111 7480 7592 7923
5541, 1246 5957 17590 24668 30061
14034, 1721 3102 13260 26529 30622
10763, 110 770 3407 9645 12007
7798, 3634 8394 13720 14933 19162
13184, 637 770 5002 5474 6721
14713, 479 3114 15080 21268 25275
1478, 3945 8482 11758 17732 18884
5899, 4 8181 9607 16425 17383
14118, 1289 2070 5578 5885 6595
9454, 1030 1057 1076 1644 1659
2026, 4972 7850 13142 16176 19095
14118, 1289 2070 5578 5885 6595
1003, 52 342 390 681 752
7996, 8759 24109 30117 34478 34743
5872, 1447 2227 5993 7579 11631
5070, 88 761 852 925 956
2924, 3511 3782 8268 17103 18512
8730, 284 2286 5208 6197 11805
10310, 61 7788 8040 10514 12734
4483, 2781 7822 18190 21304 25500
8203, 2911 4851 5054 7393 10701
7269, 759 960 1141 2911 5111
15337, 7364 14537 14770 26440 26472
36, 8447 17856 18911 31992 32479
9460, 2731 3759 10452 11398 14174
9346, 3324 3974 4327 8035 9797
14167, 10446 22813 23516 31992 35381
3576, 775 2098 6699 18719 24375
1178, 9855 15469 23516 23879 27376
13730, 360 773 1276 3732 4084
8750, 5062 6118 8457 9626 12924
10841, 5227 7759 14697 17708 20484
13203, 3847 5880 9535 11109 15983
2870, 263 347 373 1240 2928
4132, 1730 2623 2871 5578 6238
683, 2050 3302 8834 9489 10559
5845, 2464 4295 7592 9577 10963
14320, 2712 3527 5222 18468 19565
13317, 17272 20985 28199 30910 34351
2596, 314 13142 15352 17266 21495
9213, 2328 2923 3662 5488 6245
12988, 15762 16220 17221 18446 18588
10291, 1487 4639 13388 18735 21137
8349, 2227 6254 6258 6421 28575
8208, 5304 6592 19022 27502 30653
401, 149 2051 3242 4197 5484
10677, 553 8547 8966 9183 9718
5074, 4213 7375 7787 9631 10642
827, 2041 6552 8035 9793 18546
1673, 2108 12671 12725 14956 36461
11241, 1447 2164 5578 6132 6699
13274, 5111 6476 9052 13069 19478
349, 5945 6853 17732 19837 22976
4603, 6112 12512 19536 21101 22629
8874, 1817 4478 7314 8967 12185
5301, 4575 8243 13275 14272 20081
3011, 10193 12160 20635 31381 32025
6776, 551 7637 8050 11040 13368
11245, 1141 4104 4783 5352 20262
4919, 6442 8358 16484 18316 21101
7055, 8447 10446 13510 16155 16845
5154, 1397 6111 10907 15764 17648
13661, 3225 6623 12615 14015 17524
244, 3952 13247 17913 20459 21469
13458, 75 126 826 1009 2190
14287, 68 5225 6798 20985 27000
11945, 1289 7625 17513 17534 17813
4027, 2708 3292 3366 9098 10798
3025, 4859 5575 6699 9765 9893
2461, 3102 5304 15454 16616 19624
7211, 709 1395 2793 3609 4274
11648, 4280 8146 8576 18406 18873
3040, 2712 4470 7733 14020 14644
8662, 4104 7282 8189 11253 12354
10917, 5945 9035 10179 16153 20757
10854, 12583 13803 16153 19003 31220
11665, 4532 4546 10073 21589 22807
1282, 5403 6701 7567 12479 13590
10757, 4685 20177 20835 21867 22118
10616, 5572 8205 10546 13276 13885
13045, 2709 2978 13307 13510 16516
8566, 1097 2092 4228 5054 7360
6459, 5488 12492 14636 20635 20955
12745, 39 347 522 582 1378
11524, 3609 3954 4467 4468 4532
7940, 1116 6161 6615 12689 17537
9246, 1289 1447 1810 2053 3163
15023, 2518 10074 12635 17821 18062
5266, 3049 8519 10354 12351 25554
4380, 1444 1652 4800 5002 6461
2140, 1384 6463 8927 17830 18803
3594, 4720 8873 14575 14796 16977
4613, 15917 16586 17097 17128 19010
10807, 70 1832 6516 9224 14169
2895, 2227 4853 13241 13835 15280
6253, 1686 4096 10193 12384 12866
5387, 2622 22754 22757 24834 27343
7079, 6430 7931 19345 28541 36855
5692, 5447 6363 7380 11846 12944
5260, 1397 1447 2803 3315 3387
15018, 909 2031 3704 4228 5656
10162, 11323 13585 15687 15831 22384
10506, 5168 7296 13197 13862 13919
14723, 2556 6623 20213 22029 26626
7265, 180 912 2050 2631 5179
1673, 2108 12671 12725 14956 36461
300, 4207 5550 8042 8989 10703
2199, 4198 7390 7937 9078 14416
11868, 753 877 3974 6271 6272
406, 1686 2569 3431 5658 6552
7195, 1757 2990 7480 9765 11846
8566, 1097 2092 4228 5054 7360
1475, 4283 6262 9123 11682 17726
359, 9418 19130 19750 21592 22738
13307, 3820 8331 18456 19979 35964
2801, 1729 4020 5578 14480 23089
11670, 4414 5662 6798 7597 8278
702, 5947 9684 18303 18791 26477
7578, 775 909 1730 2041 2164
9712, 1456 16735 17445 29915 30514
7265, 180 912 2050 2631 5179
13045, 2709 2978 13307 13510 16516
10394, 14372 15672 19913 30137 35600
625, 1574 3457 5699 7481 12122
2565, 2569 14771 14908 24265 24834
7067, 8959 16153 19907 27139 36492
4335, 1289 7555 13064 13220 13727
13731, 5446 7838 14598 19785 20910
349, 5945 6853 17732 19837 22976
1467, 373 1318 1442 2583 2860
7078, 7597 15213 27241 30453 30898
8538, 184 2623 11327 17011 17756
9303, 6821 12653 15971 21913 25670
9796, 1001 1102 2844 6166 8796
12531, 269 942 1781 5425 7886
10168, 1694 4356 5849 12869 13961
1782, 1841 4138 5198 5677 7280
2001, 2334 3515 9052 9535 11366
6715, 228 1289 3077 4105 5926
4119, 547 4853 12001 16396 18164
5729, 140 9597 9745 10921 11534
7240, 2049 2578 14988 16825 19931
2631, 322 6821 8108 8187 11963
8926, 13733 16141 16544 17813 21125
548, 3168 3973 4368 8807 10357
6954, 909 1023 1596 1797 2073
3748, 269 579 718 1184 1543
168, 876 1853 17183 17471 21187
3754, 1709 8394 12454 12492 15037
8052, 5884 7903 9420 14351 26020
1333, 2741 4970 5200 7972 18714
6530, 8108 8117 9341 9803 17791
11894, 6743 14171 20400 25304 28862
3109, 1569 10305 13016 19242 24103
9384, 5589 5827 6595 12478 20327
13511, 1729 2108 2803 3242 3439
4724, 4883 8039 20151 23282 28164
5002, 10469 14537 15593 18217 19991
5759, 1074 2227 2580 2644 3835
7245, 19478 20608 23500 25150 28289
8243, 562 706 960 2892 5279
13000, 129 1064 1306 2642 3077
3005, 8235 9863 12669 16505 24716
4027, 2708 3292 3366 9098 10798
11319, 2406 5184 17272 19887 26658
6244, 2473 5269 7036 8655 13028
7369, 228 1141 6262 7407 8599
14437, 5137 5224 7107 12695 13507
3778, 6254 10200 18662 25257 25363
10810, 4 29 91 627 1074
6038, 149 6547 7342 13726 14669
3561, 4475 15973 16425 17782 24294
7628, 3499 5453 11872 12384 19404
4097, 1289 2143 2232 2686 3456
14595, 14270 14623 16269 16397 16877
12909, 1397 4762 6461 7585 7614
15369, 1853 6592 6871 13116 23516
9303, 6821 12653 15971 21913 25670
2557, 228 775 3704 8297 14707
9050, 559 4173 4546 6482 7001
10448, 562 4646 9420 9796 10915
4217, 3821 6375 6829 14416 22634
406, 1686 2569 3431 5658 6552
13724, 850 13281 15599 19507 19642
11538, 1447 2781 9324 13470 14599
263, 3641 4187 6629 10578 16175
2476, 15687 17352 18546 20955 23123
976, 3077 4475 16572 17323 18164
1221, 1397 13733 20947 21443 27650
6268, 2227 2262 2578 3564 4015
1853, 100 114 254 2012 6039
13722, 846 8606 9927 11081 17767
10954, 2090 3527 5929 10231 11900
7910, 445 1055 1289 1498 1531
8912, 1304 5157 8996 13422 14537
9656, 5971 6042 8499 9831 10125
11510, 1447 6111 9577 10644 27650
2611, 2061 2623 3129 8108 8736
4530, 3048 3497 10644 12372 13300
8730, 284 2286 5208 6197 11805
7876, 2041 6111 10082 13886 23516
10650, 2522 2915 4104 9175 9577
8310, 1603 2666 2833 3123 5044
2978, 5536 7355 14140 19313 26248
13016, 1762 2912 3633 8476 21265
3198, 5292 6132 6343 26197 30898
6598, 551 1219 7967 8751 21245
11378, 14532 14669 21372 22125 23850
8544, 2497 2709 2824 3661 5304
12877, 1076 2464 7585 12866 14616
10034, 4138 12255 25818 34234 34561
13506, 3599 10722 21166 22002 23008
2662, 6990 9018 11542 11828 12271
3020, 184 3456 3662 4406 15482
10854, 12583 13803 16153 19003 31220
7072, 1001 1299 1411 8672 11363
8413, 775 11918 12653 21601 24639
1732, 6411 7948 10422 10425 17138
1672, 1397 2522 6111 7501 8759
8478, 208 273 500 551 1430
6433, 1430 2580 2911 6237 9243
9427, 5928 6374 14630 19332 30453
12888, 1678 3066 7421 8519 9535
7483, 706 2108 3983 14785 19156
9175, 4976 6442 22604 26458 33879
12263, 1142 1310 2034 6246 7714
4353, 2818 5352 6343 8752 10402
5687, 7001 14572 14707 18826 21187
15298, 1267 5818 11811 17696 19618
14512, 8426 13016 14357 16271 16425
13686, 353 1444 1745 2068 6978
14834, 993 2714 3847 5184 7415
2878, 2108 2227 4731 6552 7597
1325, 2566 7353 8999 14960 16510
9860, 52 1024 1388 1603 1904
10509, 5292 6821 11259 19072 22328
12348, 6903 14001 25080 26214 29239
14427, 11259 13886 26529 26743 30964
12004, 8013 12997 17936 18178 23089
13051, 2090 10301 12606 13390 13491
13870, 266 423 691 1149 1732
13338, 1759 2817 3077 3366 11141
9464, 1652 3316 11977 13897 15957
10198, 75 2227 3974 4381 5945
5115, 5545 8996 12763 17064 24362
520, 1559 13057 15973 16511 17708
2617, 12720 13473 19939 23059 30182
13720, 7759 10415 11624 13659 16571
8418, 1207 1832 2024 4171 4225
3116, 12007 16566 16671 29656 30599
12072, 100 1397 7751 17564 21617
7680, 7520 7921 16141 19991 26276
4543, 3515 11219 15037 16409 19112
9390, 3853 10741 10796 13301 17383
10136, 1076 2442 8145 11767 13323
7369, 228 1141 6262 7407 8599
2915, 3192 3436 4993 6743 8442
12648, 5861 13754 22813 25286 26726
11406, 4230 7480 10261 22136 28966
1446, 1460 12060 12866 21671 23137
3225, 1695 2108 5360 7022 10278
10415, 16826 22328 25696 27502 30058
7583, 6363 9117 9794 17943 28607
5423, 11109 18389 18513 28650 29255
5432, 1438 3439 3680 3735 4491
13924, 1469 4800 5312 21340 25493
14152, 1785 2576 5013 13400 26754
2057, 7569 13662 14229 18512 22385
12212, 162 8049 14229 17826 26625
1132, 2143 4228 8496 14734 16902
10991, 1745 12369 17717 23314 34561
12743, 1289 3527 3704 5128 11512
6321, 1258 2972 6700 8368 18127
6120, 197 269 398 690 942
12480, 781 942 1290 1306 1728
4460, 1436 9913 27206 28030 29485
13179, 5945 6853 7704 11210 11868
15110, 976 2523 4036 4195 4543
5064, 9704 11210 13797 14872 17140
13126, 6853 16257 17813 18791 23802
8887, 146 559 4148 5066 5310
8941, 5293 17657 17748 20620 26201
13940, 1447 4327 7086 18170 21505
3422, 612 2339 2953 8959 10542
10954, 2090 3527 5929 10231 11900
7062, 1184 1447 2522 4823 4904
4244, 370 1456 1977 2532 7415
2492, 4740 24914 30511 32308 33726
8990, 133 357 1258 1438 1733
3767, 843 7558 7876 8549 10305
6872, 8295 13533 19107 21601 22869
662, 14747 15396 16694 17235 17380
2562, 2578 4228 4410 6461 8606
15365, 2464 6769 7274 7705 17483
3602, 775 4796 7923 9178 11392
2053, 759 1185 1289 2053 14537
3428, 8096 14533 18694 28716 32213
1094, 311 1590 3943 6503 6821
2705, 2892 7368 21691 23293 23987
10040, 100 10047 11329 15280 24758
5349, 5730 7447 8100 13705 17398
1803, 14790 16065 21081 22215 25627
12531, 269 942 1781 5425 7886
957, 2364 9552 10085 16426 21825
6469, 4 445 722 1289 1900
13787, 6 4407 4586 6568 8452
2561, 2820 3456 12454 29901 29915
1594, 6430 7083 9669 15222 19314
9245, 3904 11411 19300 19425 19548
7047, 1399 2582 13213 14624 15382
12508, 6254 8759 18694 19109 19981
7628, 3499 5453 11872 12384 19404
10168, 1694 4356 5849 12869 13961
10341, 2578 3431 13451 23363 33173
1162, 13061 14636 15687 25196 26104
11664, 1873 4532 4955 5176 6699
7656, 2339 2756 3077 12264 24880
12608, 953 4109 8181 8366 8421
10344, 531 534 562 1053 2068
4960, 1610 3499 10782 17246 26525
7975, 4809 8549 15378 16527 23722
6459, 5488 12492 14636 20635 20955
3543, 2041 9420 18200 19022 25363
7571, 2446 2715 19460 25476 27836
6419, 306 2709 16677 20569 28590
1791, 2522 2623 2642 3828 4853
14009, 883 909 3853 9366 9730
1608, 9607 17463 19665 21358 23410
15159, 4310 10134 10663 22553 23213
10532, 4993 17207 19837 23506 25581
10901, 7343 7733 9735 26951 28648
4568, 9856 10915 18256 25383 25943
4665, 4247 4814 7498 8447 9831
10048, 1370 2623 3875 10997 11109
803, 4398 11781 17207 17383 20941
15351, 52 1184 1977 2523 3515
13629, 4340 13643 16884 25984 30379
8592, 228 2504 3398 4373 9267
12339, 4546 5403 9655 11259 13416
7589, 4005 6376 9148 18886 35317
14196, 6552 8216 17266 24786 27502
4550, 2537 6442 6478 8376 11473
6087, 1853 5713 7076 8606 9233
4340, 2677 5575 6773 8411 12102
1051, 2108 25286 25629 31633 32308
3206, 2049 2522 6111 6773 10469
11352, 6637 14707 17681 18987 23779
8722, 5531 6508 6627 6951 7175
1434, 13101 13223 15803 19592 20608
10476, 3532 3922 8710 11556 14741
5102, 600 9349 9942 14762 16142
9962, 2822 7520 7592 14507 16155
1139, 4020 10115 18434 23569 23949
1165, 3102 4039 5806 7984 9577
3803, 6627 14767 17272 21412 35100
11954, 1333 3119 5408 7023 7657
1666, 9302 13198 13752 14537 20977
12216, 752 1037 5002 6879 9380
8598, 9300 19642 24034 27943 32291
5522, 1153 1397 2262 2447 3928
5293, 1203 5713 9793 10342 14777
2199, 4198 7390 7937 9078 14416
12028, 17463 18629 29707 30821 33194
7875, 2781 3366 4708 5578 5844
1992, 6876 9925 15284 16741 17055
8659, 5135 5633 6461 31383 32213
2558, 8756 14043 18099 22331 26547
6741, 3974 5018 8933 13015 13489
3710, 1452 1797 2597 5861 6294
13898, 2320 2464 5527 5699 5713
194, 2290 3242 3263 4077 4402
5610, 759 3527 6773 7815 9052
1580, 8447 9730 12866 22029 24626
11077, 6111 6773 8205 9735 18099
7282, 11081 11366 16257 18546 25624
8564, 4 279 612 1730 1836
15197, 3704 8284 9607 12019 15280
8197, 2234 2911 3223 6839 21197
5042, 2125 2202 2322 3220 9191
5042, 2125 2202 2322 3220 9191
10423, 3527 9893 12866 17463 35100
1565, 2151 8549 14351 14629 17380
3988, 4105 8260 11624 13512 17708
7987, 6500 7851 8113 11544 20063
5859, 2971 4020 5279 7811 8187
8564, 4 279 612 1730 1836
6968, 2978 8599 10193 11733 18970
272, 4941 7393 8866 14076 16125
12267, 623 1912 2164 2614 3050
8706, 337 3070 6461 8575 15216
7500, 1447 6085 8170 10446 12029
5196, 1611 1841 10115 12479 16271
15313, 579 3407 7592 17696 23030
13402, 3456 3499 4976 10200 11012
10719, 2671 12734 15508 17089 20776
14533, 8559 10300 11041 11750 22546
4319, 9130 12229 13489 17256 19093
10365, 2339 2519 2623 3398 3680
4665, 4247 4814 7498 8447 9831
9275, 2227 8426 10082 12102 15086
3951, 8519 9476 14734 17207 17529
11109, 598 876 5208 7149 9607
1705, 3674 6461 10059 14709 15737
419, 2417 2924 3497 5713 7811
11072, 3826 14932 19632 20620 22850
8564, 4 279 612 1730 1836
11046, 15593 23089 24991 27016 29452
7723, 11966 17239 18546 24716 29777
12063, 2161 7402 15086 17278 19525
10432, 603 1858 2464 3992 4386
9935, 3216 10488 13701 26346 32727
4900, 418 2068 8519 11731 35092
8112, 926 3661 5133 10592 30910
7031, 1618 2459 3951 7147 7898
9587, 194 424 579 912 1289
10719, 2671 12734 15508 17089 20776
5986, 2559 3438 8336 10837 11683
11046, 15593 23089 24991 27016 29452
3997, 194 228 233 394 689
9786, 30 1676 5345 6700 10190
1055, 3077 19907 20484 22776 23211
5649, 269 8504 10446 14118 17463
1365, 3662 10758 22040 27943 30796
13634, 1606 2284 2406 2622 3262
2458, 612 5578 10200 16761 18418
13442, 1465 6334 10579 13855 22254
13366, 114 2561 5292 7759 21649
13376, 4735 6152 11863 15222 15973
9905, 1015 3254 4452 7559 7604
13169, 171 194 747 960 2108
11118, 347 9750 10394 11906 16884
7122, 5834 8758 11581 12806 16830
8629, 3102 3943 5525 6255 8413
6328, 5707 16492 17287 20246 21918
7957, 1783 2629 9074 11048 20158
7784, 16802 17408 19164 19713 19799
10070, 8035 10446 21589 22975 26340
1478, 3945 8482 11758 17732 18884
7924, 1459 5712 5832 8501 8630
4684, 228 1873 1977 2522 2523
1673, 2108 12671 12725 14956 36461
12187, 9148 9684 15195 17813 17982
322, 4605 10672 14734 21116 23213
219, 387 617 909 1292 2451
4742, 2898 5292 6482 11891 12007
1801, 505 12109 15566 21678 23516
9360, 8040 12997 14728 19127 26335
168, 876 1853 17183 17471 21187
1978, 1611 10446 11261 14322 18966
11241, 1447 2164 5578 6132 6699
13458, 75 126 826 1009 2190
6328, 5707 16492 17287 20246 21918
13467, 1289 1438 1762 3456 7501
2701, 535 2050 2108 2522 3623
9213, 2328 2923 3662 5488 6245
5338, 282 3050 3207 3473 3644
6430, 1119 1740 3493 3800 5028
6235, 100 1030 2731 3645 5128
2762, 2623 5945 11323 17389 21780
392, 8983 9723 9750 18355 18418
3638, 6769 9635 10276 14173 15094
4702, 4039 12295 22775 27299 27322
14320, 2712 3527 5222 18468 19565
10953, 2143 4814 11109 13061 13094
11491, 6493 12566 13947 26685 35894
11787, 5176 6699 7923 8519 9420
10890, 2523 6314 14932 15280 22003
2345, 2181 3930 15773 16025 16797
4188, 3609 5050 5578 5879 9607
170, 12368 21020 23722 25150 28819
3705, 14664 15509 15789 20120 24236
5855, 2320 2792 5632 7937 7967
14925, 344 1258 2164 2575 2844
5039, 5945 9735 21505 22579 29383
7549, 1577 2050 2284 2953 3305
13474, 1448 8233 9114 9257 20255
8507, 3213 12124 26391 30982 33250
3118, 3216 4105 7150 12384 14572
10409, 4380 10569 17732 24171 27409
7084, 2911 6592 12454 22312 34657
1159, 3599 14036 19804 20413 21031
5083, 1873 4851 5488 11531 14232
13828, 1012 12297 15442 22757 32393
887, 2222 6035 12196 13630 16597
13059, 6841 13355 17524 23125 24412
13094, 4328 5683 8146 17463 20757
4833, 1303 3691 17709 18028 19381
5862, 2101 2329 2481 3797 3897
8598, 9300 19642 24034 27943 32291
9949, 1076 3674 10452 16653 17648
4483, 2781 7822 18190 21304 25500
2792, 2161 4398 7788 9012 9704
6853, 3505 5145 8599 9123 9635
6617, 5578 8145 9052 31254 35300
11494, 197 1008 1378 1411 2228
780, 392 395 3007 3826 6112
12857, 252 824 5425 5562 8205
8406, 121 696 1730 2320 2759
13554, 5227 5352 5575 5699 21125
15081, 5227 5352 5713 9420 14101
10136, 1076 2442 8145 11767 13323
10953, 2143 4814 11109 13061 13094
14073, 361 12062 16511 18001 20748
3281, 562 7021 7811 8488 9239
9726, 612 15566 24118 25424 26951
12099, 986 1592 5655 8099 8834
6101, 1725 2870 11914 11936 13422
9530, 1836 8814 25413 26621 29219
10573, 1103 3150 3704 7195 7510
6651, 53 61 250 252 304
7160, 1412 1518 8359 14804 15222
900, 1076 9476 9893 19544 23540
9319, 3028 3288 3456 6314 14738
194, 2290 3242 3263 4077 4402
9561, 529 2123 2914 4113 4965
8564, 4 279 612 1730 1836
11018, 3975 4144 15930 17240 25331
9682, 4762 7415 12305 18049 19785
3519, 5612 8504 10262 11758 13305
6826, 7597 12841 15687 26401 28067
6367, 1056 2186 5729 7417 20753
1123, 17389 20262 21263 22850 28966
2959, 689 2566 3717 3974 4105
11069, 942 1447 1810 7368 7573
11685, 11677 14835 17762 19564 23710
1363, 2938 11960 16753 17557 19757
13977, 180 3764 4752 5827 7659
14475, 2320 17380 26346 27135 28587
13126, 6853 16257 17813 18791 23802
8853, 2042 10296 12642 14664 22458
14235, 205 1688 3751 12463 17994
11626, 553 1498 3857 4543 13711
8321, 12097 17524 17717 19618 20262
11755, 11366 13502 17463 18389 24512
11489, 559 2712 11131 11477 22272
4154, 171 269 551 709 1695
9178, 1904 2290 2490 2836 6522
6121, 306 1826 5992 11802 31136
12119, 2049 3456 9576 9913 23081
8277, 7677 13530 16499 24294 25215
219, 387 617 909 1292 2451
4198, 4833 12074 13746 22496 26325
13051, 2090 10301 12606 13390 13491
11015, 4854 7713 10387 24885 25445
12888, 1678 3066 7421 8519 9535
4208, 102 5292 6197 8549 9626
3635, 1335 2041 2125 3137 3514
4702, 4039 12295 22775 27299 27322
11933, 346 1303 1690 8589 9033
8109, 293 1292 1819 3944 4315
8905, 6871 14328 17781 17782 18027
14701, 2695 11259 12454 15345 16153
9227, 12029 17187 17463 29805 30755
5508, 4504 4833 6405 15826 28704
10092, 6580 10059 19803 20975 25136
10460, 1397 3704 5292 5361 7585
9799, 353 1824 2049 6592 8447
4217, 3821 6375 6829 14416 22634
1123, 17389 20262 21263 22850 28966
2732, 39 970 1015 1447 2523
2624, 269 1447 14599 28341 35100
14957, 988 7517 18217 19991 25533
12984, 14775 17573 17648 23374 26197
9169, 10885 14765 22177 25575 26213
5900, 58 3431 5138 5248 6595
8413, 775 11918 12653 21601 24639
1674, 3165 3380 3564 3985 4266
4427, 553 1977 4423 9893 10860
15114, 1076 2578 9577 10446 11366
14065, 4886 5331 6725 8609 9415
631, 11731 14508 23756 26658 27339
13870, 266 423 691 1149 1732
10520, 627 6603 26468 28391 29157
6054, 1448 4475 11458 13530 17198
12282, 269 3115 6314 8717 9577
8013, 3318 3328 4894 6276 6566
10125, 7373 9035 9300 14651 18546
3094, 2447 11631 12503 13067 13782
1524, 580 3631 7597 12520 14746
9583, 1576 4102 14669 17380 27241
1790, 3680 4708 11880 13116 13344
3452, 6623 7614 8555 13249 13385
6952, 220 13947 15975 17626 22054
11898, 2836 2990 3628 6089 6855
13792, 1678 3413 4038 5447 6580
9339, 626 1074 4545 7984 8571
3842, 2272 8420 8788 10640 16903
6038, 149 6547 7342 13726 14669
1798, 2958 3515 4444 5248 12340
10439, 1289 2143 5589 6627 6876
6798, 253 8040 8848 9014 10158
10745, 3937 3980 8763 10824 11041
8109, 293 1292 1819 3944 4315
671, 4020 6111 6821 18116 26951
4621, 2108 13220 23188 24786 28063
7124, 2464 7880 7984 12516 21099
8566, 1097 2092 4228 5054 7360
10070, 8035 10446 21589 22975 26340
13404, 551 3077 3387 3841 7098
1359, 2389 4807 9824 27078 32573
170, 12368 21020 23722 25150 28819
4620, 3665 8096 9855 14738 15469
8112, 926 3661 5133 10592 30910
12220, 2898 3474 6343 8599 16753
4393, 3661 3841 19861 27741 28199
1774, 1048 1117 15500 15678 21362
11761, 848 5485 7037 7597 11724
15042, 612 3431 6193 8536 9639
423, 1203 2071 2644 3841 4244
3904, 6917 7337 7887 7925 10160
2617, 12720 13473 19939 23059 30182
12666, 1853 4785 5489 6102 7829
3950, 6014 6128 8666 21717 25500
13676, 223 290 522 915 1783
11258, 441 522 626 1053 1073
1165, 3102 4039 5806 7984 9577
5423, 11109 18389 18513 28650 29255
900, 1076 9476 9893 19544 23540
6571, 3366 3755 3922 10047 10446
11773, 7614 9164 12354 14598 16153
8021, 2357 6985 7835 11067 18390
11844, 1652 6637 9415 11648 13530
11489, 559 2712 11131 11477 22272
14246, 75 149 4077 11458 12632
473, 4038 7036 9123 17529 21412
625, 1574 3457 5699 7481 12122
8699, 5504 6117 6461 10685 11781
9339, 626 1074 4545 7984 8571
3054, 1192 3951 5644 6204 10927
3750, 4708 12734 17564 17648 18200
13823, 12271 12851 14553 16425 27343
11464, 6699 9420 13367 22976 24626
4216, 14404 22543 25444 27384 31291
5152, 56 146 366 535 692
10662, 2989 18303 19803 26743 27727
4998, 4105 4735 12264 14264 21484
13686, 353 1444 1745 2068 6978
4672, 6844 7537 8949 10203 19101
1533, 1378 1795 2163 2425 4708
8727, 1306 5286 11435 17938 25243
7380, 8504 10446 13257 14260 17676
359, 9418 19130 19750 21592 22738
14404, 12 2339 2561 3841 5850
228, 6274 11904 12863 14202 22525
4826, 1576 2016 9730 11624 27388
7753, 7481 7811 12997 13886 14599
11686, 603 1617 1853 3007 3584
1123, 17389 20262 21263 22850 28966
6407, 17383 17732 19396 22272 24515
3577, 373 2128 2135 2274 2616
2002, 21221 22963 23222 28318 30464
14437, 5137 5224 7107 12695 13507
13420, 3515 5002 6193 6531 8338
3821, 3670 10963 12261 19981 22796
14541, 3759 5002 5889 6014 6997
3934, 4064 9831 20635 23374 26285
3271, 2234 11366 18546 20620 20955
7996, 8759 24109 30117 34478 34743
14532, 1057 1826 2656 11210 13211
8863, 5578 6595 8504 17529 18719
9440, 876 1033 1654 3661 4122
4721, 198 228 1398 2309 2449
10509, 5292 6821 11259 19072 22328
10432, 603 1858 2464 3992 4386
14475, 2320 17380 26346 27135 28587
8770, 5138 9693 10850 12384 18168
11237, 6791 17587 26138 28341 28514
2346, 417 861 909 1009 1447
10876, 6068 6821 13502 13922 16339
2625, 3281 4823 7168 11526 16408
10410, 13585 13727 19849 27899 28053
9245, 3904 11411 19300 19425 19548
12433, 1306 3899 6734 10200 11413
88, 250 3120 4082 4658 13490
9317, 14616 16687 24368 30616 31136
10238, 3503 5488 12318 14155 14728
12860, 464 535 1289 3431 6130
11085, 626 6491 16367 19565 20919
3169, 9735 10915 12271 18222 22663
6199, 366 2677 8278 11707 13130
8071, 4 753 875 918 1647
12961, 75 339 472 505 786
7534, 1524 7541 10465 14573 20803
4185, 3366 6703 15293 19642 23638
5357, 876 1209 1304 1456 3281
8315, 5256 5470 10301 13574 16162
11715, 1153 17034 17287 20256 23831
8776, 184 2852 3671 4525 5161
8512, 327 942 2523 4052 4896
13404, 551 3077 3387 3841 7098
13929, 3217 7014 9305 14653 24168
4872, 1910 2355 3474 3985 4467
820, 1732 1759 4925 6454 7966
3126, 573 2053 3745 7069 10959
12574, 1397 2623 5225 9040 10059
11628, 1209 9172 27675 29737 30223
5561, 7584 11448 17881 18016 34954
11304, 3985 6871 8447 9576 9893
1718, 5022 7751 8206 13042 18741
6667, 562 718 6773 13451 23516
2281, 75 4301 4470 5050 6123
2617, 12720 13473 19939 23059 30182
11586, 10060 28235 31597 32211 33933
13630, 2528 3236 4219 8035 8806
9275, 2227 8426 10082 12102 15086
6675, 2911 3735 4578 4753 5504
10794, 1436 2798 8327 8522 9770
5625, 9516 9854 17541 18016 26867
10176, 3092 5652 7972 8149 17769
3964, 2049 2234 12354 15743 17328
6207, 8649 26248 28950 29612 35329
10516, 2578 2960 3271 19101 19244
6531, 4735 6476 6627 7759 9012
11237, 6791 17587 26138 28341 28514
14065, 4886 5331 6725 8609 9415
12449, 4321 4752 9066 9293 9831
7574, 3398 6314 6592 7451 10430
5042, 2125 2202 2322 3220 9191
12482, 10200 21081 24327 25722 29692
6972, 314 5767 7788 8039 9833
6373, 543 7336 9787 12594 16260
4669, 3283 4515 4722 6003 10551
10657, 18719 22215 23480 29650 31102
8173, 4197 21859 26094 26234 28303
11892, 723 2971 13889 14101 14796
5711, 75 946 8191 8792 18105
13868, 2836 9495 11781 13216 19554
8626, 2108 13001 13502 14289 18200
12884, 4681 5926 6829 12019 14162
2001, 2334 3515 9052 9535 11366
948, 1480 3456 10200 26681 34419
9329, 1538 7696 9213 12550 20144
6448, 5352 17507 20819 24124 24447
1675, 1738 2339 3077 8039 9934
2360, 2892 6314 6478 7406 7415
9566, 42 3119 5707 6314 8488
441, 184 9730 18168 24512 25624
10238, 3503 5488 12318 14155 14728
15365, 2464 6769 7274 7705 17483
6148, 2236 2792 3216 4441 7179
9181, 1209 6284 8922 18577 19036
5636, 88 534 1258 1745 1826
2243, 7806 8006 12761 17206 23830
2873, 5633 7498 7537 10200 10241
3126, 573 2053 3745 7069 10959
8862, 1421 22232 27512 29851 31366
831, 718 2170 11426 13697 16276
15346, 4341 9902 12084 18077 20964
7044, 1113 11607 11871 13178 30804
14461, 2928 2943 3246 3921 4003
12146, 9577 10446 21406 30653 33173
5815, 6637 7118 18170 19725 28575
3171, 615 2464 2671 5038 5054
549, 1074 1485 3220 3419 6826
5775, 266 4475 6122 9125 14020
3123, 269 2911 5806 13035 20468
1926, 5945 20620 28966 29255 31250
12848, 4040 6925 7096 8512 10609
15007, 1456 3899 4187 9404 11554
1973, 934 3077 6413 6580 6760
1003, 52 342 390 681 752
13044, 7031 12222 12564 13451 17748
11650, 14630 23154 28189 28237 28817
11705, 2143 4374 11526 15764 16646
13912, 3276 3674 4319 12030 14644
7780, 2417 3432 3841 5578 5652
5830, 133 753 9681 13701 15983
7265, 180 912 2050 2631 5179
12496, 4341 4426 4783 6461 9913
15351, 52 1184 1977 2523 3515
819, 21239 21263 22571 23598 25382
10954, 2090 3527 5929 10231 11900
8357, 7592 8149 8426 10200 20620
6931, 1076 2143 6111 7114 8549
11692, 6193 12160 21691 22180 24452
1670, 942 2041 6637 14533 14616
7124, 2464 7880 7984 12516 21099
12275, 121 3661 3974 5216 6461
8418, 1207 1832 2024 4171 4225
7236, 2339 11891 12635 16753 25967
7876, 2041 6111 10082 13886 23516
12984, 14775 17573 17648 23374 26197
4460, 1436 9913 27206 28030 29485
927, 3674 5220 7555 11776 14351
2640, 5128 10672 14372 15625 16367
620, 3689 4015 10161 10450 13981
675, 2464 6294 8013 9644 17645
13241, 228 2080 3527 4893 7624
5940, 2623 13367 15732 19022 23188
15071, 5184 8549 14976 15246 23662
15174, 960 2911 3413 4708 4904
5071, 562 3937 7368 8519 8796
7936, 2442 16098 17090 25506 32916
6356, 1209 2041 6111 12866 15593
8349, 2227 6254 6258 6421 28575
1151, 14101 17881 19817 20250 20649
12884, 4681 5926 6829 12019 14162
2663, 5227 9178 18136 20941 23089
13010, 1618 9893 17717 20836 23388
3091, 378 4555 5940 6478 7508
4185, 3366 6703 15293 19642 23638
1517, 49 3972 9012 9607 24519
14093, 5292 6623 15971 16571 18060
10532, 4993 17207 19837 23506 25581
13502, 718 2143 3527 4800 6111
10757, 4685 20177 20835 21867 22118
3607, 1340 2911 3943 6254 7049
10205, 551 5138 7481 8156 9607
1670, 942 2041 6637 14533 14616
5417, 2143 7480 12841 14988 15293
10448, 562 4646 9420 9796 10915
10776, 2364 6953 7504 9045 9713
12473, 260 2912 3083 3532 3585
13492, 1360 1569 2041 9669 12697
7470, 176 6876 8721 8897 9415
1673, 2108 12671 12725 14956 36461
10994, 469 16400 18321 19132 24435
6032, 2709 6009 13471 15971 19130
7584, 339 760 983 2522 5123
359, 9418 19130 19750 21592 22738
7253, 1447 9577 13142 15662 18389
5501, 4646 5184 12558 18383 21381
1690, 3985 13142 17676 18708 19332
5541, 1246 5957 17590 24668 30061
12504, 752 2569 7961 13423 30433
11665, 4532 4546 10073 21589 22807
9117, 573 6476 10546 12034 17463
2277, 6066 17969 19188 26285 35224
13328, 876 3826 3958 4279 6801
13112, 1076 16272 17815 21099 21296
9819, 3924 9354 10685 13886 15452
13595, 4532 10892 12049 18192 20692
5730, 6046 6699 13784 15697 22324
12220, 2898 3474 6343 8599 16753
7951, 307 20348 26289 27610 30526
5872, 1447 2227 5993 7579 11631
7862, 603 1290 3318 8028 11392
15160, 8496 16646 18117 23049 26605
8594, 184 1652 3515 3661 5884
1973, 934 3077 6413 6580 6760
7671, 6801 14932 17381 19027 20348
12091, 8205 8519 14899 18427 21913
8575, 4105 7992 10059 15971 20213
5039, 5945 9735 21505 22579 29383
3594, 4720 8873 14575 14796 16977
4881, 103 238 424 711 786
7288, 3785 22837 24217 27521 29261
2079, 2219 2337 2952 3631 16152
8613, 8259 18026 18233 18456 19104
8, 4244 5681 10028 10766 14976
14965, 1489 6274 9484 11260 14630
7457, 3665 4814 8239 9214 11356
8676, 1203 12102 18260 24195 26769
1726, 228 1650 1836 2136 2167
13511, 1729 2108 2803 3242 3439
1318, 2561 11505 17815 20955 23302
7829, 345 3717 8629 10919 13372
7613, 375 2049 3751 4039 7253
6573, 2890 9329 10030 13373 13560
8723, 1235 1304 1397 3661 4373
5610, 759 3527 6773 7815 9052
14851, 1498 2309 2634 8930 18605
5136, 1518 1560 4100 4235 7584
10171, 403 4219 5255 9784 26713
4286, 843 3978 22859 25496 27132
11406, 4230 7480 10261 22136 28966
5524, 3431 5149 6319 9415 10158
4869, 9074 14616 16367 21505 21912
15310, 2988 6249 6708 14414 25421
2316, 3751 5010 7922 12313 17606
10349, 855 2991 6214 23466 30901
6657, 1185 1289 3007 3665 3841
4978, 269 6391 7933 12338 14599
9317, 14616 16687 24368 30616 31136
2978, 5536 7355 14140 19313 26248
936, 3661 9728 13061 13067 18099
3287, 553 1543 2634 2928 3165
3499, 4228 5225 9684 11126 11366
11395, 5050 24980 25471 27847 34157
15008, 2227 3077 6132 6281 7597
14208, 1600 2041 2441 2442 2569
7907, 3787 10200 14518 18389 18551
4653, 1627 8872 17240 21996 28153
6357, 131 689 848 1124 1360
94, 8855 10271 14959 23240 26626
9876, 1286 1544 6386 11987 13630
14287, 68 5225 6798 20985 27000
417, 5747 6516 11665 27052 27816
4319, 9130 12229 13489 17256 19093
9170, 2580 3431 5279 11781 12897
3956, 5145 9472 10854 16793 17368
7846, 993 10206 19659 20279 21245
4025, 6301 10365 17150 18206 21352
5650, 1447 7274 8717 9607 10082
10092, 6580 10059 19803 20975 25136
10190, 4143 5584 6771 7096 8353
6342, 2578 3598 4381 4800 5779
8887, 146 559 4148 5066 5310
4119, 547 4853 12001 16396 18164
10000, 2339 4926 9012 13998 25656
4773, 197 1411 4967 7130 9337
1162, 13061 14636 15687 25196 26104
602, 2574 3386 5715 6054 6135
13041, 3958 9456 18200 19705 20063
948, 1480 3456 10200 26681 34419
15293, 260 4423 10304 17590 18648
12535, 3661 13880 14508 24562 26333
13513, 739 1480 3991 5939 6450
4280, 5248 9074 16425 26325 28964
15252, 75 867 2712 3670 5349
12444, 528 658 3176 8229 8931
14168, 3841 11472 14734 15258 17936
1978, 1611 10446 11261 14322 18966
2123, 4814 5993 6627 7984 8519
15301, 7635 15200 17918 21992 25035
6640, 4862 5704 21565 27420 29407
9398, 13355 13401 15803 17524 18167
9060, 366 1448 1559 2424 4475
5976, 551 1209 7168 10082 15086
14497, 2712 4659 4814 6595 6773
2953, 2782 4244 17313 20423 22615
3277, 79 7938 9416 9467 10258
8, 4244 5681 10028 10766 14976
15008, 2227 3077 6132 6281 7597
12204, 1289 3527 5834 14525 16766
7838, 3587 14852 15204 16614 19975
3951, 8519 9476 14734 17207 17529
4791, 4862 8709 9246 14747 21406
15291, 2339 5577 9186 10514 10685
14032, 70 366 1759 2623 3118
7252, 2041 2049 17445 17686 18546
4518, 963 1721 1904 2364 2599
5293, 1203 5713 9793 10342 14777
8375, 2108 4685 5527 10446 30261
5544, 4386 15615 18142 19785 29448
14846, 4373 23014 25515 27885 32916
6282, 4180 11253 11964 14366 16482
6887, 20282 23514 26932 32038 34005
8335, 1397 3496 4219 5111 6892
5301, 4575 8243 13275 14272 20081
8273, 12900 15993 16858 27973 29711
6445, 6461 7432 8035 8156 9735
12769, 1619 4199 4525 9770 10082
9129, 54 5138 7274 22094 24804
13924, 1469 4800 5312 21340 25493
12743, 1289 3527 3704 5128 11512
12666, 1853 4785 5489 6102 7829
1056, 283 2289 12634 15105 29030
9390, 3853 10741 10796 13301 17383
27, 10059 11237 13782 16571 19987
1397, 1729 14154 14174 14351 16666
12743, 1289 3527 3704 5128 11512
9705, 4708 13746 14553 14616 18694
9732, 2447 3681 5352 6461 7657
10578, 252 6782 9422 10231 21739
548, 3168 3973 4368 8807 10357
3534, 3004 3006 13061 14336 29081
1161, 6589 10092 12293 19810 27237
2663, 5227 9178 18136 20941 23089
13498, 6027 6699 11492 16372 18170
2766, 11166 13016 14020 15973 28401
13125, 11259 16826 19748 27569 30360
7656, 2339 2756 3077 12264 24880
11050, 2695 4100 6601 15451 19188
11755, 11366 13502 17463 18389 24512
9164, 846 2578 6727 10491 12454
13027, 2041 6627 12354 18099 23293
14208, 1600 2041 2441 2442 2569
5798, 551 6997 14001 14414 14647
10204, 6637 11435 12491 13708 14128
11867, 6595 6627 7597 7704 8156
300, 4207 5550 8042 8989 10703
12419, 958 10497 12912 19502 36104
12146, 9577 10446 21406 30653 33173
14492, 54 505 535 2036 2781
10253, 3616 3639 21462 29427 34611
2375, 3611 10040 10627 14530 21482
10136, 1076 2442 8145 11767 13323
416, 350 1695 1730 2759 2953
14729, 7931 8181 14291 14535 15973
2026, 4972 7850 13142 16176 19095
14495, 11587 12187 14073 15143 16155
2548, 1617 1853 1969 2227 2336
2211, 344 722 2247 2623 5292
9229, 445 3431 3681 4262 6865
3519, 5612 8504 10262 11758 13305
13928, 12 146 775 1434 2068
11660, 10514 19478 25696 26117 28199
9556, 6537 17240 27294 30982 34157
3048, 1188 2100 2523 4347 5601
12100, 978 2219 4573 6751 6993
6357, 131 689 848 1124 1360
11065, 553 824 2522 3277 4173
6687, 11900 14707 24488 26743 27339
2765, 314 17380 20675 23867 25304
5018, 942 2569 3236 3245 3564
11510, 1447 6111 9577 10644 27650
4547, 1285 8754 14671 15816 22338
3287, 553 1543 2634 2928 3165
5962, 551 1306 2108 2911 3276
11692, 6193 12160 21691 22180 24452
6942, 3078 8788 11259 12182 13597
5649, 269 8504 10446 14118 17463
204, 2824 13281 17597 26360 27914
7747, 3640 21750 23650 31855 33392
13970, 49 114 146 252 499
5398, 4727 9429 17653 21330 27240
5233, 13284 15530 15599 19478 21296
8109, 293 1292 1819 3944 4315
11855, 871 1083 1543 3902 4416
9512, 669 740 845 2304 2567
6246, 49 5578 6353 9794 14366
1230, 8368 14686 17030 21812 28592
779, 12384 24342 24488 28688 30653
9534, 2049 2227 23949 25421 25938
11524, 3609 3954 4467 4468 4532
9583, 1576 4102 14669 17380 27241
2270, 711 2300 2390 6580 7253
11446, 1576 4234 6428 6829 7617
10205, 551 5138 7481 8156 9607
10592, 9047 13398 15086 23081 31668
13153, 775 6132 6595 9420 23756
14492, 54 505 535 2036 2781
7667, 445 562 1076 5128 7704
6866, 18 54 10568 14616 21913
6954, 909 1023 1596 1797 2073
5342, 1675 2556 3847 4346 8519
9648, 2554 3564 4038 5525 6436
15346, 4341 9902 12084 18077 20964
14581, 8187 10685 14583 16426 17881
3425, 3006 11210 11717 15086 19748
2924, 3511 3782 8268 17103 18512
12316, 4105 15629 19622 20620 22904
7113, 13534 15743 17815 18069 24109
4042, 58 129 233 418 420
10109, 54 75 962 1192 1836
7936, 2442 16098 17090 25506 32916
14235, 205 1688 3751 12463 17994
10448, 562 4646 9420 9796 10915
1774, 1048 1117 15500 15678 21362
693, 4105 6422 18060 22272 24021
534, 2712 7480 8394 10200 14101
1951, 912 3272 6627 11259 12313
1282, 5403 6701 7567 12479 13590
1065, 7032 9189 10300 12974 12996
8659, 5135 5633 6461 31383 32213
12075, 562 775 876 1574 2417
7465, 1456 4904 7967 15280 19956
5102, 600 9349 9942 14762 16142
11376, 1287 3265 3756 8500 8829
10248, 9613 10758 17266 22172 24813
1606, 4440 6871 7729 11707 16155
3894, 2151 2522 4328 4762 5227
12380, 17463 18389 19040 27425 29308
10794, 1436 2798 8327 8522 9770
10439, 1289 2143 5589 6627 6876
4009, 1447 6262 6773 19020 25568
14641, 3841 4861 6627 17934 19034
5922, 6111 6592 6773 8519 9420
11477, 76 107 786 960 1338
2002, 21221 22963 23222 28318 30464
3153, 9607 14715 16959 17529 20620
14794, 759 871 1360 1675 2381
13810, 1304 6592 6871 11259 11366
2682, 1080 1153 2070 2597 4800
12193, 2016 3979 6975 12042 16088
9504, 184 562 1141 1495 2143
7316, 184 2911 3270 9052 10546
1260, 909 1184 1810 2453 2556
9587, 194 424 579 912 1289
6438, 843 970 1306 1456 3216
1151, 14101 17881 19817 20250 20649
8770, 5138 9693 10850 12384 18168
12984, 14775 17573 17648 23374 26197
11572, 1656 2422 16554 20613 24335
13985, 3070 4688 11261 17207 23555
13044, 7031 12222 12564 13451 17748
13977, 180 3764 4752 5827 7659
6072, 145 434 807 1106 1109
12963, 133 1289 1721 5633 10200
6146, 6630 11579 15086 18791 19803
7953, 1762 3175 6259 19858 20168
6196, 5425 12502 12614 19573 23481
10748, 2192 4423 8274 11486 13237
12917, 1017 1353 2312 2572 3357
10947, 2858 2924 5926 6254 6708
10901, 7343 7733 9735 26951 28648
5855, 2320 2792 5632 7937 7967
3567, 2875 2944 10088 10717 13907
219, 387 617 909 1292 2451
6282, 4180 11253 11964 14366 16482
11375, 5949 9831 12348 15584 18830
15206, 2108 6871 11081 17696 18200
14846, 4373 23014 25515 27885 32916
6166, 7759 10059 13782 15917 16484
6654, 3456 6454 7130 13054 14076
9749, 4310 10134 12432 24809 24912
1282, 5403 6701 7567 12479 13590
2107, 530 573 637 1141 1264
3876, 5849 26473 29650 32117 32341
1137, 1397 2133 3656 8759 14636
5830, 133 753 9681 13701 15983
2372, 1556 6901 7157 8530 12417
2422, 8504 9178 21589 28207 28216
2144, 1436 2924 3436 5292 6627
9979, 4122 7923 10059 13782 22341
15160, 8496 16646 18117 23049 26605
9376, 9420 11688 18389 20939 23507
13924, 1469 4800 5312 21340 25493
11602, 2522 9630 11707 12564 16845
1798, 2958 3515 4444 5248 12340
13495, 350 2836 9987 11072 11505
3351, 717 1762 4700 6090 8717
5730, 6046 6699 13784 15697 22324
13924, 1469 4800 5312 21340 25493
9504, 184 562 1141 1495 2143
1875, 294 749 1083 1211 1805
10776, 2364 6953 7504 9045 9713
14243, 2464 2912 6542 15361 19363
2037, 3662 8027 11210 22620 23784
12292, 1073 3174 6461 26484 28036
4427, 553 1977 4423 9893 10860
12725, 505 579 909 1153 1209
9050, 559 4173 4546 6482 7001
6415, 8759 10672 13782 20262 27502
13773, 10514 11579 11592 11731 12005
2801, 1729 4020 5578 14480 23089
9460, 2731 3759 10452 11398 14174
5144, 3062 4259 6612 6773 7393
11694, 1632 1652 2320 6703 13884
5761, 10962 12354 13367 19725 19891
13182, 4244 6461 17152 25363 28059
5044, 11752 14629 18049 27287 27559
6741, 3974 5018 8933 13015 13489
7975, 4809 8549 15378 16527 23722
1111, 1399 7729 11161 13793 14152
3995, 6784 8004 9317 22154 29655
6941, 1076 1447 8519 11012 12354
5659, 5945 7597 10448 21945 29389
9849, 1456 1836 2227 4244 4896
8638, 269 2133 2134 3656 4949
8218, 2678 2817 3366 4258 4904
9272, 15623 21661 23326 30508 32308
3048, 1188 2100 2523 4347 5601
5357, 876 1209 1304 1456 3281
1654, 13142 15086 19022 27684 29781
7932, 3385 5469 8962 10402 14616
13084, 5676 8108 18013 20201 20898
10776, 2364 6953 7504 9045 9713
1162, 13061 14636 15687 25196 26104
5977, 418 2677 3245 4688 5058
2789, 58 2818 7592 12454 16272
12833, 76 2247 8027 9052 16345
5641, 266 1115 1448 2990 11579
1426, 2339 3865 5945 8609 9535
1240, 111 1759 8040 9324 10261
5335, 1289 9012 13502 17644 26762
2640, 5128 10672 14372 15625 16367
13773, 10514 11579 11592 11731 12005
8071, 4 753 875 918 1647
6179, 1873 8216 14101 14714 17152
9566, 42 3119 5707 6314 8488
13206, 6516 8536 17899 18053 23261
12687, 1076 3985 6204 7402 15086
6281, 1729 17585 20468 26491 31136
10125, 7373 9035 9300 14651 18546
2854, 12 637 1240 1272 1730
13731, 5446 7838 14598 19785 20910
533, 9630 10016 27335 27660 29502
9150, 16571 18966 22182 24488 28139
6239, 664 993 2143 3609 3928
3266, 5225 5578 15180 15917 17493
12220, 2898 3474 6343 8599 16753
6079, 6155 6871 7393 8216 12354
13832, 7759 10059 11648 15213 18468
1265, 7477 14143 14585 17215 22511
12187, 9148 9684 15195 17813 17982
2657, 1836 3431 3661 4180 4419
11974, 8846 11157 17583 18200 30904
13488, 4687 5227 11787 13593 14616
14512, 8426 13016 14357 16271 16425
1565, 2151 8549 14351 14629 17380
2332, 2561 3216 12409 18105 27610
13970, 49 114 146 252 499
1824, 2420 6732 8220 11623 22478
14441, 2921 4381 8189 13260 24639
9170, 2580 3431 5279 11781 12897
12988, 15762 16220 17221 18446 18588
8024, 9946 11717 12776 19837 23037
5940, 2623 13367 15732 19022 23188
1672, 1397 2522 6111 7501 8759
12482, 10200 21081 24327 25722 29692
4673, 876 5279 5292 6446 6699
1848, 20255 22075 29654 30131 35300
11659, 1259 3295 4495 4783 4814
6634, 2578 6699 9920 13323 19785
267, 4853 9222 17763 19478 22813
3016, 1659 4567 13925 19087 19426
855, 7498 8549 9735 13473 18546
7910, 445 1055 1289 1498 1531
3094, 2447 11631 12503 13067 13782
6775, 893 9897 14239 17389 18057
5625, 9516 9854 17541 18016 26867
12839, 1289 1436 1502 2440 2783
6347, 269 1853 2284 17730 18193
10947, 2858 2924 5926 6254 6708
2385, 4228 6547 9476 14899 25446
13125, 11259 16826 19748 27569 30360
1318, 2561 11505 17815 20955 23302
12662, 8590 10685 11275 11554 12313
6826, 7597 12841 15687 26401 28067
7216, 1428 2561 3077 3216 16013
12443, 4386 5578 6017 6314 7788
9433, 909 1611 4041 4578 4768
149, 4295 10488 11708 15973 23956
8658, 4410 4583 10200 12384 23467
13758, 13373 21798 27040 27943 32479
15007, 1456 3899 4187 9404 11554
6695, 52 7480 13260 26468 27343
10901, 7343 7733 9735 26951 28648
3281, 562 7021 7811 8488 9239
3736, 316 11694 12422 14367 15980
12353, 6892 10446 21099 23886 25209
14231, 6592 7585 9135 11109 17389
11376, 1287 3265 3756 8500 8829
2001, 2334 3515 9052 9535 11366
8995, 7903 9833 13130 13977 14697
10472, 9433 10485 10802 12160 15551
8566, 1097 2092 4228 5054 7360
12496, 4341 4426 4783 6461 9913
8863, 5578 6595 8504 17529 18719
14085, 1289 1547 2755 6440 10645
11755, 11366 13502 17463 18389 24512
9346, 3324 3974 4327 8035 9797
5266, 3049 8519 10354 12351 25554
8769, 9735 14644 17717 24838 27675
3680, 11512 14956 15142 22364 32030
10630, 689 1073 1303 1632 4039
3635, 1335 2041 2125 3137 3514
13935, 1085 2556 2612 3662 4102
3607, 1340 2911 3943 6254 7049
15159, 4310 10134 10663 22553 23213
12275, 121 3661 3974 5216 6461
9905, 1015 3254 4452 7559 7604
9818, 1080 1871 3431 16367 22814
14144, 1502 3276 4273 6014 6871
248, 8504 8519 15293 18546 21913
13828, 1012 12297 15442 22757 32393
7457, 3665 4814 8239 9214 11356
5398, 4727 9429 17653 21330 27240
7967, 562 4228 7824 7886 8145
14628, 2943 3342 8480 11108 11219
4217, 3821 6375 6829 14416 22634
9726, 612 15566 24118 25424 26951
2063, 5227 13125 16503 17463 22029
1411, 238 302 1068 1468 1778
4147, 2523 5058 8039 21263 24626
8853, 2042 10296 12642 14664 22458
441, 184 9730 18168 24512 25624
11287, 7619 8368 9577 11966 25307
3845, 5292 5722 9998 12540 24342
11867, 6595 6627 7597 7704 8156
1333, 2741 4970 5200 7972 18714
7996, 8759 24109 30117 34478 34743
11795, 2836 7498 11631 16825 17856
14472, 18 1057 1729 6892 7592
10209, 347 1900 3050 6552 8358
11917, 11366 12384 20011 21913 23030
3496, 12019 17239 25815 26432 27317
7195, 1757 2990 7480 9765 11846
9791, 1221 9987 19426 19858 26484
12574, 1397 2623 5225 9040 10059
401, 149 2051 3242 4197 5484
14495, 11587 12187 14073 15143 16155
11816, 626 7622 7625 13752 16584
6715, 228 1289 3077 4105 5926
7634, 1397 8061 11147 16787 21530
6189, 6461 11716 14423 18114 20356
5006, 1340 2579 6473 8394 9186
6530, 8108 8117 9341 9803 17791
8539, 7254 14302 18276 19762 29012
10175, 6473 9853 16090 16724 27497
3373, 569 818 13317 14849 16257
534, 2712 7480 8394 10200 14101
5814, 373 1272 2427 3989 4649
423, 1203 2071 2644 3841 4244
9558, 4543 4955 5349 9556 10963
7574, 3398 6314 6592 7451 10430
14533, 8559 10300 11041 11750 22546
10835, 5945 15279 16419 18768 18791
3543, 2041 9420 18200 19022 25363
12823, 2098 3434 3865 17157 20389
8017, 3790 6340 6352 7307 7775
7216, 1428 2561 3077 3216 16013
1041, 366 2019 2866 5227 10801
18, 14629 14669 14878 17107 17782
5291, 2120 11165 13478 19636 19654
13672, 11830 12221 16284 28213 28514
6033, 8536 12657 12944 16658 20589
2487, 7819 7928 9893 12029 30699
15093, 5128 9178 14239 14556 16124
5869, 559 562 579 909 1005
5738, 4731 7811 13368 15086 25876
5541, 1246 5957 17590 24668 30061
2204, 2244 10133 18415 22594 25464
5634, 7704 8426 15735 17389 25887
9819, 3924 9354 10685 13886 15452
4691, 5366 17657 17982 18200 19622
12353, 6892 10446 21099 23886 25209
10573, 1103 3150 3704 7195 7510
14168, 3841 11472 14734 15258 17936
4460, 1436 9913 27206 28030 29485
5064, 9704 11210 13797 14872 17140
12531, 269 942 1781 5425 7886
2801, 1729 4020 5578 14480 23089
5845, 2464 4295 7592 9577 10963
11138, 1304 3156 7421 7937 7948
2486, 2234 9035 12372 18562 21913
12337, 401 6014 15246 18717 19624
8218, 2678 2817 3366 4258 4904
7245, 19478 20608 23500 25150 28289
4460, 1436 9913 27206 28030 29485
1344, 184 5089 13701 18222 19073
11572, 1656 2422 16554 20613 24335
5634, 7704 8426 15735 17389 25887
12433, 1306 3899 6734 10200 11413
1490, 4833 4976 7498 8630 14738
6985, 6035 7819 18027 18692 21293
8503, 4279 4619 7480 14118 14556
4922, 3077 5222 7107 7465 7759
13195, 4 2187 6502 10546 11259
15288, 11080 17529 25421 25984 26606
8427, 2049 2164 3431 5578 6254
13241, 228 2080 3527 4893 7624
7388, 2775 5561 8723 12204 12805
9331, 114 1730 3281 5293 6122
7285, 18655 19072 19271 28688 30098
14428, 6999 7923 8099 12997 14414
10460, 1397 3704 5292 5361 7585
7748, 4922 16818 17723 18790 28814
3249, 2769 2972 3242 3680 4991
4942, 3298 8866 11253 26674 26842
9976, 986 1591 2143 2667 3599
14168, 3841 11472 14734 15258 17936
5814, 373 1272 2427 3989 4649
13870, 266 423 691 1149 1732
13645, 775 6343 16272 30653 33562
1132, 2143 4228 8496 14734 16902
5692, 5447 6363 7380 11846 12944
13212, 4228 8839 11758 19854 24930
12292, 1073 3174 6461 26484 28036
14361, 5961 6677 8828 21908 22787
11134, 6979 8884 13999 19462 24245
11491, 6493 12566 13947 26685 35894
6177, 6014 8519 8717 11035 13797
4388, 2227 2578 6021 15119 16662
9009, 18025 18970 19188 25938 28688
69, 10245 13931 14027 14388 14592
11416, 424 7593 8278 8284 13852
7362, 1836 7876 7931 9308 11922
4319, 9130 12229 13489 17256 19093
1963, 876 4787 4955 7393 8426
11666, 3439 8187 13011 21530 22530
5569, 2793 3519 6508 7585 12689
5296, 7161 15945 16826 23951 30286
11428, 228 1397 3436 7064 9893
8007, 12571 13009 15509 17546 30756
9217, 2614 10672 15086 16766 25382
13774, 10063 16048 17943 23500 27753
15346, 4341 9902 12084 18077 20964
1654, 13142 15086 19022 27684 29781
12473, 260 2912 3083 3532 3585
3005, 8235 9863 12669 16505 24716
14705, 2234 3980 4096 4441 8873
14473, 1306 2041 2049 3431 9074
14246, 75 149 4077 11458 12632
4197, 4228 5589 6363 8752 9420
14492, 54 505 535 2036 2781
7403, 5484 14739 16761 22188 30925
4141, 876 1076 2522 2911 8035
5987, 2514 7880 14852 19110 26889
2838, 13726 14457 22591 35308 36872
322, 4605 10672 14734 21116 23213
5859, 2971 4020 5279 7811 8187
8053, 445 2066 7290 9735 10412
6433, 1430 2580 2911 6237 9243
12273, 3077 9535 15971 16425 17782
10051, 2578 6502 7622 7811 30653
9117, 573 6476 10546 12034 17463
8769, 9735 14644 17717 24838 27675
11122, 603 6245 7086 8216 9684
6222, 3432 3661 9831 12019 13913
2707, 6616 11998 14823 18162 19578
14260, 5293 8848 15165 16716 20941
3754, 1709 8394 12454 12492 15037
4862, 6595 6699 6773 7592 8183
9530, 1836 8814 25413 26621 29219
10657, 18719 22215 23480 29650 31102
5335, 1289 9012 13502 17644 26762
10953, 2143 4814 11109 13061 13094
7310, 551 775 3302 6314 6782
8566, 1097 2092 4228 5054 7360
8727, 1306 5286 11435 17938 25243
7393, 3 6 32 100 194
2789, 58 2818 7592 12454 16272
15206, 2108 6871 11081 17696 18200
15373, 2300 4546 6592 7957 8784
11545, 994 10971 26534 30419 34926
7656, 2339 2756 3077 12264 24880
5830, 133 753 9681 13701 15983
13629, 4340 13643 16884 25984 30379
11446, 1576 4234 6428 6829 7617
14340, 5591 7280 12267 14932 23756
12817, 3707 5225 8205 12362 17381
7944, 2580 8669 8901 12318 13420
9807, 626 740 758 1177 1615
4207, 5819 20964 30312 34647 36869
14251, 1759 6108 7035 9170 16523
11735, 8472 11147 13142 15593 19156
6512, 166 3680 11754 16644 24843
11892, 723 2971 13889 14101 14796
6415, 8759 10672 13782 20262 27502
15264, 668 3515 5589 6627 7452
3281, 562 7021 7811 8488 9239
11246, 13473 18791 28102 29115 31144
2987, 1493 2234 3499 4894 5367
152, 867 909 938 976 1264
922, 1192 4444 10518 20985 25760
14356, 3077 3387 11754 15372 16826
3159, 6155 22982 26605 26846 28431
2174, 1461 1977 3249 5809 5898
4543, 3515 11219 15037 16409 19112
10125, 7373 9035 9300 14651 18546
4790, 6627 24639 25421 32260 34826
13007, 7597 8447 9635 13498 17815
7076, 2428 2793 4410 5198 7283
11361, 1447 1774 6643 11921 13201
3903, 11486 17323 20343 20745 23282
11634, 942 1447 3050 3598 5934
6363, 7168 8207 17911 22963 24495
3845, 5292 5722 9998 12540 24342
6853, 3505 5145 8599 9123 9635
8363, 759 970 1188 2108 2554
496, 5562 9338 15442 20992 21970
12757, 2696 4244 16356 18200 21406
6028, 10546 12102 17207 17815 21412
4955, 3156 3609 16955 22600 26131
1461, 392 7179 17611 23336 28121
2889, 7696 8720 19732 20065 21169
10068, 1363 1397 1495 1810 2143
9181, 1209 6284 8922 18577 19036
7560, 3937 7537 20559 26799 29162
3879, 4236 4558 6239 15491 16171
6182, 1415 3875 12994 13917 15662
9099, 2234 4373 10446 14372 19813
9583, 1576 4102 14669 17380 27241
6617, 5578 8145 9052 31254 35300
10616, 5572 8205 10546 13276 13885
6924, 2578 4785 7342 8810 16787
14632, 57 128 166 223 579
11360, 535 2284 7271 9893 10701
9938, 1397 1438 10448 14514 20827
10810, 4 29 91 627 1074
9587, 194 424 579 912 1289
1212, 7342 11042 14669 15973 17781
9430, 1057 11774 16730 17862 20569
12057, 344 345 1141 1397 1904
11064, 3647 4475 8117 8461 9173
12823, 2098 3434 3865 17157 20389
5814, 373 1272 2427 3989 4649
852, 344 1729 2108 4327 5945
4434, 2578 6461 9684 11556 20965
12134, 5156 6773 8216 28753 29848
14067, 49 6992 8199 9113 10126
3169, 9735 10915 12271 18222 22663
6445, 6461 7432 8035 8156 9735
2531, 9404 9415 21996 23240 31069
2360, 2892 6314 6478 7406 7415
11411, 2461 8035 16702 18944 26285
13041, 3958 9456 18200 19705 20063
13328, 876 3826 3958 4279 6801
14685, 1893 2068 4923 7014 7819
11621, 3281 7498 9930 17383 20941
13206, 6516 8536 17899 18053 23261
11107, 9074 18109 21108 26381 26868
6512, 166 3680 11754 16644 24843
6977, 690 3444 17266 19578 20647
18, 14629 14669 14878 17107 17782
197, 1138 2697 8573 10200 12997
5974, 269 1153 1306 1447 2447
7497, 5258 5391 5650 9605 10952
8539, 7254 14302 18276 19762 29012
14810, 3216 5292 12362 15213 16747
5597, 10200 12362 13886 14841 15417
14541, 3759 5002 5889 6014 6997
6541, 7301 13464 19338 23514 25502
7269, 759 960 1141 2911 5111
12353, 6892 10446 21099 23886 25209
13402, 3456 3499 4976 10200 11012
3647, 194 473 1498 2447 2836
12531, 269 942 1781 5425 7886
292, 5819 8027 8108 17529 18260
3929, 4070 4879 7675 15052 16106
13338, 1759 2817 3077 3366 11141
5986, 2559 3438 8336 10837 11683
11935, 12384 16409 16571 20264 24851
6373, 543 7336 9787 12594 16260
2231, 852 945 1053 1488 1617
5524, 3431 5149 6319 9415 10158
7680, 7520 7921 16141 19991 26276
13256, 2049 3435 4833 6461 7292
12206, 3456 6087 7243 8962 12812
2144, 1436 2924 3436 5292 6627
5182, 3456 16505 16825 20635 28715
2789, 58 2818 7592 12454 16272
3268, 505 2417 2634 6330 6374
9157, 1460 1729 6461 8939 10701
9467, 3453 11261 12866 18220 22002
11095, 3946 8864 10677 13607 16014
11716, 14701 14912 22338 29389 33755
10188, 6627 7580 8426 22002 27686
18, 14629 14669 14878 17107 17782
5870, 2078 5320 10649 11757 19969
8178, 3213 3680 4100 5697 6773
6166, 7759 10059 13782 15917 16484
3284, 4228 6595 8504 9420 11872
9937, 1149 2133 5850 9730 15293
11872, 427 3004 5193 7088 9385
10098, 45 1001 1102 1259 1508
13045, 2709 2978 13307 13510 16516
1325, 2566 7353 8999 14960 16510
9401, 1678 7592 7595 9047 14101
15284, 3186 3662 19798 21765 22211
1385, 598 2612 8109 20933 23167
13573, 1729 2561 3751 4105 6552
7160, 1412 1518 8359 14804 15222
15346, 4341 9902 12084 18077 20964
9012, 4 2050 2523 3992 4605
9726, 612 15566 24118 25424 26951
6538, 7967 11016 14720 16741 32159
5357, 876 1209 1304 1456 3281
2662, 6990 9018 11542 11828 12271
14472, 18 1057 1729 6892 7592
10994, 469 16400 18321 19132 24435
9749, 4310 10134 12432 24809 24912
11095, 3946 8864 10677 13607 16014
5296, 7161 15945 16826 23951 30286
7122, 5834 8758 11581 12806 16830
5872, 1447 2227 5993 7579 11631
14464, 14709 17198 17207 19036 25382
2677, 7657 10514 16958 18167 24345
523, 1192 2911 13361 23777 26372
11788, 2708 13094 14705 16256 20699
10487, 154 2070 3826 3937 5834
751, 6314 8187 10300 11448 20501
12961, 75 339 472 505 786
7747, 3640 21750 23650 31855 33392
10948, 6334 8361 12866 17676 25421
10523, 3216 5360 12264 16571 17380
4340, 2677 5575 6773 8411 12102
1467, 373 1318 1442 2583 2860
5715, 269 2743 3457 5352 6182
4925, 3435 5233 5763 6044 10200
10917, 5945 9035 10179 16153 20757
10109, 54 75 962 1192 1836
2416, 1993 4088 5013 6031 8795
1313, 2911 8548 8978 9978 11315
9278, 603 826 991 18546 25172
6051, 1289 2080 5676 5926 9626
